external_directory_id,locz_pincode_code,pincode,pincode_confidence,pincode_method,display_name,resolved_name,slug,business_type,category,subcategory,description,public_phone,phone_line_type,whatsapp_available,public_email,website,address_line_1,address_line_2,locality,mandal,city,district,state,country,latitude,longitude,location_accuracy,opening_hours,source_type,source_name,source_record_id,source_url,licence_name,attribution_text,confidence_score,completeness_score,freshness_score,tier,claim_status,verification_status,publication_type,products_disabled,offers_disabled,reviews_disabled,owner_contact_unconfirmed,last_seen_at
osm:n10171328863,500081,500081,0.8,nearest_named_place,Fresh Vegtables,Fresh Vegtables,,RETAIL_STORE,agricultural-supplies,farm-supplies,,,,,,,,,Ayyappa Society Colony,,,Hyderabad,Telangana,IN,17.4516288,78.3917055,exact_storefront,,osm,OpenStreetMap — India extract (Geofabrik),node/10171328863,https://www.openstreetmap.org/node/10171328863,ODbL-1.0,© OpenStreetMap contributors,53,45,0,LOCATABLE,unclaimed,unverified,directory_listing,True,True,True,True,2026-08-01 19:20:48.106340+05:30
osm:w190882820,500081,500081,0.8,nearest_named_place,Vasant Motors,Vasant Motors,,RETAIL_STORE,automobile-services,car-dealer,,,,,,,,,Kavuri Hills,,,Hyderabad,Telangana,IN,17.4398338,78.398192,building,,osm,OpenStreetMap — India extract (Geofabrik),way/190882820,https://www.openstreetmap.org/way/190882820,ODbL-1.0,© OpenStreetMap contributors,58,45,0,LOCATABLE,unclaimed,unverified,directory_listing,True,True,True,True,2026-08-01 19:11:00.412400+05:30
osm:w751806011,500081,500081,0.8,nearest_named_place,Car Trade,Car Trade,,RETAIL_STORE,automobile-services,car-dealer,,,,,,,,,Madhapur,,,Hyderabad,Telangana,IN,17.4438808,78.3933523,building,,osm,OpenStreetMap — India extract (Geofabrik),way/751806011,https://www.openstreetmap.org/way/751806011,ODbL-1.0,© OpenStreetMap contributors,58,45,0,LOCATABLE,unclaimed,unverified,directory_listing,True,True,True,True,2026-08-01 19:11:00.412400+05:30
osm:w752902852,500081,500081,0.8,nearest_named_place,Luxury Ridez,Luxury Ridez,,RETAIL_STORE,automobile-services,car-dealer,,,,,,,,,CBI Colony,,,Hyderabad,Telangana,IN,17.4362105,78.4001431,building,,osm,OpenStreetMap — India extract (Geofabrik),way/752902852,https://www.openstreetmap.org/way/752902852,ODbL-1.0,© OpenStreetMap contributors,58,45,0,LOCATABLE,unclaimed,unverified,directory_listing,True,True,True,True,2026-08-01 19:11:00.412400+05:30
osm:n6191414058,500081,500081,0.8,nearest_named_place,Mahavir ISUZU,Mahavir ISUZU,,RETAIL_STORE,automobile-services,car-dealer,,,,,,,,,Madhapur,,,Hyderabad,Telangana,IN,17.4414656,78.3880062,exact_storefront,,osm,OpenStreetMap — India extract (Geofabrik),node/6191414058,https://www.openstreetmap.org/node/6191414058,ODbL-1.0,© OpenStreetMap contributors,53,45,0,LOCATABLE,unclaimed,unverified,directory_listing,True,True,True,True,2026-08-01 19:11:00.412400+05:30
osm:n6000220779,500081,500081,0.8,nearest_named_place,NEXA Maruti Suzuki,NEXA Maruti Suzuki,,RETAIL_STORE,automobile-services,car-dealer,,,,,,,,,Kavuri Hills,,,Hyderabad,Telangana,IN,17.4394023,78.3985144,exact_storefront,,osm,OpenStreetMap — India extract (Geofabrik),node/6000220779,https://www.openstreetmap.org/node/6000220779,ODbL-1.0,© OpenStreetMap contributors,53,45,0,LOCATABLE,unclaimed,unverified,directory_listing,True,True,True,True,2026-08-01 19:11:00.412400+05:30
osm:n7043475215,500081,500081,0.8,nearest_named_place,The Car Choice Pre Owned Cars,The Car Choice Pre Owned Cars,,RETAIL_STORE,automobile-services,car-dealer,,,,,,,,,Ayyappa Society Colony,,,Hyderabad,Telangana,IN,17.4459476,78.3942492,exact_storefront,,osm,OpenStreetMap — India extract (Geofabrik),node/7043475215,https://www.openstreetmap.org/node/7043475215,ODbL-1.0,© OpenStreetMap contributors,53,45,0,LOCATABLE,unclaimed,unverified,directory_listing,True,True,True,True,2026-08-01 19:11:00.412400+05:30
osm:n7025820912,500081,500081,0.8,nearest_named_place,Mahavir Isuzu Showroom,Mahavir Isuzu Showroom,,RETAIL_STORE,automobile-services,car-dealer,,,,,,,,,Madhapur,,,Hyderabad,Telangana,IN,17.4413779,78.3882527,exact_storefront,,osm,OpenStreetMap — India extract (Geofabrik),node/7025820912,https://www.openstreetmap.org/node/7025820912,ODbL-1.0,© OpenStreetMap contributors,53,45,0,LOCATABLE,unclaimed,unverified,directory_listing,True,True,True,True,2026-08-01 19:11:00.412400+05:30
osm:n6248946493,500081,500081,0.8,nearest_named_place,Ur. Care,Ur. Care,,SERVICE_PROVIDER,automobile-services,car-rental,,,,,,,,,Kavuri Hills,,,Hyderabad,Telangana,IN,17.442261,78.3956725,exact_storefront,,osm,OpenStreetMap — India extract (Geofabrik),node/6248946493,https://www.openstreetmap.org/node/6248946493,ODbL-1.0,© OpenStreetMap contributors,53,45,0,LOCATABLE,unclaimed,unverified,directory_listing,True,True,True,True,2026-08-01 19:11:00.412400+05:30
osm:n7037959211,500081,500081,0.8,nearest_named_place,Auto Vault,Auto Vault,,RETAIL_STORE,automobile-services,car-dealer,,,,,,,,,Madhapur,,,Hyderabad,Telangana,IN,17.444395,78.3937356,exact_storefront,,osm,OpenStreetMap — India extract (Geofabrik),node/7037959211,https://www.openstreetmap.org/node/7037959211,ODbL-1.0,© OpenStreetMap contributors,53,45,0,LOCATABLE,unclaimed,unverified,directory_listing,True,True,True,True,2026-08-01 19:11:00.412400+05:30
osm:n6261444585,500081,500081,0.8,nearest_named_place,Mohan Motors,Mohan Motors,,RETAIL_STORE,automobile-services,car-dealer,,,,,,,,,Ayyappa Society Colony,,,Hyderabad,Telangana,IN,17.4474679,78.394794,exact_storefront,,osm,OpenStreetMap — India extract (Geofabrik),node/6261444585,https://www.openstreetmap.org/node/6261444585,ODbL-1.0,© OpenStreetMap contributors,53,45,0,LOCATABLE,unclaimed,unverified,directory_listing,True,True,True,True,2026-08-01 19:11:00.412400+05:30
osm:n5942783242,500081,500081,0.8,nearest_named_place,Pride Honda,Pride Honda,,RETAIL_STORE,automobile-services,car-dealer,,,,,,,,,Vittal Rao Nagar,,,Hyderabad,Telangana,IN,17.4457746,78.3850517,exact_storefront,,osm,OpenStreetMap — India extract (Geofabrik),node/5942783242,https://www.openstreetmap.org/node/5942783242,ODbL-1.0,© OpenStreetMap contributors,53,45,0,LOCATABLE,unclaimed,unverified,directory_listing,True,True,True,True,2026-08-01 19:11:00.412400+05:30
osm:n8710528534,500081,500081,0.8,nearest_named_place,Audi,Audi,,RETAIL_STORE,automobile-services,car-dealer,,,,,,,,,Vittal Rao Nagar,,,Hyderabad,Telangana,IN,17.4454857,78.385347,exact_storefront,,osm,OpenStreetMap — India extract (Geofabrik),node/8710528534,https://www.openstreetmap.org/node/8710528534,ODbL-1.0,© OpenStreetMap contributors,53,45,60,LOCATABLE,unclaimed,unverified,directory_listing,True,True,True,True,2026-08-01 19:11:00.412400+05:30
osm:n6261435885,500081,500081,0.8,nearest_named_place,Mitsubishi Motors,Mitsubishi Motors,,RETAIL_STORE,automobile-services,car-dealer,,,,,,,,,Kavuri Hills,,,Hyderabad,Telangana,IN,17.4373455,78.3999646,exact_storefront,,osm,OpenStreetMap — India extract (Geofabrik),node/6261435885,https://www.openstreetmap.org/node/6261435885,ODbL-1.0,© OpenStreetMap contributors,53,45,60,LOCATABLE,unclaimed,unverified,directory_listing,True,True,True,True,2026-08-01 19:11:00.412400+05:30
osm:n7037959220,500081,500081,0.8,nearest_named_place,Sri Vaishnavi Cars,Sri Vaishnavi Cars,,RETAIL_STORE,automobile-services,car-dealer,,,,,,,,,Madhapur,,,Hyderabad,Telangana,IN,17.4448422,78.3939207,exact_storefront,,osm,OpenStreetMap — India extract (Geofabrik),node/7037959220,https://www.openstreetmap.org/node/7037959220,ODbL-1.0,© OpenStreetMap contributors,53,45,0,LOCATABLE,unclaimed,unverified,directory_listing,True,True,True,True,2026-08-01 19:11:00.412400+05:30
osm:n1365120469,500081,500081,0.8,nearest_named_place,Mercedes Benz Showroom,Mercedes Benz Showroom,,RETAIL_STORE,automobile-services,car-dealer,,,,,,,,,Kavuri Hills,,,Hyderabad,Telangana,IN,17.4390375,78.3962896,exact_storefront,,osm,OpenStreetMap — India extract (Geofabrik),node/1365120469,https://www.openstreetmap.org/node/1365120469,ODbL-1.0,© OpenStreetMap contributors,53,45,60,LOCATABLE,unclaimed,unverified,directory_listing,True,True,True,True,2026-08-01 19:11:00.412400+05:30
osm:n7043475239,500081,500081,0.8,nearest_named_place,Carz,Carz,,RETAIL_STORE,automobile-services,car-dealer,,,,,,,,,Ayyappa Society Colony,,,Hyderabad,Telangana,IN,17.4495325,78.3954006,exact_storefront,,osm,OpenStreetMap — India extract (Geofabrik),node/7043475239,https://www.openstreetmap.org/node/7043475239,ODbL-1.0,© OpenStreetMap contributors,53,45,0,LOCATABLE,unclaimed,unverified,directory_listing,True,True,True,True,2026-08-01 19:11:00.412400+05:30
osm:n7043475230,500081,500081,0.8,nearest_named_place,Truvic Cars,Truvic Cars,,RETAIL_STORE,automobile-services,car-dealer,,,,,,,,,Ayyappa Society Colony,,,Hyderabad,Telangana,IN,17.4492561,78.3954207,exact_storefront,,osm,OpenStreetMap — India extract (Geofabrik),node/7043475230,https://www.openstreetmap.org/node/7043475230,ODbL-1.0,© OpenStreetMap contributors,53,45,0,LOCATABLE,unclaimed,unverified,directory_listing,True,True,True,True,2026-08-01 19:11:00.412400+05:30
osm:n7037959234,500081,500081,0.8,nearest_named_place,Ashoka Motors,Ashoka Motors,,RETAIL_STORE,automobile-services,car-dealer,,,,,,,,,Ayyappa Society Colony,,,Hyderabad,Telangana,IN,17.4482121,78.3956185,exact_storefront,,osm,OpenStreetMap — India extract (Geofabrik),node/7037959234,https://www.openstreetmap.org/node/7037959234,ODbL-1.0,© OpenStreetMap contributors,53,45,0,LOCATABLE,unclaimed,unverified,directory_listing,True,True,True,True,2026-08-01 19:11:00.412400+05:30
osm:n6275488987,500081,500081,0.8,nearest_named_place,Buddy Cars,Buddy Cars,,RETAIL_STORE,automobile-services,car-dealer,,,,,,,,,Madhapur,,,Hyderabad,Telangana,IN,17.4429966,78.3950371,exact_storefront,,osm,OpenStreetMap — India extract (Geofabrik),node/6275488987,https://www.openstreetmap.org/node/6275488987,ODbL-1.0,© OpenStreetMap contributors,53,45,0,LOCATABLE,unclaimed,unverified,directory_listing,True,True,True,True,2026-08-01 19:11:00.412400+05:30
osm:n7043475240,500081,500081,0.8,nearest_named_place,Legend Motors,Legend Motors,,RETAIL_STORE,automobile-services,car-dealer,,,,,,,,,Ayyappa Society Colony,,,Hyderabad,Telangana,IN,17.4500456,78.395359,exact_storefront,,osm,OpenStreetMap — India extract (Geofabrik),node/7043475240,https://www.openstreetmap.org/node/7043475240,ODbL-1.0,© OpenStreetMap contributors,53,45,33,LOCATABLE,unclaimed,unverified,directory_listing,True,True,True,True,2026-08-01 19:11:00.412400+05:30
osm:n7027817042,500081,500081,0.8,nearest_named_place,Orion Motors,Orion Motors,,RETAIL_STORE,automobile-services,car-dealer,,,,,,,,,Guttala Begumpet,,,Hyderabad,Telangana,IN,17.446769,78.4004639,exact_storefront,,osm,OpenStreetMap — India extract (Geofabrik),node/7027817042,https://www.openstreetmap.org/node/7027817042,ODbL-1.0,© OpenStreetMap contributors,53,45,0,LOCATABLE,unclaimed,unverified,directory_listing,True,True,True,True,2026-08-01 19:11:00.412400+05:30
osm:n6259475086,500081,500081,0.8,nearest_named_place,Car Timez,Car Timez,,RETAIL_STORE,automobile-services,car-dealer,,,,,,,,,Madhapur,,,Hyderabad,Telangana,IN,17.4426858,78.3947807,exact_storefront,,osm,OpenStreetMap — India extract (Geofabrik),node/6259475086,https://www.openstreetmap.org/node/6259475086,ODbL-1.0,© OpenStreetMap contributors,53,45,0,LOCATABLE,unclaimed,unverified,directory_listing,True,True,True,True,2026-08-01 19:11:00.412400+05:30
osm:n7248877415,500081,500081,0.8,nearest_named_place,Karachi bakery,Karachi bakery,,FOOD_SERVICE,bakeries-and-sweets,bakery,,,,,,,Hitec City Road,,Vittal Rao Nagar,,Hyderabad,Hyderabad,Telangana,IN,17.4415728,78.3768334,exact_storefront,,osm,OpenStreetMap — India extract (Geofabrik),node/7248877415,https://www.openstreetmap.org/node/7248877415,ODbL-1.0,© OpenStreetMap contributors,63,60,0,LOCATABLE,unclaimed,unverified,directory_listing,True,True,True,True,2026-08-01 19:11:00.412400+05:30
osm:n6257487585,500081,500081,0.8,nearest_named_place,Velanki Foods,Velanki Foods,,FOOD_SERVICE,bakeries-and-sweets,sweets,,,,,,,,,Kavuri Hills,,,Hyderabad,Telangana,IN,17.4399509,78.3978501,exact_storefront,,osm,OpenStreetMap — India extract (Geofabrik),node/6257487585,https://www.openstreetmap.org/node/6257487585,ODbL-1.0,© OpenStreetMap contributors,53,45,0,LOCATABLE,unclaimed,unverified,directory_listing,True,True,True,True,2026-08-01 19:11:00.412400+05:30
osm:n6191414043,500081,500081,0.8,nearest_named_place,Keshav Reddy Sweets,Keshav Reddy Sweets,,FOOD_SERVICE,bakeries-and-sweets,bakery,,,,,,,,,Vittal Rao Nagar,,,Hyderabad,Telangana,IN,17.4434527,78.3871634,exact_storefront,,osm,OpenStreetMap — India extract (Geofabrik),node/6191414043,https://www.openstreetmap.org/node/6191414043,ODbL-1.0,© OpenStreetMap contributors,53,45,0,LOCATABLE,unclaimed,unverified,directory_listing,True,True,True,True,2026-08-01 19:11:00.412400+05:30
osm:n6248948386,500081,500081,0.8,nearest_named_place,Ironhill Roastery,Ironhill Roastery,,FOOD_SERVICE,bakeries-and-sweets,bakery,,,,,,,,,Kavuri Hills,,,Hyderabad,Telangana,IN,17.4384127,78.3993212,exact_storefront,,osm,OpenStreetMap — India extract (Geofabrik),node/6248948386,https://www.openstreetmap.org/node/6248948386,ODbL-1.0,© OpenStreetMap contributors,53,45,0,LOCATABLE,unclaimed,unverified,directory_listing,True,True,True,True,2026-08-01 19:11:00.412400+05:30
osm:n7035151536,500081,500081,0.8,nearest_named_place,Pulla Reddy Sweets,Pulla Reddy Sweets,,FOOD_SERVICE,bakeries-and-sweets,sweets,,,,,,,,,Madhapur,,,Hyderabad,Telangana,IN,17.4410032,78.3897093,exact_storefront,,osm,OpenStreetMap — India extract (Geofabrik),node/7035151536,https://www.openstreetmap.org/node/7035151536,ODbL-1.0,© OpenStreetMap contributors,53,45,0,LOCATABLE,unclaimed,unverified,directory_listing,True,True,True,True,2026-08-01 19:11:00.412400+05:30
osm:n6246439586,500081,500081,0.8,nearest_named_place,Mid Land,Mid Land,,FOOD_SERVICE,bakeries-and-sweets,bakery,,,,,,,,,Ayyappa Society Colony,,,Hyderabad,Telangana,IN,17.4517083,78.3917913,exact_storefront,,osm,OpenStreetMap — India extract (Geofabrik),node/6246439586,https://www.openstreetmap.org/node/6246439586,ODbL-1.0,© OpenStreetMap contributors,53,45,0,LOCATABLE,unclaimed,unverified,directory_listing,True,True,True,True,2026-08-01 19:11:00.412400+05:30
osm:n7021286959,500081,500081,0.8,nearest_named_place,New York Tavern,New York Tavern,,FOOD_SERVICE,bakeries-and-sweets,sweets,,,,,,,,,Vittal Rao Nagar,,,Hyderabad,Telangana,IN,17.4457768,78.3844176,exact_storefront,,osm,OpenStreetMap — India extract (Geofabrik),node/7021286959,https://www.openstreetmap.org/node/7021286959,ODbL-1.0,© OpenStreetMap contributors,53,45,0,LOCATABLE,unclaimed,unverified,directory_listing,True,True,True,True,2026-08-01 19:11:00.412400+05:30
osm:n5966849986,500081,500081,0.8,nearest_named_place,Treat Time Bakers,Treat Time Bakers,,FOOD_SERVICE,bakeries-and-sweets,bakery,,,,,,,,,Vittal Rao Nagar,,,Hyderabad,Telangana,IN,17.4447778,78.3876968,exact_storefront,,osm,OpenStreetMap — India extract (Geofabrik),node/5966849986,https://www.openstreetmap.org/node/5966849986,ODbL-1.0,© OpenStreetMap contributors,53,45,0,LOCATABLE,unclaimed,unverified,directory_listing,True,True,True,True,2026-08-01 19:11:00.412400+05:30
osm:n6259451487,500081,500081,0.8,nearest_named_place,Bakers Kraft,Bakers Kraft,,FOOD_SERVICE,bakeries-and-sweets,bakery,,,,,,,,,Kavuri Hills,,,Hyderabad,Telangana,IN,17.4396521,78.3979836,exact_storefront,,osm,OpenStreetMap — India extract (Geofabrik),node/6259451487,https://www.openstreetmap.org/node/6259451487,ODbL-1.0,© OpenStreetMap contributors,53,45,0,LOCATABLE,unclaimed,unverified,directory_listing,True,True,True,True,2026-08-01 19:11:00.412400+05:30
osm:n7025820872,500081,500081,0.8,nearest_named_place,Sri Hari Hara Sweets,Sri Hari Hara Sweets,,FOOD_SERVICE,bakeries-and-sweets,bakery,,,,,,,,,Madhapur,,,Hyderabad,Telangana,IN,17.4406288,78.3930501,exact_storefront,,osm,OpenStreetMap — India extract (Geofabrik),node/7025820872,https://www.openstreetmap.org/node/7025820872,ODbL-1.0,© OpenStreetMap contributors,53,45,0,LOCATABLE,unclaimed,unverified,directory_listing,True,True,True,True,2026-08-01 19:11:00.412400+05:30
osm:n6248948387,500081,500081,0.8,nearest_named_place,Belgian Waffle,Belgian Waffle,,FOOD_SERVICE,bakeries-and-sweets,bakery,,,,,,,,,Kavuri Hills,,,Hyderabad,Telangana,IN,17.438454,78.3992859,exact_storefront,,osm,OpenStreetMap — India extract (Geofabrik),node/6248948387,https://www.openstreetmap.org/node/6248948387,ODbL-1.0,© OpenStreetMap contributors,53,45,0,LOCATABLE,unclaimed,unverified,directory_listing,True,True,True,True,2026-08-01 19:11:00.412400+05:30
osm:n7021303717,500081,500081,0.8,nearest_named_place,Fresh Loaf,Fresh Loaf,,FOOD_SERVICE,bakeries-and-sweets,bakery,,,,,,,,,Madhapur,,,Hyderabad,Telangana,IN,17.4378611,78.388309,exact_storefront,,osm,OpenStreetMap — India extract (Geofabrik),node/7021303717,https://www.openstreetmap.org/node/7021303717,ODbL-1.0,© OpenStreetMap contributors,53,45,0,LOCATABLE,unclaimed,unverified,directory_listing,True,True,True,True,2026-08-01 19:11:00.412400+05:30
osm:n6178998485,500081,500081,0.97,exact_source_pincode,Himalaya,Himalaya,,RETAIL_STORE,beauty-and-wellness,cosmetics-store,,+914040257788,landline,,,https://www.himalayawellness.com,# 1-43/1 Madhapur Main Road,,Madhapur,,,Hyderabad,Telangana,IN,17.4411015,78.3886407,exact_storefront,Mo-Su 10:00-21:00,osm,OpenStreetMap — India extract (Geofabrik),node/6178998485,https://www.openstreetmap.org/node/6178998485,ODbL-1.0,© OpenStreetMap contributors,90,100,0,CONTACTABLE,unclaimed,unverified,directory_listing,True,True,True,True,2026-08-01 19:11:00.412400+05:30
osm:n6291085285,500081,500081,0.97,exact_source_pincode,SK Beauty Parlour,SK Beauty Parlour,,RETAIL_STORE,beauty-and-wellness,cosmetics-store,,,,,,,,,Madhapur,,,Hyderabad,Telangana,IN,17.4428846,78.39128,exact_storefront,,osm,OpenStreetMap — India extract (Geofabrik),node/6291085285,https://www.openstreetmap.org/node/6291085285,ODbL-1.0,© OpenStreetMap contributors,60,45,0,LOCATABLE,unclaimed,unverified,directory_listing,True,True,True,True,2026-08-01 19:11:00.412400+05:30
osm:n7021286960,500081,500081,0.8,nearest_named_place,Mane's the Salon,Mane's the Salon,,SERVICE_PROVIDER,beauty-and-wellness,beauty-parlour,,,,,,,,,Vittal Rao Nagar,,,Hyderabad,Telangana,IN,17.4450271,78.385693,exact_storefront,,osm,OpenStreetMap — India extract (Geofabrik),node/7021286960,https://www.openstreetmap.org/node/7021286960,ODbL-1.0,© OpenStreetMap contributors,53,45,0,LOCATABLE,unclaimed,unverified,directory_listing,True,True,True,True,2026-08-01 19:11:00.412400+05:30
osm:n7025820843,500081,500081,0.8,nearest_named_place,Fit Republic,Fit Republic,,SERVICE_PROVIDER,beauty-and-wellness,gym,,,,,,,,,Kavuri Hills,,,Hyderabad,Telangana,IN,17.4366632,78.3957183,exact_storefront,,osm,OpenStreetMap — India extract (Geofabrik),node/7025820843,https://www.openstreetmap.org/node/7025820843,ODbL-1.0,© OpenStreetMap contributors,53,45,0,LOCATABLE,unclaimed,unverified,directory_listing,True,True,True,True,2026-08-01 19:11:00.412400+05:30
osm:n5942783248,500081,500081,0.8,nearest_named_place,Jawed Habib,Jawed Habib,,RETAIL_STORE,beauty-and-wellness,cosmetics-store,,,,,,,,,Vittal Rao Nagar,,,Hyderabad,Telangana,IN,17.4459967,78.3861353,exact_storefront,,osm,OpenStreetMap — India extract (Geofabrik),node/5942783248,https://www.openstreetmap.org/node/5942783248,ODbL-1.0,© OpenStreetMap contributors,53,45,0,LOCATABLE,unclaimed,unverified,directory_listing,True,True,True,True,2026-08-01 19:11:00.412400+05:30
osm:n5942781130,500081,500081,0.8,nearest_named_place,Naturals,Naturals,,SERVICE_PROVIDER,beauty-and-wellness,beauty-parlour,,,,,,,,,Vittal Rao Nagar,,,Hyderabad,Telangana,IN,17.4466607,78.3842841,exact_storefront,,osm,OpenStreetMap — India extract (Geofabrik),node/5942781130,https://www.openstreetmap.org/node/5942781130,ODbL-1.0,© OpenStreetMap contributors,53,45,60,LOCATABLE,unclaimed,unverified,directory_listing,True,True,True,True,2026-08-01 19:11:00.412400+05:30
osm:n6261444485,500081,500081,0.8,nearest_named_place,cult.fit,cult.fit,,SERVICE_PROVIDER,beauty-and-wellness,gym,,,,,,,,,Kavuri Hills,,,Hyderabad,Telangana,IN,17.4382015,78.3982341,exact_storefront,,osm,OpenStreetMap — India extract (Geofabrik),node/6261444485,https://www.openstreetmap.org/node/6261444485,ODbL-1.0,© OpenStreetMap contributors,53,45,60,LOCATABLE,unclaimed,unverified,directory_listing,True,True,True,True,2026-08-01 19:11:00.412400+05:30
osm:n6191414044,500081,500081,0.8,nearest_named_place,Krish's Fitness,Krish's Fitness,,SERVICE_PROVIDER,beauty-and-wellness,gym,,,,,,,,,Vittal Rao Nagar,,,Hyderabad,Telangana,IN,17.4431239,78.3872849,exact_storefront,,osm,OpenStreetMap — India extract (Geofabrik),node/6191414044,https://www.openstreetmap.org/node/6191414044,ODbL-1.0,© OpenStreetMap contributors,53,45,0,LOCATABLE,unclaimed,unverified,directory_listing,True,True,True,True,2026-08-01 19:11:00.412400+05:30
osm:n7025820749,500081,500081,0.8,nearest_named_place,Potens Fitness,Potens Fitness,,SERVICE_PROVIDER,beauty-and-wellness,gym,,,,,,,,,Madhapur,,,Hyderabad,Telangana,IN,17.4356539,78.3880758,exact_storefront,,osm,OpenStreetMap — India extract (Geofabrik),node/7025820749,https://www.openstreetmap.org/node/7025820749,ODbL-1.0,© OpenStreetMap contributors,53,45,0,LOCATABLE,unclaimed,unverified,directory_listing,True,True,True,True,2026-08-01 19:11:00.412400+05:30
osm:n5942781131,500081,500081,0.8,nearest_named_place,Fit Dock,Fit Dock,,SERVICE_PROVIDER,beauty-and-wellness,gym,,,,,,,,,Vittal Rao Nagar,,,Hyderabad,Telangana,IN,17.4465226,78.3842658,exact_storefront,,osm,OpenStreetMap — India extract (Geofabrik),node/5942781131,https://www.openstreetmap.org/node/5942781131,ODbL-1.0,© OpenStreetMap contributors,53,45,0,LOCATABLE,unclaimed,unverified,directory_listing,True,True,True,True,2026-08-01 19:11:00.412400+05:30
osm:n5942740805,500081,500081,0.8,nearest_named_place,Lakmé,Lakmé,,RETAIL_STORE,beauty-and-wellness,cosmetics-store,,,,,,,,,Vittal Rao Nagar,,,Hyderabad,Telangana,IN,17.4465491,78.3843524,exact_storefront,,osm,OpenStreetMap — India extract (Geofabrik),node/5942740805,https://www.openstreetmap.org/node/5942740805,ODbL-1.0,© OpenStreetMap contributors,53,45,60,LOCATABLE,unclaimed,unverified,directory_listing,True,True,True,True,2026-08-01 19:11:00.412400+05:30
osm:n7025820924,500081,500081,0.8,nearest_named_place,Sapta Spa,Sapta Spa,,SERVICE_PROVIDER,beauty-and-wellness,beauty-parlour,,,,,,,,,Vittal Rao Nagar,,,Hyderabad,Telangana,IN,17.4415021,78.387912,exact_storefront,,osm,OpenStreetMap — India extract (Geofabrik),node/7025820924,https://www.openstreetmap.org/node/7025820924,ODbL-1.0,© OpenStreetMap contributors,53,45,0,LOCATABLE,unclaimed,unverified,directory_listing,True,True,True,True,2026-08-01 19:11:00.412400+05:30
osm:n6275488988,500081,500081,0.8,nearest_named_place,The Glamour Lounge,The Glamour Lounge,,RETAIL_STORE,beauty-and-wellness,cosmetics-store,,,,,,,,,Kavuri Hills,,,Hyderabad,Telangana,IN,17.4408879,78.3979253,exact_storefront,,osm,OpenStreetMap — India extract (Geofabrik),node/6275488988,https://www.openstreetmap.org/node/6275488988,ODbL-1.0,© OpenStreetMap contributors,53,45,0,LOCATABLE,unclaimed,unverified,directory_listing,True,True,True,True,2026-08-01 19:11:00.412400+05:30
osm:n7021303657,500081,500081,0.8,nearest_named_place,Sri Sai fitness world,Sri Sai fitness world,,SERVICE_PROVIDER,beauty-and-wellness,gym,,,,,,,,,Vittal Rao Nagar,,,Hyderabad,Telangana,IN,17.4462898,78.3885131,exact_storefront,,osm,OpenStreetMap — India extract (Geofabrik),node/7021303657,https://www.openstreetmap.org/node/7021303657,ODbL-1.0,© OpenStreetMap contributors,53,45,0,LOCATABLE,unclaimed,unverified,directory_listing,True,True,True,True,2026-08-01 19:11:00.412400+05:30
osm:n7025820796,500081,500081,0.8,nearest_named_place,Aroma Beauty World,Aroma Beauty World,,SERVICE_PROVIDER,beauty-and-wellness,beauty-parlour,,,,,,,,,Madhapur,,,Hyderabad,Telangana,IN,17.4437449,78.3916878,exact_storefront,,osm,OpenStreetMap — India extract (Geofabrik),node/7025820796,https://www.openstreetmap.org/node/7025820796,ODbL-1.0,© OpenStreetMap contributors,53,45,0,LOCATABLE,unclaimed,unverified,directory_listing,True,True,True,True,2026-08-01 19:11:00.412400+05:30
osm:n5942781126,500081,500081,0.8,nearest_named_place,Mirrors Saloons and Academy,Mirrors Saloons and Academy,,RETAIL_STORE,beauty-and-wellness,cosmetics-store,,,,,,,,,Vittal Rao Nagar,,,Hyderabad,Telangana,IN,17.4461407,78.385662,exact_storefront,,osm,OpenStreetMap — India extract (Geofabrik),node/5942781126,https://www.openstreetmap.org/node/5942781126,ODbL-1.0,© OpenStreetMap contributors,53,45,0,LOCATABLE,unclaimed,unverified,directory_listing,True,True,True,True,2026-08-01 19:11:00.412400+05:30
osm:n7199482468,500081,500081,0.97,exact_source_pincode,Amigo Autospa,Amigo Autospa,,SERVICE_PROVIDER,car-repair,car-wash,,,,,,https://www.amigoautospa.com,"100 Feet Main Road, Opp Karvy Magnum, Ayyappa Society, Madhapur",,Chanda Naik Thanda,,Hyderabad,Hyderabad,Telangana,IN,17.4525245,78.3880042,exact_storefront,Mo-Su 09:30-19:30,osm,OpenStreetMap — India extract (Geofabrik),node/7199482468,https://www.openstreetmap.org/node/7199482468,ODbL-1.0,© OpenStreetMap contributors,75,80,6,LOCATABLE,unclaimed,unverified,directory_listing,True,True,True,True,2026-08-01 19:11:00.412400+05:30
osm:w112129324,500081,500081,0.8,nearest_named_place,Maruthi,Maruthi,,SERVICE_PROVIDER,car-repair,car-service,,,,,,,,,Madhapur,,,Hyderabad,Telangana,IN,17.441001,78.3901908,building,,osm,OpenStreetMap — India extract (Geofabrik),way/112129324,https://www.openstreetmap.org/way/112129324,ODbL-1.0,© OpenStreetMap contributors,58,45,0,LOCATABLE,unclaimed,unverified,directory_listing,True,True,True,True,2026-08-01 19:11:00.412400+05:30
osm:n7025820762,500081,500081,0.8,nearest_named_place,S.V.R Motors,S.V.R Motors,,SERVICE_PROVIDER,car-repair,car-service,,,,,,,,,Kavuri Hills,,,Hyderabad,Telangana,IN,17.4394589,78.3949318,exact_storefront,,osm,OpenStreetMap — India extract (Geofabrik),node/7025820762,https://www.openstreetmap.org/node/7025820762,ODbL-1.0,© OpenStreetMap contributors,53,45,0,LOCATABLE,unclaimed,unverified,directory_listing,True,True,True,True,2026-08-01 19:11:00.412400+05:30
osm:n6246439587,500081,500081,0.8,nearest_named_place,Carz,Carz,,SERVICE_PROVIDER,car-repair,car-wash,,,,,,,,,HITEC City,,,Hyderabad,Telangana,IN,17.452138,78.3864968,exact_storefront,,osm,OpenStreetMap — India extract (Geofabrik),node/6246439587,https://www.openstreetmap.org/node/6246439587,ODbL-1.0,© OpenStreetMap contributors,53,45,0,LOCATABLE,unclaimed,unverified,directory_listing,True,True,True,True,2026-08-01 19:11:00.412400+05:30
osm:n5405054241,500081,500081,0.97,exact_source_pincode,Relince trends,Relince trends,,RETAIL_STORE,clothing-stores,clothing-store,,,,,,,Vaishnavi's Cynosure Old Bombay Highway,,Telecom Nagar,,Hyderabad,Hyderabad,Telangana,IN,17.4366365,78.3668883,exact_storefront,,osm,OpenStreetMap — India extract (Geofabrik),node/5405054241,https://www.openstreetmap.org/node/5405054241,ODbL-1.0,© OpenStreetMap contributors,70,60,0,LOCATABLE,unclaimed,unverified,directory_listing,True,True,True,True,2026-08-01 19:11:00.412400+05:30
osm:n6248864086,500081,500081,0.8,nearest_named_place,Neeru’s Emporium,Neeru’s Emporium,,RETAIL_STORE,clothing-stores,clothing-store,,,,,,,Jubilee Hills Road No 36,,Kavuri Hills,,,Hyderabad,Telangana,IN,17.4388091,78.3997171,exact_storefront,,osm,OpenStreetMap — India extract (Geofabrik),node/6248864086,https://www.openstreetmap.org/node/6248864086,ODbL-1.0,© OpenStreetMap contributors,63,60,0,LOCATABLE,unclaimed,unverified,directory_listing,True,True,True,True,2026-08-01 19:11:00.412400+05:30
osm:n7035236532,500081,500081,0.8,nearest_named_place,Manyavaar,Manyavaar,,RETAIL_STORE,clothing-stores,clothing-store,,,,,,,,,Madhapur,,,Hyderabad,Telangana,IN,17.434453,78.3867632,exact_storefront,,osm,OpenStreetMap — India extract (Geofabrik),node/7035236532,https://www.openstreetmap.org/node/7035236532,ODbL-1.0,© OpenStreetMap contributors,53,45,6,LOCATABLE,unclaimed,unverified,directory_listing,True,True,True,True,2026-08-01 19:11:00.412400+05:30
osm:n7035236533,500081,500081,0.8,nearest_named_place,Biba,Biba,,RETAIL_STORE,clothing-stores,clothing-store,,,,,,,,,Madhapur,,,Hyderabad,Telangana,IN,17.4346743,78.3866224,exact_storefront,,osm,OpenStreetMap — India extract (Geofabrik),node/7035236533,https://www.openstreetmap.org/node/7035236533,ODbL-1.0,© OpenStreetMap contributors,53,45,60,LOCATABLE,unclaimed,unverified,directory_listing,True,True,True,True,2026-08-01 19:11:00.412400+05:30
osm:n6191414045,500081,500081,0.8,nearest_named_place,Jockey,Jockey,,RETAIL_STORE,clothing-stores,clothing-store,,,,,,,,,Vittal Rao Nagar,,,Hyderabad,Telangana,IN,17.4431738,78.3872869,exact_storefront,,osm,OpenStreetMap — India extract (Geofabrik),node/6191414045,https://www.openstreetmap.org/node/6191414045,ODbL-1.0,© OpenStreetMap contributors,53,45,0,LOCATABLE,unclaimed,unverified,directory_listing,True,True,True,True,2026-08-01 19:11:00.412400+05:30
osm:n7021303617,500081,500081,0.8,nearest_named_place,Tanya Suits,Tanya Suits,,RETAIL_STORE,clothing-stores,clothing-store,,,,,,,,,Vittal Rao Nagar,,,Hyderabad,Telangana,IN,17.4399921,78.3861809,exact_storefront,,osm,OpenStreetMap — India extract (Geofabrik),node/7021303617,https://www.openstreetmap.org/node/7021303617,ODbL-1.0,© OpenStreetMap contributors,53,45,60,LOCATABLE,unclaimed,unverified,directory_listing,True,True,True,True,2026-08-01 19:11:00.412400+05:30
osm:n6822126548,500081,500081,0.8,nearest_named_place,Bombay Collection,Bombay Collection,,RETAIL_STORE,clothing-stores,clothing-store,,,,,,,,,Vittal Rao Nagar,,,Hyderabad,Telangana,IN,17.444137,78.387909,exact_storefront,,osm,OpenStreetMap — India extract (Geofabrik),node/6822126548,https://www.openstreetmap.org/node/6822126548,ODbL-1.0,© OpenStreetMap contributors,53,45,0,LOCATABLE,unclaimed,unverified,directory_listing,True,True,True,True,2026-08-01 19:11:00.412400+05:30
osm:n7021303597,500081,500081,0.8,nearest_named_place,Mugdha Art Studio,Mugdha Art Studio,,RETAIL_STORE,clothing-stores,clothing-store,,,,,,,,,CBI Colony,,,Hyderabad,Telangana,IN,17.4366041,78.4011941,exact_storefront,,osm,OpenStreetMap — India extract (Geofabrik),node/7021303597,https://www.openstreetmap.org/node/7021303597,ODbL-1.0,© OpenStreetMap contributors,53,45,60,LOCATABLE,unclaimed,unverified,directory_listing,True,True,True,True,2026-08-01 19:11:00.412400+05:30
osm:n7021303714,500081,500081,0.8,nearest_named_place,Breya,Breya,,RETAIL_STORE,clothing-stores,clothing-store,,,,,,,,,HITEC City,,,Hyderabad,Telangana,IN,17.4499447,78.3854643,exact_storefront,,osm,OpenStreetMap — India extract (Geofabrik),node/7021303714,https://www.openstreetmap.org/node/7021303714,ODbL-1.0,© OpenStreetMap contributors,53,45,60,LOCATABLE,unclaimed,unverified,directory_listing,True,True,True,True,2026-08-01 19:11:00.412400+05:30
osm:n7025820904,500081,500081,0.8,nearest_named_place,Sumanoharam,Sumanoharam,,RETAIL_STORE,clothing-stores,clothing-store,,,,,,,,,Madhapur,,,Hyderabad,Telangana,IN,17.4427763,78.3907592,exact_storefront,,osm,OpenStreetMap — India extract (Geofabrik),node/7025820904,https://www.openstreetmap.org/node/7025820904,ODbL-1.0,© OpenStreetMap contributors,53,45,60,LOCATABLE,unclaimed,unverified,directory_listing,True,True,True,True,2026-08-01 19:11:00.412400+05:30
osm:n10171328868,500081,500081,0.8,nearest_named_place,Jockey Store,Jockey Store,,RETAIL_STORE,clothing-stores,clothing-store,,,,,,,,,Ayyappa Society Colony,,,Hyderabad,Telangana,IN,17.4503142,78.3918608,exact_storefront,,osm,OpenStreetMap — India extract (Geofabrik),node/10171328868,https://www.openstreetmap.org/node/10171328868,ODbL-1.0,© OpenStreetMap contributors,53,45,0,LOCATABLE,unclaimed,unverified,directory_listing,True,True,True,True,2026-08-01 19:11:00.412400+05:30
osm:n7021303716,500081,500081,0.8,nearest_named_place,Vedic Boutique,Vedic Boutique,,RETAIL_STORE,clothing-stores,clothing-store,,,,,,,,,Vittal Rao Nagar,,,Hyderabad,Telangana,IN,17.4430492,78.3870585,exact_storefront,,osm,OpenStreetMap — India extract (Geofabrik),node/7021303716,https://www.openstreetmap.org/node/7021303716,ODbL-1.0,© OpenStreetMap contributors,53,45,60,LOCATABLE,unclaimed,unverified,directory_listing,True,True,True,True,2026-08-01 19:11:00.412400+05:30
osm:n5942847666,500081,500081,0.8,nearest_named_place,Avvari,Avvari,,RETAIL_STORE,clothing-stores,clothing-store,,,,,,,,,Vittal Rao Nagar,,,Hyderabad,Telangana,IN,17.4453893,78.386632,exact_storefront,,osm,OpenStreetMap — India extract (Geofabrik),node/5942847666,https://www.openstreetmap.org/node/5942847666,ODbL-1.0,© OpenStreetMap contributors,53,45,0,LOCATABLE,unclaimed,unverified,directory_listing,True,True,True,True,2026-08-01 19:11:00.412400+05:30
osm:n4739366221,500081,500081,0.8,nearest_named_place,Brand Factory,Brand Factory,,RETAIL_STORE,clothing-stores,clothing-store,,,,,,,,,CBI Colony,,,Hyderabad,Telangana,IN,17.4361806,78.4007578,exact_storefront,,osm,OpenStreetMap — India extract (Geofabrik),node/4739366221,https://www.openstreetmap.org/node/4739366221,ODbL-1.0,© OpenStreetMap contributors,53,45,0,LOCATABLE,unclaimed,unverified,directory_listing,True,True,True,True,2026-08-01 19:11:00.412400+05:30
osm:n7025820876,500081,500081,0.8,nearest_named_place,Chennis,Chennis,,RETAIL_STORE,clothing-stores,clothing-store,,,,,,,,,Madhapur,,,Hyderabad,Telangana,IN,17.4404387,78.3932958,exact_storefront,,osm,OpenStreetMap — India extract (Geofabrik),node/7025820876,https://www.openstreetmap.org/node/7025820876,ODbL-1.0,© OpenStreetMap contributors,53,45,0,LOCATABLE,unclaimed,unverified,directory_listing,True,True,True,True,2026-08-01 19:11:00.412400+05:30
osm:n7025820880,500081,500081,0.8,nearest_named_place,Kevin Garments,Kevin Garments,,RETAIL_STORE,clothing-stores,clothing-store,,,,,,,,,Madhapur,,,Hyderabad,Telangana,IN,17.4407022,78.3926333,exact_storefront,,osm,OpenStreetMap — India extract (Geofabrik),node/7025820880,https://www.openstreetmap.org/node/7025820880,ODbL-1.0,© OpenStreetMap contributors,53,45,0,LOCATABLE,unclaimed,unverified,directory_listing,True,True,True,True,2026-08-01 19:11:00.412400+05:30
osm:n7021303612,500081,500081,0.8,nearest_named_place,La Femme Boutique,La Femme Boutique,,RETAIL_STORE,clothing-stores,clothing-store,,,,,,,,,Ayyappa Society Colony,,,Hyderabad,Telangana,IN,17.4467436,78.3917294,exact_storefront,,osm,OpenStreetMap — India extract (Geofabrik),node/7021303612,https://www.openstreetmap.org/node/7021303612,ODbL-1.0,© OpenStreetMap contributors,53,45,60,LOCATABLE,unclaimed,unverified,directory_listing,True,True,True,True,2026-08-01 19:11:00.412400+05:30
osm:n7025820882,500081,500081,0.8,nearest_named_place,4ME,4ME,,RETAIL_STORE,clothing-stores,clothing-store,,,,,,,,,Madhapur,,,Hyderabad,Telangana,IN,17.4403628,78.3924141,exact_storefront,,osm,OpenStreetMap — India extract (Geofabrik),node/7025820882,https://www.openstreetmap.org/node/7025820882,ODbL-1.0,© OpenStreetMap contributors,53,45,0,LOCATABLE,unclaimed,unverified,directory_listing,True,True,True,True,2026-08-01 19:11:00.412400+05:30
osm:n7385438446,500081,500081,0.8,nearest_named_place,VelocIITy School,VelocIITy School,,INSTITUTION,colleges,university,,,,,,,"Kakateeya Hills Rd 9, Kakatiya Hills, Kavuri Hills Phase 1, Kavuri Hills, Jubilee Hills, Hyderabad, Telangana 500033",,Kavuri Hills,,,Hyderabad,Telangana,IN,17.4441106,78.3977727,exact_storefront,,osm,OpenStreetMap — India extract (Geofabrik),node/7385438446,https://www.openstreetmap.org/node/7385438446,ODbL-1.0,© OpenStreetMap contributors,63,60,0,LOCATABLE,unclaimed,unverified,directory_listing,True,True,True,True,2026-08-01 19:11:00.412400+05:30
osm:n7385438445,500081,500081,0.8,nearest_named_place,The Learningraph,The Learningraph,,INSTITUTION,colleges,university,,,,,,,"Alamgir Masjid Lane, Kakatiya Hills, Kavuri Hills Phase 1, Kavuri Hills, Madhapur, Hyderabad, Telangana 500033",,Kavuri Hills,,,Hyderabad,Telangana,IN,17.4433156,78.3969912,exact_storefront,,osm,OpenStreetMap — India extract (Geofabrik),node/7385438445,https://www.openstreetmap.org/node/7385438445,ODbL-1.0,© OpenStreetMap contributors,63,60,0,LOCATABLE,unclaimed,unverified,directory_listing,True,True,True,True,2026-08-01 19:11:00.412400+05:30
osm:n7385438462,500081,500081,0.8,nearest_named_place,Iris Florets Madhapur,Iris Florets Madhapur,,INSTITUTION,colleges,university,,,,,,,"123, Rd Number 3, Kakatiya Hills, Kavuri Hills Phase 1, Kavuri Hills, Madhapur, Hyderabad, Telangana 500081",,Guttala Begumpet,,,Hyderabad,Telangana,IN,17.4443981,78.4006274,exact_storefront,,osm,OpenStreetMap — India extract (Geofabrik),node/7385438462,https://www.openstreetmap.org/node/7385438462,ODbL-1.0,© OpenStreetMap contributors,63,60,0,LOCATABLE,unclaimed,unverified,directory_listing,True,True,True,True,2026-08-01 19:11:00.412400+05:30
osm:n7385438443,500081,500081,0.8,nearest_named_place,Pioneer World School,Pioneer World School,,INSTITUTION,colleges,university,,,,,,,"Plot No. 16, H. No. 1-63/3/16, Jubilee Hills road no. 36 extension, Hyderabad, Telangana 500081",,Kavuri Hills,,,Hyderabad,Telangana,IN,17.4423925,78.3971119,exact_storefront,,osm,OpenStreetMap — India extract (Geofabrik),node/7385438443,https://www.openstreetmap.org/node/7385438443,ODbL-1.0,© OpenStreetMap contributors,63,60,0,LOCATABLE,unclaimed,unverified,directory_listing,True,True,True,True,2026-08-01 19:11:00.412400+05:30
osm:w852979199,500081,500081,0.8,nearest_named_place,Sri Venkateshwara Group of Colleges,Sri Venkateshwara Group of Colleges,,INSTITUTION,colleges,college,,,,,,,,,Vittal Rao Nagar,,,Hyderabad,Telangana,IN,17.4430195,78.3846657,building,,osm,OpenStreetMap — India extract (Geofabrik),way/852979199,https://www.openstreetmap.org/way/852979199,ODbL-1.0,© OpenStreetMap contributors,58,45,0,LOCATABLE,unclaimed,unverified,directory_listing,True,True,True,True,2026-08-01 19:11:00.412400+05:30
osm:w277808163,500081,500081,0.8,nearest_named_place,Dr. BR Ambedkar Open University,Dr. BR Ambedkar Open University,,INSTITUTION,colleges,university,,,,,,,,,CBI Colony,,,Hyderabad,Telangana,IN,17.432818,78.3950154,building,,osm,OpenStreetMap — India extract (Geofabrik),way/277808163,https://www.openstreetmap.org/way/277808163,ODbL-1.0,© OpenStreetMap contributors,58,45,79,LOCATABLE,unclaimed,unverified,directory_listing,True,True,True,True,2026-08-01 19:11:00.412400+05:30
osm:n7385438438,500081,500081,0.8,nearest_named_place,"Govt Primary School,Jubilee Hills-Masthan Nagar","Govt Primary School,Jubilee Hills-Masthan Nagar",,INSTITUTION,colleges,university,,,,,,,,,CBI Colony,,,Hyderabad,Telangana,IN,17.4323904,78.3982658,exact_storefront,,osm,OpenStreetMap — India extract (Geofabrik),node/7385438438,https://www.openstreetmap.org/node/7385438438,ODbL-1.0,© OpenStreetMap contributors,53,45,0,LOCATABLE,unclaimed,unverified,directory_listing,True,True,True,True,2026-08-01 19:11:00.412400+05:30
osm:n7021303764,500081,500081,0.8,nearest_named_place,Narayana IIT academy,Narayana IIT academy,,INSTITUTION,colleges,college,,,,,,,,,Kavuri Hills,,,Hyderabad,Telangana,IN,17.4369722,78.3931292,exact_storefront,,osm,OpenStreetMap — India extract (Geofabrik),node/7021303764,https://www.openstreetmap.org/node/7021303764,ODbL-1.0,© OpenStreetMap contributors,53,45,0,LOCATABLE,unclaimed,unverified,directory_listing,True,True,True,True,2026-08-01 19:11:00.412400+05:30
osm:n7021303759,500081,500081,0.8,nearest_named_place,Orbit Educational Institutions,Orbit Educational Institutions,,INSTITUTION,colleges,college,,,,,,,,,HITEC City,,,Hyderabad,Telangana,IN,17.4500041,78.3859779,exact_storefront,,osm,OpenStreetMap — India extract (Geofabrik),node/7021303759,https://www.openstreetmap.org/node/7021303759,ODbL-1.0,© OpenStreetMap contributors,53,45,0,LOCATABLE,unclaimed,unverified,directory_listing,True,True,True,True,2026-08-01 19:11:00.412400+05:30
osm:n7021303609,500081,500081,0.8,nearest_named_place,VelocIITy junior kalam campus,VelocIITy junior kalam campus,,INSTITUTION,colleges,college,,,,,,,,,Ayyappa Society Colony,,,Hyderabad,Telangana,IN,17.4465983,78.3917396,exact_storefront,,osm,OpenStreetMap — India extract (Geofabrik),node/7021303609,https://www.openstreetmap.org/node/7021303609,ODbL-1.0,© OpenStreetMap contributors,53,45,0,LOCATABLE,unclaimed,unverified,directory_listing,True,True,True,True,2026-08-01 19:11:00.412400+05:30
osm:n6935432004,500081,500081,0.8,nearest_named_place,Resonance,Resonance,,INSTITUTION,colleges,college,,,,,,,,,Ayyappa Society Colony,,,Hyderabad,Telangana,IN,17.4501153,78.388921,exact_storefront,,osm,OpenStreetMap — India extract (Geofabrik),node/6935432004,https://www.openstreetmap.org/node/6935432004,ODbL-1.0,© OpenStreetMap contributors,53,45,0,LOCATABLE,unclaimed,unverified,directory_listing,True,True,True,True,2026-08-01 19:11:00.412400+05:30
osm:n7385438444,500081,500081,0.8,nearest_named_place,St. Mary's Junior College,St. Mary's Junior College,,INSTITUTION,colleges,university,,,,,,,,,Kavuri Hills,,,Hyderabad,Telangana,IN,17.4422085,78.3974119,exact_storefront,,osm,OpenStreetMap — India extract (Geofabrik),node/7385438444,https://www.openstreetmap.org/node/7385438444,ODbL-1.0,© OpenStreetMap contributors,53,45,0,LOCATABLE,unclaimed,unverified,directory_listing,True,True,True,True,2026-08-01 19:11:00.412400+05:30
osm:n7025820750,500081,500081,0.8,nearest_named_place,Gayatri College,Gayatri College,,INSTITUTION,colleges,college,,,,,,,,,Madhapur,,,Hyderabad,Telangana,IN,17.4407911,78.3910254,exact_storefront,,osm,OpenStreetMap — India extract (Geofabrik),node/7025820750,https://www.openstreetmap.org/node/7025820750,ODbL-1.0,© OpenStreetMap contributors,53,45,0,LOCATABLE,unclaimed,unverified,directory_listing,True,True,True,True,2026-08-01 19:11:00.412400+05:30
osm:n7025820836,500081,500081,0.8,nearest_named_place,Sri Chaitanya College,Sri Chaitanya College,,INSTITUTION,colleges,college,,,,,,,,,Ayyappa Society Colony,,,Hyderabad,Telangana,IN,17.4509725,78.391453,exact_storefront,,osm,OpenStreetMap — India extract (Geofabrik),node/7025820836,https://www.openstreetmap.org/node/7025820836,ODbL-1.0,© OpenStreetMap contributors,53,45,0,LOCATABLE,unclaimed,unverified,directory_listing,True,True,True,True,2026-08-01 19:11:00.412400+05:30
osm:n5959072087,500081,500081,0.8,nearest_named_place,IPhix,IPhix,,RETAIL_STORE,computer-and-laptop-stores,computer-store,,+914048530053,landline,,,https://iphix.in,,,Vittal Rao Nagar,,,Hyderabad,Telangana,IN,17.4455409,78.3860664,exact_storefront,,osm,OpenStreetMap — India extract (Geofabrik),node/5959072087,https://www.openstreetmap.org/node/5959072087,ODbL-1.0,© OpenStreetMap contributors,73,75,0,CONTACTABLE,unclaimed,unverified,directory_listing,True,True,True,True,2026-08-01 19:11:00.412400+05:30
osm:n349267492,500081,500081,0.8,nearest_named_place,Cyberabad Post Office,Cyberabad Post Office,,SERVICE_PROVIDER,courier-and-parcel-services,post-office,,,,,,,,,Madhapur,,,Hyderabad,Telangana,IN,17.4416163,78.3910575,exact_storefront,,osm,OpenStreetMap — India extract (Geofabrik),node/349267492,https://www.openstreetmap.org/node/349267492,ODbL-1.0,© OpenStreetMap contributors,53,45,0,LOCATABLE,unclaimed,unverified,directory_listing,True,True,True,True,2026-08-01 19:11:00.412400+05:30
osm:n813570356,500081,500081,0.8,nearest_named_place,Cromā,Cromā,,RETAIL_STORE,electronics-stores,electronics-store,,,,,,,,,CBI Colony,,,Hyderabad,Telangana,IN,17.435971,78.4009856,exact_storefront,,osm,OpenStreetMap — India extract (Geofabrik),node/813570356,https://www.openstreetmap.org/node/813570356,ODbL-1.0,© OpenStreetMap contributors,53,45,60,LOCATABLE,unclaimed,unverified,directory_listing,True,True,True,True,2026-08-01 19:11:00.412400+05:30
osm:n7025820920,500081,500081,0.8,nearest_named_place,Fono Tech,Fono Tech,,RETAIL_STORE,electronics-stores,electronics-store,,,,,,,,,Vittal Rao Nagar,,,Hyderabad,Telangana,IN,17.4423249,78.3884038,exact_storefront,,osm,OpenStreetMap — India extract (Geofabrik),node/7025820920,https://www.openstreetmap.org/node/7025820920,ODbL-1.0,© OpenStreetMap contributors,53,45,0,LOCATABLE,unclaimed,unverified,directory_listing,True,True,True,True,2026-08-01 19:11:00.412400+05:30
osm:w356020284,500081,500081,0.8,nearest_named_place,BR Hitech Theatre,BR Hitech Theatre,,HOSPITALITY,event-services,cinema,,,,,,,,,Vittal Rao Nagar,,,Hyderabad,Telangana,IN,17.4443828,78.3882099,building,,osm,OpenStreetMap — India extract (Geofabrik),way/356020284,https://www.openstreetmap.org/way/356020284,ODbL-1.0,© OpenStreetMap contributors,58,45,0,LOCATABLE,unclaimed,unverified,directory_listing,True,True,True,True,2026-08-01 19:11:00.412400+05:30
osm:n10789486270,500081,500081,0.8,nearest_named_place,"PVR Cinemas, Icon","PVR Cinemas, Icon",,HOSPITALITY,event-services,cinema,,,,,,,,,HITEC City,,,Hyderabad,Telangana,IN,17.4481318,78.3844627,exact_storefront,,osm,OpenStreetMap — India extract (Geofabrik),node/10789486270,https://www.openstreetmap.org/node/10789486270,ODbL-1.0,© OpenStreetMap contributors,53,45,60,LOCATABLE,unclaimed,unverified,directory_listing,True,True,True,True,2026-08-01 19:11:00.412400+05:30
osm:n7035236525,500081,500081,0.8,nearest_named_place,Funcity,Funcity,,HOSPITALITY,event-services,amusement-arcade,,,,,,,,,Madhapur,,,Hyderabad,Telangana,IN,17.4350914,78.3870555,exact_storefront,,osm,OpenStreetMap — India extract (Geofabrik),node/7035236525,https://www.openstreetmap.org/node/7035236525,ODbL-1.0,© OpenStreetMap contributors,53,45,0,LOCATABLE,unclaimed,unverified,directory_listing,True,True,True,True,2026-08-01 19:20:48.106340+05:30
osm:n7025820767,500081,500081,0.8,nearest_named_place,Mic Movies,Mic Movies,,HOSPITALITY,event-services,cinema,,,,,,,,,Guttala Begumpet,,,Hyderabad,Telangana,IN,17.4436886,78.4008906,exact_storefront,,osm,OpenStreetMap — India extract (Geofabrik),node/7025820767,https://www.openstreetmap.org/node/7025820767,ODbL-1.0,© OpenStreetMap contributors,53,45,0,LOCATABLE,unclaimed,unverified,directory_listing,True,True,True,True,2026-08-01 19:11:00.412400+05:30
osm:n10789525449,500081,500081,0.8,nearest_named_place,BR Hitech Theatre,BR Hitech Theatre,,HOSPITALITY,event-services,cinema,,,,,,,,Madhapur,Vittal Rao Nagar,,Hyderabad,Hyderabad,Telangana,IN,17.4444549,78.3881266,exact_storefront,,osm,OpenStreetMap — India extract (Geofabrik),node/10789525449,https://www.openstreetmap.org/node/10789525449,ODbL-1.0,© OpenStreetMap contributors,53,45,0,LOCATABLE,unclaimed,unverified,directory_listing,True,True,True,True,2026-08-01 19:11:00.412400+05:30
osm:n6771713702,500081,500081,0.8,nearest_named_place,Pvr Cinemas,Pvr Cinemas,,HOSPITALITY,event-services,cinema,,,,,,,,,Madhapur,,,Hyderabad,Telangana,IN,17.4351644,78.3867947,exact_storefront,,osm,OpenStreetMap — India extract (Geofabrik),node/6771713702,https://www.openstreetmap.org/node/6771713702,ODbL-1.0,© OpenStreetMap contributors,53,45,60,LOCATABLE,unclaimed,unverified,directory_listing,True,True,True,True,2026-08-01 19:11:00.412400+05:30
osm:n5518653789,500081,500081,0.8,nearest_named_place,Bata,Bata,,RETAIL_STORE,footwear-stores,footwear-store,,,,,,,,,Madhapur,,,Hyderabad,Telangana,IN,17.4410943,78.3925263,exact_storefront,,osm,OpenStreetMap — India extract (Geofabrik),node/5518653789,https://www.openstreetmap.org/node/5518653789,ODbL-1.0,© OpenStreetMap contributors,53,45,60,LOCATABLE,unclaimed,unverified,directory_listing,True,True,True,True,2026-08-01 19:11:00.412400+05:30
osm:n5518642368,500081,500081,0.8,nearest_named_place,Footstar,Footstar,,RETAIL_STORE,footwear-stores,footwear-store,,,,,,,,,Madhapur,,,Hyderabad,Telangana,IN,17.4409832,78.3929957,exact_storefront,,osm,OpenStreetMap — India extract (Geofabrik),node/5518642368,https://www.openstreetmap.org/node/5518642368,ODbL-1.0,© OpenStreetMap contributors,53,45,0,LOCATABLE,unclaimed,unverified,directory_listing,True,True,True,True,2026-08-01 19:11:00.412400+05:30
osm:n7025820879,500081,500081,0.8,nearest_named_place,Shoe Khazana,Shoe Khazana,,RETAIL_STORE,footwear-stores,footwear-store,,,,,,,,,Madhapur,,,Hyderabad,Telangana,IN,17.4406949,78.3928601,exact_storefront,,osm,OpenStreetMap — India extract (Geofabrik),node/7025820879,https://www.openstreetmap.org/node/7025820879,ODbL-1.0,© OpenStreetMap contributors,53,45,0,LOCATABLE,unclaimed,unverified,directory_listing,True,True,True,True,2026-08-01 19:11:00.412400+05:30
osm:n6191414053,500081,500081,0.8,nearest_named_place,Hi-Tech Leather and Luggage,Hi-Tech Leather and Luggage,,RETAIL_STORE,footwear-stores,bags-and-luggage,,,,,,,,,Madhapur,,,Hyderabad,Telangana,IN,17.4414659,78.3882116,exact_storefront,,osm,OpenStreetMap — India extract (Geofabrik),node/6191414053,https://www.openstreetmap.org/node/6191414053,ODbL-1.0,© OpenStreetMap contributors,53,45,0,LOCATABLE,unclaimed,unverified,directory_listing,True,True,True,True,2026-08-01 19:11:00.412400+05:30
osm:w122796947,500081,500081,0.8,nearest_named_place,IKEA,IKEA,,RETAIL_STORE,furniture-stores,furniture-store,,,,,,https://www.ikea.com/in/en/stores/hyderabad,,,Telecom Nagar,,,Hyderabad,Telangana,IN,17.4391717,78.3753527,building,,osm,OpenStreetMap — India extract (Geofabrik),way/122796947,https://www.openstreetmap.org/way/122796947,ODbL-1.0,© OpenStreetMap contributors,63,55,83,LOCATABLE,unclaimed,unverified,directory_listing,True,True,True,True,2026-08-01 19:11:00.412400+05:30
osm:n7021303712,500081,500081,0.8,nearest_named_place,Dezark Studio,Dezark Studio,,RETAIL_STORE,furniture-stores,interiors,,,,,,,,,HITEC City,,,Hyderabad,Telangana,IN,17.4515462,78.3854375,exact_storefront,,osm,OpenStreetMap — India extract (Geofabrik),node/7021303712,https://www.openstreetmap.org/node/7021303712,ODbL-1.0,© OpenStreetMap contributors,53,45,0,LOCATABLE,unclaimed,unverified,directory_listing,True,True,True,True,2026-08-01 19:11:00.412400+05:30
osm:n1909499644,500081,500081,0.8,nearest_named_place,Bantia Furniture,Bantia Furniture,,RETAIL_STORE,furniture-stores,furniture-store,,,,,,,,,Kavuri Hills,,,Hyderabad,Telangana,IN,17.4396898,78.3988337,exact_storefront,,osm,OpenStreetMap — India extract (Geofabrik),node/1909499644,https://www.openstreetmap.org/node/1909499644,ODbL-1.0,© OpenStreetMap contributors,53,45,0,LOCATABLE,unclaimed,unverified,directory_listing,True,True,True,True,2026-08-01 19:11:00.412400+05:30
osm:n7021303629,500081,500081,0.8,nearest_named_place,Pride Interiors,Pride Interiors,,RETAIL_STORE,furniture-stores,interiors,,,,,,,,,Vittal Rao Nagar,,,Hyderabad,Telangana,IN,17.4425779,78.3873228,exact_storefront,,osm,OpenStreetMap — India extract (Geofabrik),node/7021303629,https://www.openstreetmap.org/node/7021303629,ODbL-1.0,© OpenStreetMap contributors,53,45,0,LOCATABLE,unclaimed,unverified,directory_listing,True,True,True,True,2026-08-01 19:11:00.412400+05:30
osm:n6257480988,500081,500081,0.8,nearest_named_place,Oak Wook Interio,Oak Wook Interio,,RETAIL_STORE,furniture-stores,furniture-store,,,,,,,,,Kavuri Hills,,,Hyderabad,Telangana,IN,17.4413799,78.3970483,exact_storefront,,osm,OpenStreetMap — India extract (Geofabrik),node/6257480988,https://www.openstreetmap.org/node/6257480988,ODbL-1.0,© OpenStreetMap contributors,53,45,0,LOCATABLE,unclaimed,unverified,directory_listing,True,True,True,True,2026-08-01 19:11:00.412400+05:30
osm:n6261444886,500081,500081,0.8,nearest_named_place,Kitchenz&Wardrobes,Kitchenz&Wardrobes,,RETAIL_STORE,furniture-stores,furniture-store,,,,,,,,,Ayyappa Society Colony,,,Hyderabad,Telangana,IN,17.4515247,78.3931901,exact_storefront,,osm,OpenStreetMap — India extract (Geofabrik),node/6261444886,https://www.openstreetmap.org/node/6261444886,ODbL-1.0,© OpenStreetMap contributors,53,45,0,LOCATABLE,unclaimed,unverified,directory_listing,True,True,True,True,2026-08-01 19:11:00.412400+05:30
osm:n7035236535,500081,500081,0.8,nearest_named_place,HomeTown,HomeTown,,RETAIL_STORE,furniture-stores,furniture-store,,,,,,,,,Madhapur,,,Hyderabad,Telangana,IN,17.4348893,78.3866116,exact_storefront,,osm,OpenStreetMap — India extract (Geofabrik),node/7035236535,https://www.openstreetmap.org/node/7035236535,ODbL-1.0,© OpenStreetMap contributors,53,45,6,LOCATABLE,unclaimed,unverified,directory_listing,True,True,True,True,2026-08-01 19:11:00.412400+05:30
osm:n5942740807,500081,500081,0.8,nearest_named_place,Gifts Galore,Gifts Galore,,RETAIL_STORE,gift-stores,gift-store,,,,,,,,,Vittal Rao Nagar,,,Hyderabad,Telangana,IN,17.4456297,78.3859827,exact_storefront,,osm,OpenStreetMap — India extract (Geofabrik),node/5942740807,https://www.openstreetmap.org/node/5942740807,ODbL-1.0,© OpenStreetMap contributors,53,45,0,LOCATABLE,unclaimed,unverified,directory_listing,True,True,True,True,2026-08-01 19:11:00.412400+05:30
osm:n7025820778,500081,500081,0.8,nearest_named_place,Champs Fleur - Long Lasting Flowers (delivery in hyderabad),Champs Fleur - Long Lasting Flowers (delivery in hyderabad),,RETAIL_STORE,gift-stores,florist,,,,,,,,,Guttala Begumpet,,,Hyderabad,Telangana,IN,17.4465019,78.3978978,exact_storefront,,osm,OpenStreetMap — India extract (Geofabrik),node/7025820778,https://www.openstreetmap.org/node/7025820778,ODbL-1.0,© OpenStreetMap contributors,53,45,0,LOCATABLE,unclaimed,unverified,directory_listing,True,True,True,True,2026-08-01 19:11:00.412400+05:30
osm:n5682100369,500081,500081,0.97,exact_source_pincode,Reliance Fresh,Reliance Fresh,,RETAIL_STORE,grocery-and-kirana,supermarket,,,,,,,image hospital lane,Madhapur,Vittal Rao Nagar,,Hyderabad,Hyderabad,Telangana,IN,17.4416015,78.384644,exact_storefront,Mo-Su 07:00-22:00,osm,OpenStreetMap — India extract (Geofabrik),node/5682100369,https://www.openstreetmap.org/node/5682100369,ODbL-1.0,© OpenStreetMap contributors,70,70,0,LOCATABLE,unclaimed,unverified,directory_listing,True,True,True,True,2026-08-01 19:11:00.412400+05:30
osm:n5966837987,500081,500081,0.8,nearest_named_place,Cocunut Water,Cocunut Water,,RETAIL_STORE,grocery-and-kirana,beverages,,,,,,,,,Vittal Rao Nagar,,,Hyderabad,Telangana,IN,17.4448188,78.3876259,exact_storefront,,osm,OpenStreetMap — India extract (Geofabrik),node/5966837987,https://www.openstreetmap.org/node/5966837987,ODbL-1.0,© OpenStreetMap contributors,68,45,0,LOCATABLE,unclaimed,unverified,directory_listing,True,True,True,True,2026-08-01 19:20:48.106340+05:30
osm:n5957568091,500081,500081,0.8,nearest_named_place,Heritage Fresh Store,Heritage Fresh Store,,RETAIL_STORE,grocery-and-kirana,supermarket,,,,,,https://www.heritagefresh.in,,,Vittal Rao Nagar,,,Hyderabad,Telangana,IN,17.445108,78.3856663,exact_storefront,,osm,OpenStreetMap — India extract (Geofabrik),node/5957568091,https://www.openstreetmap.org/node/5957568091,ODbL-1.0,© OpenStreetMap contributors,58,55,92,LOCATABLE,unclaimed,unverified,directory_listing,True,True,True,True,2026-08-01 19:11:00.412400+05:30
osm:w744820527,500081,500081,0.8,nearest_named_place,Sampoorna Super mart,Sampoorna Super mart,,RETAIL_STORE,grocery-and-kirana,supermarket,,,,,,,,,Ayyappa Society Colony,,,Hyderabad,Telangana,IN,17.450518,78.3918624,building,,osm,OpenStreetMap — India extract (Geofabrik),way/744820527,https://www.openstreetmap.org/way/744820527,ODbL-1.0,© OpenStreetMap contributors,58,45,0,LOCATABLE,unclaimed,unverified,directory_listing,True,True,True,True,2026-08-01 19:11:00.412400+05:30
osm:w356000060,500081,500081,0.8,nearest_named_place,Reliance Fresh,Reliance Fresh,,RETAIL_STORE,grocery-and-kirana,general-store,,,,,,,,,Vittal Rao Nagar,,,Hyderabad,Telangana,IN,17.441595,78.3847405,building,Mo-Su 07:00-20:00,osm,OpenStreetMap — India extract (Geofabrik),way/356000060,https://www.openstreetmap.org/way/356000060,ODbL-1.0,© OpenStreetMap contributors,58,55,0,LOCATABLE,unclaimed,unverified,directory_listing,True,True,True,True,2026-08-01 19:11:00.412400+05:30
osm:w642221142,500081,500081,0.8,nearest_named_place,DMart,DMart,,RETAIL_STORE,grocery-and-kirana,supermarket,,,,,,,,,Kavuri Hills,,,Hyderabad,Telangana,IN,17.4380338,78.3951793,building,,osm,OpenStreetMap — India extract (Geofabrik),way/642221142,https://www.openstreetmap.org/way/642221142,ODbL-1.0,© OpenStreetMap contributors,58,45,39,LOCATABLE,unclaimed,unverified,directory_listing,True,True,True,True,2026-08-01 19:11:00.412400+05:30
osm:n10171328851,500081,500081,0.8,nearest_named_place,Sampoorna Super Mart,Sampoorna Super Mart,,RETAIL_STORE,grocery-and-kirana,supermarket,,,,,,,,,Ayyappa Society Colony,,,Hyderabad,Telangana,IN,17.4505044,78.3918238,exact_storefront,,osm,OpenStreetMap — India extract (Geofabrik),node/10171328851,https://www.openstreetmap.org/node/10171328851,ODbL-1.0,© OpenStreetMap contributors,53,45,0,LOCATABLE,unclaimed,unverified,directory_listing,True,True,True,True,2026-08-01 19:11:00.412400+05:30
osm:n7025820901,500081,500081,0.8,nearest_named_place,Roop Chand Kirana,Roop Chand Kirana,,RETAIL_STORE,grocery-and-kirana,general-store,,,,,,,,,Madhapur,,,Hyderabad,Telangana,IN,17.4424274,78.390424,exact_storefront,,osm,OpenStreetMap — India extract (Geofabrik),node/7025820901,https://www.openstreetmap.org/node/7025820901,ODbL-1.0,© OpenStreetMap contributors,53,45,0,LOCATABLE,unclaimed,unverified,directory_listing,True,True,True,True,2026-08-01 19:11:00.412400+05:30
osm:n6935545368,500081,500081,0.8,nearest_named_place,Siri Super Market,Siri Super Market,,RETAIL_STORE,grocery-and-kirana,supermarket,,,,,,,,,Ayyappa Society Colony,,,Hyderabad,Telangana,IN,17.4497697,78.3920674,exact_storefront,,osm,OpenStreetMap — India extract (Geofabrik),node/6935545368,https://www.openstreetmap.org/node/6935545368,ODbL-1.0,© OpenStreetMap contributors,53,45,0,LOCATABLE,unclaimed,unverified,directory_listing,True,True,True,True,2026-08-01 19:11:00.412400+05:30
osm:n7021303635,500081,500081,0.8,nearest_named_place,Heritage Sale Point,Heritage Sale Point,,RETAIL_STORE,grocery-and-kirana,dairy,,,,,,,,,Vittal Rao Nagar,,,Hyderabad,Telangana,IN,17.4422079,78.3865924,exact_storefront,,osm,OpenStreetMap — India extract (Geofabrik),node/7021303635,https://www.openstreetmap.org/node/7021303635,ODbL-1.0,© OpenStreetMap contributors,53,45,0,LOCATABLE,unclaimed,unverified,directory_listing,True,True,True,True,2026-08-01 19:11:00.412400+05:30
osm:n6275489585,500081,500081,0.8,nearest_named_place,Cera,Cera,,RETAIL_STORE,grocery-and-kirana,variety-store,,,,,,,,,Kavuri Hills,,,Hyderabad,Telangana,IN,17.4383413,78.4001302,exact_storefront,,osm,OpenStreetMap — India extract (Geofabrik),node/6275489585,https://www.openstreetmap.org/node/6275489585,ODbL-1.0,© OpenStreetMap contributors,53,45,0,LOCATABLE,unclaimed,unverified,directory_listing,True,True,True,True,2026-08-01 19:11:00.412400+05:30
osm:n7025820776,500081,500081,0.8,nearest_named_place,Kisan Supermarket,Kisan Supermarket,,RETAIL_STORE,grocery-and-kirana,supermarket,,,,,,,,,Guttala Begumpet,,,Hyderabad,Telangana,IN,17.4441769,78.3990718,exact_storefront,,osm,OpenStreetMap — India extract (Geofabrik),node/7025820776,https://www.openstreetmap.org/node/7025820776,ODbL-1.0,© OpenStreetMap contributors,53,45,0,LOCATABLE,unclaimed,unverified,directory_listing,True,True,True,True,2026-08-01 19:11:00.412400+05:30
osm:n12513650101,500081,500081,0.8,nearest_named_place,Shri Vinayaka Traders,Shri Vinayaka Traders,,RETAIL_STORE,grocery-and-kirana,kirana-store,,,,,,,,,Madhapur,,,Hyderabad,Telangana,IN,17.4424583,78.3917037,exact_storefront,,osm,OpenStreetMap — India extract (Geofabrik),node/12513650101,https://www.openstreetmap.org/node/12513650101,ODbL-1.0,© OpenStreetMap contributors,53,45,49,LOCATABLE,unclaimed,unverified,directory_listing,True,True,True,True,2026-08-01 19:20:48.106340+05:30
osm:n5613609979,500081,500081,0.8,nearest_named_place,Talk Over Tea,Talk Over Tea,,RETAIL_STORE,grocery-and-kirana,coffee-shop,,,,,,,,,Madhapur,,,Hyderabad,Telangana,IN,17.4443253,78.3919009,exact_storefront,,osm,OpenStreetMap — India extract (Geofabrik),node/5613609979,https://www.openstreetmap.org/node/5613609979,ODbL-1.0,© OpenStreetMap contributors,53,45,0,LOCATABLE,unclaimed,unverified,directory_listing,True,True,True,True,2026-08-01 19:20:48.106340+05:30
osm:n512993702,500081,500081,0.8,nearest_named_place,Hypercity,Hypercity,,RETAIL_STORE,grocery-and-kirana,supermarket,,,,,,,,,Madhapur,,,Hyderabad,Telangana,IN,17.4341435,78.3864204,exact_storefront,,osm,OpenStreetMap — India extract (Geofabrik),node/512993702,https://www.openstreetmap.org/node/512993702,ODbL-1.0,© OpenStreetMap contributors,53,45,6,LOCATABLE,unclaimed,unverified,directory_listing,True,True,True,True,2026-08-01 19:11:00.412400+05:30
osm:n7035236534,500081,500081,0.8,nearest_named_place,Shoppers Stop,Shoppers Stop,,RETAIL_STORE,grocery-and-kirana,department-store,,,,,,,,,Madhapur,,,Hyderabad,Telangana,IN,17.4349673,78.3869939,exact_storefront,,osm,OpenStreetMap — India extract (Geofabrik),node/7035236534,https://www.openstreetmap.org/node/7035236534,ODbL-1.0,© OpenStreetMap contributors,53,45,60,LOCATABLE,unclaimed,unverified,directory_listing,True,True,True,True,2026-08-01 19:11:00.412400+05:30
osm:n7025820881,500081,500081,0.8,nearest_named_place,Sri Vijaya Durga Irani Dum Tea Stall,Sri Vijaya Durga Irani Dum Tea Stall,,RETAIL_STORE,grocery-and-kirana,tea-shop,,,,,,,,,Madhapur,,,Hyderabad,Telangana,IN,17.4405949,78.3932268,exact_storefront,,osm,OpenStreetMap — India extract (Geofabrik),node/7025820881,https://www.openstreetmap.org/node/7025820881,ODbL-1.0,© OpenStreetMap contributors,53,45,0,LOCATABLE,unclaimed,unverified,directory_listing,True,True,True,True,2026-08-01 19:20:48.106340+05:30
osm:n7025820755,500081,500081,0.8,nearest_named_place,One Store Super Market,One Store Super Market,,RETAIL_STORE,grocery-and-kirana,supermarket,,,,,,,,,Kavuri Hills,,,Hyderabad,Telangana,IN,17.44053,78.3943343,exact_storefront,,osm,OpenStreetMap — India extract (Geofabrik),node/7025820755,https://www.openstreetmap.org/node/7025820755,ODbL-1.0,© OpenStreetMap contributors,53,45,0,LOCATABLE,unclaimed,unverified,directory_listing,True,True,True,True,2026-08-01 19:11:00.412400+05:30
osm:n5467328879,500081,500081,0.8,nearest_named_place,Farm Fresh,Farm Fresh,,RETAIL_STORE,grocery-and-kirana,greengrocer,,,,,,,,,Ayyappa Society Colony,,,Hyderabad,Telangana,IN,17.4468024,78.3919736,exact_storefront,,osm,OpenStreetMap — India extract (Geofabrik),node/5467328879,https://www.openstreetmap.org/node/5467328879,ODbL-1.0,© OpenStreetMap contributors,53,45,0,LOCATABLE,unclaimed,unverified,directory_listing,True,True,True,True,2026-08-01 19:11:00.412400+05:30
osm:n5774459977,500081,500081,0.8,nearest_named_place,Dostea,Dostea,,RETAIL_STORE,grocery-and-kirana,coffee-shop,,,,,,,,,Ayyappa Society Colony,,,Hyderabad,Telangana,IN,17.4517138,78.3915362,exact_storefront,,osm,OpenStreetMap — India extract (Geofabrik),node/5774459977,https://www.openstreetmap.org/node/5774459977,ODbL-1.0,© OpenStreetMap contributors,53,45,0,LOCATABLE,unclaimed,unverified,directory_listing,True,True,True,True,2026-08-01 19:20:48.106340+05:30
osm:n7021303639,500081,500081,0.8,nearest_named_place,Laxmi Narasimha Kirana Store,Laxmi Narasimha Kirana Store,,RETAIL_STORE,grocery-and-kirana,general-store,,,,,,,,,Vittal Rao Nagar,,,Hyderabad,Telangana,IN,17.4421812,78.3852707,exact_storefront,,osm,OpenStreetMap — India extract (Geofabrik),node/7021303639,https://www.openstreetmap.org/node/7021303639,ODbL-1.0,© OpenStreetMap contributors,53,45,0,LOCATABLE,unclaimed,unverified,directory_listing,True,True,True,True,2026-08-01 19:11:00.412400+05:30
osm:n7025820875,500081,500081,0.8,nearest_named_place,Kishore Kumar Chicken & Mutton Center,Kishore Kumar Chicken & Mutton Center,,RETAIL_STORE,grocery-and-kirana,butcher,,,,,,,,,Madhapur,,,Hyderabad,Telangana,IN,17.4406073,78.3931213,exact_storefront,,osm,OpenStreetMap — India extract (Geofabrik),node/7025820875,https://www.openstreetmap.org/node/7025820875,ODbL-1.0,© OpenStreetMap contributors,53,45,0,LOCATABLE,unclaimed,unverified,directory_listing,True,True,True,True,2026-08-01 19:11:00.412400+05:30
osm:n7025820926,500081,500081,0.8,nearest_named_place,Aleena Kirana Store,Aleena Kirana Store,,RETAIL_STORE,grocery-and-kirana,general-store,,,,,,,,,Madhapur,,,Hyderabad,Telangana,IN,17.4407897,78.3879818,exact_storefront,,osm,OpenStreetMap — India extract (Geofabrik),node/7025820926,https://www.openstreetmap.org/node/7025820926,ODbL-1.0,© OpenStreetMap contributors,53,45,0,LOCATABLE,unclaimed,unverified,directory_listing,True,True,True,True,2026-08-01 19:11:00.412400+05:30
osm:n1042229873,500081,500081,0.8,nearest_named_place,Ratnadeep Supermarket,Ratnadeep Supermarket,,RETAIL_STORE,grocery-and-kirana,supermarket,,,,,,,,,Vittal Rao Nagar,,,Hyderabad,Telangana,IN,17.4460891,78.3847015,exact_storefront,,osm,OpenStreetMap — India extract (Geofabrik),node/1042229873,https://www.openstreetmap.org/node/1042229873,ODbL-1.0,© OpenStreetMap contributors,53,45,0,LOCATABLE,unclaimed,unverified,directory_listing,True,True,True,True,2026-08-01 19:11:00.412400+05:30
osm:n7043475210,500081,500081,0.8,nearest_named_place,Muthyam Steel & Cements,Muthyam Steel & Cements,,RETAIL_STORE,hardware-stores,building-materials,,,,,,,,,Madhapur,,,Hyderabad,Telangana,IN,17.4450354,78.3939515,exact_storefront,,osm,OpenStreetMap — India extract (Geofabrik),node/7043475210,https://www.openstreetmap.org/node/7043475210,ODbL-1.0,© OpenStreetMap contributors,53,45,0,LOCATABLE,unclaimed,unverified,directory_listing,True,True,True,True,2026-08-01 19:11:00.412400+05:30
osm:n7043475224,500081,500081,0.8,nearest_named_place,Mallikarjun Building And Material Suppliers,Mallikarjun Building And Material Suppliers,,RETAIL_STORE,hardware-stores,building-materials,,,,,,,,,Ayyappa Society Colony,,,Hyderabad,Telangana,IN,17.4466129,78.394555,exact_storefront,,osm,OpenStreetMap — India extract (Geofabrik),node/7043475224,https://www.openstreetmap.org/node/7043475224,ODbL-1.0,© OpenStreetMap contributors,53,45,0,LOCATABLE,unclaimed,unverified,directory_listing,True,True,True,True,2026-08-01 19:11:00.412400+05:30
osm:n7037959221,500081,500081,0.8,nearest_named_place,G S S Building Material Suppliers,G S S Building Material Suppliers,,RETAIL_STORE,hardware-stores,building-materials,,,,,,,,,Madhapur,,,Hyderabad,Telangana,IN,17.4441654,78.3936699,exact_storefront,,osm,OpenStreetMap — India extract (Geofabrik),node/7037959221,https://www.openstreetmap.org/node/7037959221,ODbL-1.0,© OpenStreetMap contributors,53,45,0,LOCATABLE,unclaimed,unverified,directory_listing,True,True,True,True,2026-08-01 19:11:00.412400+05:30
osm:n7043475229,500081,500081,0.8,nearest_named_place,Sandeep Granites and Marbles,Sandeep Granites and Marbles,,RETAIL_STORE,hardware-stores,tiles,,,,,,,,,Ayyappa Society Colony,,,Hyderabad,Telangana,IN,17.4486548,78.3951753,exact_storefront,,osm,OpenStreetMap — India extract (Geofabrik),node/7043475229,https://www.openstreetmap.org/node/7043475229,ODbL-1.0,© OpenStreetMap contributors,53,45,0,LOCATABLE,unclaimed,unverified,directory_listing,True,True,True,True,2026-08-01 19:20:48.106340+05:30
osm:n7043495095,500081,500081,0.8,nearest_named_place,Shri Balaji Marmo,Shri Balaji Marmo,,RETAIL_STORE,hardware-stores,tiles,,,,,,,,,Madhapur,,,Hyderabad,Telangana,IN,17.4435384,78.3940521,exact_storefront,,osm,OpenStreetMap — India extract (Geofabrik),node/7043495095,https://www.openstreetmap.org/node/7043495095,ODbL-1.0,© OpenStreetMap contributors,53,45,0,LOCATABLE,unclaimed,unverified,directory_listing,True,True,True,True,2026-08-01 19:20:48.106340+05:30
osm:n6935613497,500081,500081,0.8,nearest_named_place,Twinkle star dry cleaners,Twinkle star dry cleaners,,SERVICE_PROVIDER,home-services,dry-cleaning,,,,,,,,,Ayyappa Society Colony,,,Hyderabad,Telangana,IN,17.44658,78.3889234,exact_storefront,,osm,OpenStreetMap — India extract (Geofabrik),node/6935613497,https://www.openstreetmap.org/node/6935613497,ODbL-1.0,© OpenStreetMap contributors,53,45,0,LOCATABLE,unclaimed,unverified,directory_listing,True,True,True,True,2026-08-01 19:11:00.412400+05:30
osm:n6548782136,500081,500081,0.97,exact_source_pincode,MAXCURE SUYOSHA WOMAN & CHILD HOSPITAL,MAXCURE SUYOSHA WOMAN & CHILD HOSPITAL,,SERVICE_PROVIDER,hospitals-and-clinics,hospital,,+914067076700,landline,,info@maxcuresuyosha.com,https://www.maxcuresuyosha.com,,,HITEC City,,Hyderabad,Hyderabad,Telangana,IN,17.4464363,78.3786482,exact_storefront,,osm,OpenStreetMap — India extract (Geofabrik),node/6548782136,https://www.openstreetmap.org/node/6548782136,ODbL-1.0,© OpenStreetMap contributors,80,75,60,CONTACTABLE,unclaimed,unverified,directory_listing,True,True,True,True,2026-08-01 19:11:00.412400+05:30
osm:w356159628,500081,500081,0.97,exact_source_pincode,Pace Hospitals,Pace Hospitals,,SERVICE_PROVIDER,hospitals-and-clinics,hospital,,+914048486868,landline,,,,,,Vittal Rao Nagar,,,Hyderabad,Telangana,IN,17.4467502,78.3840119,building,,osm,OpenStreetMap — India extract (Geofabrik),way/356159628,https://www.openstreetmap.org/way/356159628,ODbL-1.0,© OpenStreetMap contributors,80,65,60,CONTACTABLE,unclaimed,unverified,directory_listing,True,True,True,True,2026-08-01 19:11:00.412400+05:30
osm:n6549184413,500081,500081,0.97,exact_source_pincode,Oakridge Hospitals,Oakridge Hospitals,,SERVICE_PROVIDER,hospitals-and-clinics,hospital,,+914067108108,landline,,,http://oakridgehospitals.com,,,Vittal Rao Nagar,,,Hyderabad,Telangana,IN,17.4448396,78.3855052,exact_storefront,,osm,OpenStreetMap — India extract (Geofabrik),node/6549184413,https://www.openstreetmap.org/node/6549184413,ODbL-1.0,© OpenStreetMap contributors,80,75,60,CONTACTABLE,unclaimed,unverified,directory_listing,True,True,True,True,2026-08-01 19:11:00.412400+05:30
osm:n6811749119,500081,500081,0.97,exact_source_pincode,Dr. B.Srinivas,Dr. B.Srinivas,,SERVICE_PROVIDER,hospitals-and-clinics,doctor,,+919246523045,mobile,,,,,,Vittal Rao Nagar,,,Hyderabad,Telangana,IN,17.4447512,78.3884762,exact_storefront,,osm,OpenStreetMap — India extract (Geofabrik),node/6811749119,https://www.openstreetmap.org/node/6811749119,ODbL-1.0,© OpenStreetMap contributors,75,65,60,CONTACTABLE,unclaimed,unverified,directory_listing,True,True,True,True,2026-08-01 19:11:00.412400+05:30
osm:n6811749007,500081,500081,0.97,exact_source_pincode,32 Happy Teeth Dental Clinic,32 Happy Teeth Dental Clinic,,SERVICE_PROVIDER,hospitals-and-clinics,dentist,,+919000451008,mobile,,,,,,Vittal Rao Nagar,,,Hyderabad,Telangana,IN,17.4440504,78.3881066,exact_storefront,,osm,OpenStreetMap — India extract (Geofabrik),node/6811749007,https://www.openstreetmap.org/node/6811749007,ODbL-1.0,© OpenStreetMap contributors,75,65,60,CONTACTABLE,unclaimed,unverified,directory_listing,True,True,True,True,2026-08-01 19:11:00.412400+05:30
osm:n5993045399,500081,500081,0.8,nearest_named_place,IDEA Clinics,IDEA Clinics,,SERVICE_PROVIDER,hospitals-and-clinics,clinic,,+914040024000,landline,,,https://www.ideaclinics.com,,,Chanda Naik Thanda,,,Hyderabad,Telangana,IN,17.4524,78.3889115,exact_storefront,,osm,OpenStreetMap — India extract (Geofabrik),node/5993045399,https://www.openstreetmap.org/node/5993045399,ODbL-1.0,© OpenStreetMap contributors,73,75,0,CONTACTABLE,unclaimed,unverified,directory_listing,True,True,True,True,2026-08-01 19:11:00.412400+05:30
osm:n11936118774,500081,500081,0.8,nearest_named_place,"Venkateswarara, CH, Kukatpally (Basti Dawakhana)","Venkateswarara, CH, Kukatpally (Basti Dawakhana)",,PUBLIC_SERVICE,hospitals-and-clinics,health-post,,,,,,,"Venkateshwara Colony, Venkateshwara Nagar,",,Vittal Rao Nagar,,,Hyderabad,Telangana,IN,17.439021,78.3827364,exact_storefront,,osm,OpenStreetMap — India extract (Geofabrik),node/11936118774,https://www.openstreetmap.org/node/11936118774,ODbL-1.0,© OpenStreetMap contributors,63,60,27,LOCATABLE,unclaimed,unverified,directory_listing,True,True,True,True,2026-08-01 19:20:48.106340+05:30
osm:n5959072090,500081,500081,0.8,nearest_named_place,Partha Dental,Partha Dental,,SERVICE_PROVIDER,hospitals-and-clinics,dentist,,,,,,,Image Garden Road,,Vittal Rao Nagar,,,Hyderabad,Telangana,IN,17.4455909,78.3860196,exact_storefront,,osm,OpenStreetMap — India extract (Geofabrik),node/5959072090,https://www.openstreetmap.org/node/5959072090,ODbL-1.0,© OpenStreetMap contributors,63,60,0,LOCATABLE,unclaimed,unverified,directory_listing,True,True,True,True,2026-08-01 19:11:00.412400+05:30
osm:n8748429666,500081,500081,0.97,exact_source_pincode,Rainbow Children Hospital,Rainbow Children Hospital,,SERVICE_PROVIDER,hospitals-and-clinics,hospital,,,,,,,,,Kondapur,,,Hyderabad,Telangana,IN,17.4554623,78.3720097,exact_storefront,,osm,OpenStreetMap — India extract (Geofabrik),node/8748429666,https://www.openstreetmap.org/node/8748429666,ODbL-1.0,© OpenStreetMap contributors,60,45,60,LOCATABLE,unclaimed,unverified,directory_listing,True,True,True,True,2026-08-01 19:11:00.412400+05:30
osm:n8747950688,500081,500081,0.97,exact_source_pincode,Hegde Hospital,Hegde Hospital,,SERVICE_PROVIDER,hospitals-and-clinics,hospital,,,,,,,,,Vittal Rao Nagar,,,Hyderabad,Telangana,IN,17.4446234,78.384659,exact_storefront,,osm,OpenStreetMap — India extract (Geofabrik),node/8747950688,https://www.openstreetmap.org/node/8747950688,ODbL-1.0,© OpenStreetMap contributors,60,45,60,LOCATABLE,unclaimed,unverified,directory_listing,True,True,True,True,2026-08-01 19:11:00.412400+05:30
osm:n349270023,500081,500081,0.97,exact_source_pincode,Image Hospitals,Image Hospitals,,SERVICE_PROVIDER,hospitals-and-clinics,hospital,,,,,,,,,Vittal Rao Nagar,,,Hyderabad,Telangana,IN,17.4444337,78.3860746,exact_storefront,,osm,OpenStreetMap — India extract (Geofabrik),node/349270023,https://www.openstreetmap.org/node/349270023,ODbL-1.0,© OpenStreetMap contributors,60,45,60,LOCATABLE,unclaimed,unverified,directory_listing,True,True,True,True,2026-08-01 19:11:00.412400+05:30
osm:n6485848266,500081,500081,0.97,exact_source_pincode,L.V. Prasad Eye Institute,L.V. Prasad Eye Institute,,SERVICE_PROVIDER,hospitals-and-clinics,hospital,,,,,,,,,Kavuri Hills,,,Hyderabad,Telangana,IN,17.4391256,78.3958378,exact_storefront,,osm,OpenStreetMap — India extract (Geofabrik),node/6485848266,https://www.openstreetmap.org/node/6485848266,ODbL-1.0,© OpenStreetMap contributors,60,45,60,LOCATABLE,unclaimed,unverified,directory_listing,True,True,True,True,2026-08-01 19:11:00.412400+05:30
osm:n7021303767,500081,500081,0.8,nearest_named_place,Shathayu Ayurveda Clinic,Shathayu Ayurveda Clinic,,SERVICE_PROVIDER,hospitals-and-clinics,clinic,,,,,,,,,HITEC City,,,Hyderabad,Telangana,IN,17.449309,78.3855162,exact_storefront,,osm,OpenStreetMap — India extract (Geofabrik),node/7021303767,https://www.openstreetmap.org/node/7021303767,ODbL-1.0,© OpenStreetMap contributors,53,45,60,LOCATABLE,unclaimed,unverified,directory_listing,True,True,True,True,2026-08-01 19:11:00.412400+05:30
osm:n7025820915,500081,500081,0.8,nearest_named_place,Samanta Homeopathy,Samanta Homeopathy,,SERVICE_PROVIDER,hospitals-and-clinics,hospital,,,,,,,,,Madhapur,,,Hyderabad,Telangana,IN,17.4413783,78.3880897,exact_storefront,,osm,OpenStreetMap — India extract (Geofabrik),node/7025820915,https://www.openstreetmap.org/node/7025820915,ODbL-1.0,© OpenStreetMap contributors,53,45,60,LOCATABLE,unclaimed,unverified,directory_listing,True,True,True,True,2026-08-01 19:11:00.412400+05:30
osm:n7021303762,500081,500081,0.8,nearest_named_place,SVR Physiotherapy Clinic,SVR Physiotherapy Clinic,,SERVICE_PROVIDER,hospitals-and-clinics,clinic,,,,,,,,,Vittal Rao Nagar,,,Hyderabad,Telangana,IN,17.4438542,78.3859419,exact_storefront,,osm,OpenStreetMap — India extract (Geofabrik),node/7021303762,https://www.openstreetmap.org/node/7021303762,ODbL-1.0,© OpenStreetMap contributors,53,45,60,LOCATABLE,unclaimed,unverified,directory_listing,True,True,True,True,2026-08-01 19:11:00.412400+05:30
osm:n5957506786,500081,500081,0.8,nearest_named_place,Titan Eyeplus,Titan Eyeplus,,SERVICE_PROVIDER,hospitals-and-clinics,optician,,,,,,,,,Vittal Rao Nagar,,,Hyderabad,Telangana,IN,17.4450011,78.3864545,exact_storefront,,osm,OpenStreetMap — India extract (Geofabrik),node/5957506786,https://www.openstreetmap.org/node/5957506786,ODbL-1.0,© OpenStreetMap contributors,53,45,0,LOCATABLE,unclaimed,unverified,directory_listing,True,True,True,True,2026-08-01 19:11:00.412400+05:30
osm:n7021303765,500081,500081,0.8,nearest_named_place,Crystal Vision Eye Care Center,Crystal Vision Eye Care Center,,SERVICE_PROVIDER,hospitals-and-clinics,clinic,,,,,,,,,Madhapur,,,Hyderabad,Telangana,IN,17.4430962,78.3918626,exact_storefront,,osm,OpenStreetMap — India extract (Geofabrik),node/7021303765,https://www.openstreetmap.org/node/7021303765,ODbL-1.0,© OpenStreetMap contributors,53,45,0,LOCATABLE,unclaimed,unverified,directory_listing,True,True,True,True,2026-08-01 19:11:00.412400+05:30
osm:n7025820758,500081,500081,0.8,nearest_named_place,Srinivasa Hospital,Srinivasa Hospital,,SERVICE_PROVIDER,hospitals-and-clinics,hospital,,,,,,,,,Kavuri Hills,,,Hyderabad,Telangana,IN,17.4406949,78.3943588,exact_storefront,,osm,OpenStreetMap — India extract (Geofabrik),node/7025820758,https://www.openstreetmap.org/node/7025820758,ODbL-1.0,© OpenStreetMap contributors,53,45,60,LOCATABLE,unclaimed,unverified,directory_listing,True,True,True,True,2026-08-01 19:11:00.412400+05:30
osm:n7021303763,500081,500081,0.8,nearest_named_place,Dr.Rajetha's Mohana Skin & Hair Clinic,Dr.Rajetha's Mohana Skin & Hair Clinic,,SERVICE_PROVIDER,hospitals-and-clinics,clinic,,,,,,,,,HITEC City,,,Hyderabad,Telangana,IN,17.4511935,78.3858327,exact_storefront,,osm,OpenStreetMap — India extract (Geofabrik),node/7021303763,https://www.openstreetmap.org/node/7021303763,ODbL-1.0,© OpenStreetMap contributors,53,45,60,LOCATABLE,unclaimed,unverified,directory_listing,True,True,True,True,2026-08-01 19:11:00.412400+05:30
osm:n5959072092,500081,500081,0.8,nearest_named_place,Shades Of Opticals,Shades Of Opticals,,SERVICE_PROVIDER,hospitals-and-clinics,optician,,,,,,,,,Vittal Rao Nagar,,,Hyderabad,Telangana,IN,17.4455663,78.3860421,exact_storefront,,osm,OpenStreetMap — India extract (Geofabrik),node/5959072092,https://www.openstreetmap.org/node/5959072092,ODbL-1.0,© OpenStreetMap contributors,53,45,0,LOCATABLE,unclaimed,unverified,directory_listing,True,True,True,True,2026-08-01 19:11:00.412400+05:30
osm:n827576106,500081,500081,0.8,nearest_named_place,Arogyasree Health care trust,Arogyasree Health care trust,,SERVICE_PROVIDER,hospitals-and-clinics,hospital,,,,,,,,,CBI Colony,,,Hyderabad,Telangana,IN,17.4301742,78.3937323,exact_storefront,,osm,OpenStreetMap — India extract (Geofabrik),node/827576106,https://www.openstreetmap.org/node/827576106,ODbL-1.0,© OpenStreetMap contributors,53,45,60,LOCATABLE,unclaimed,unverified,directory_listing,True,True,True,True,2026-08-01 19:11:00.412400+05:30
osm:n6191762119,500081,500081,0.8,nearest_named_place,JN Clinic and diagnostics,JN Clinic and diagnostics,,SERVICE_PROVIDER,hospitals-and-clinics,clinic,,,,,,,,,Vittal Rao Nagar,,,Hyderabad,Telangana,IN,17.4433217,78.3876457,exact_storefront,,osm,OpenStreetMap — India extract (Geofabrik),node/6191762119,https://www.openstreetmap.org/node/6191762119,ODbL-1.0,© OpenStreetMap contributors,53,45,0,LOCATABLE,unclaimed,unverified,directory_listing,True,True,True,True,2026-08-01 19:11:00.412400+05:30
osm:n7025820818,500081,500081,0.8,nearest_named_place,Krithi Children Clinic,Krithi Children Clinic,,SERVICE_PROVIDER,hospitals-and-clinics,clinic,,,,,,,,,Ayyappa Society Colony,,,Hyderabad,Telangana,IN,17.4487951,78.3921706,exact_storefront,,osm,OpenStreetMap — India extract (Geofabrik),node/7025820818,https://www.openstreetmap.org/node/7025820818,ODbL-1.0,© OpenStreetMap contributors,53,45,60,LOCATABLE,unclaimed,unverified,directory_listing,True,True,True,True,2026-08-01 19:11:00.412400+05:30
osm:w356160939,500081,500081,0.97,exact_source_pincode,Trishul Grand,Trishul Grand,,HOSPITALITY,hotels-and-accommodation,hotel,,+918297367288,mobile,,sm@hoteltrishulgrand.com,https://www.hoteltrishulgrand.com,"Main Road, Madhapur",,Madhapur,,Hyderabad,Hyderabad,Telangana,IN,17.4406333,78.3920395,building,,osm,OpenStreetMap — India extract (Geofabrik),way/356160939,https://www.openstreetmap.org/way/356160939,ODbL-1.0,© OpenStreetMap contributors,95,90,0,CONTACTABLE,unclaimed,unverified,directory_listing,True,True,True,True,2026-08-01 19:11:00.412400+05:30
osm:w1152313422,500081,500081,0.97,exact_source_pincode,Holiday Inn Express Hyderabad HITEC City,Holiday Inn Express Hyderabad HITEC City,,HOSPITALITY,hotels-and-accommodation,hotel,,,,,,https://www.ihg.com/holidayinnexpress/hotels/us/en/hyderabad/hydtc/hoteldetail,35 Phoenix Avance Business Park,,Whitefields,,Hyderabad,Hyderabad,Telangana,IN,17.4474735,78.3732051,building,,osm,OpenStreetMap — India extract (Geofabrik),way/1152313422,https://www.openstreetmap.org/way/1152313422,ODbL-1.0,© OpenStreetMap contributors,80,70,0,LOCATABLE,unclaimed,unverified,directory_listing,True,True,True,True,2026-08-01 19:11:00.412400+05:30
osm:w356182950,500081,500081,0.97,exact_source_pincode,Harika men's hostel,Harika men's hostel,,HOSPITALITY,hotels-and-accommodation,hostel,,,,,,,Road Number 46,,Ayyappa Society Colony,,Hyderabad,Hyderabad,Telangana,IN,17.4507119,78.3945877,building,,osm,OpenStreetMap — India extract (Geofabrik),way/356182950,https://www.openstreetmap.org/way/356182950,ODbL-1.0,© OpenStreetMap contributors,75,60,0,LOCATABLE,unclaimed,unverified,directory_listing,True,True,True,True,2026-08-01 19:11:00.412400+05:30
osm:w631843145,500081,500081,0.97,exact_source_pincode,SS Men's Hostel & PG,SS Men's Hostel & PG,,HOSPITALITY,hotels-and-accommodation,guest-house,,,,,,,"1-98/15/9 HITEC City Road, Madhapur",,Vittal Rao Nagar,,Hyderabad,Hyderabad,Telangana,IN,17.444067,78.3881009,building,,osm,OpenStreetMap — India extract (Geofabrik),way/631843145,https://www.openstreetmap.org/way/631843145,ODbL-1.0,© OpenStreetMap contributors,75,60,81,LOCATABLE,unclaimed,unverified,directory_listing,True,True,True,True,2026-08-01 19:11:00.412400+05:30
osm:n13614016601,500081,500081,0.97,exact_source_pincode,Treebo Sapphire Bliss,Treebo Sapphire Bliss,,HOSPITALITY,hotels-and-accommodation,hotel,,,,,,,street number 3,,HITEC City,,,Hyderabad,Telangana,IN,17.4476459,78.3792605,exact_storefront,,osm,OpenStreetMap — India extract (Geofabrik),node/13614016601,https://www.openstreetmap.org/node/13614016601,ODbL-1.0,© OpenStreetMap contributors,70,60,86,LOCATABLE,unclaimed,unverified,directory_listing,True,True,True,True,2026-08-01 19:11:00.412400+05:30
osm:w642193845,500081,500081,0.8,nearest_named_place,Westside Hotel,Westside Hotel,,HOSPITALITY,hotels-and-accommodation,hotel,,,,,,,Plot No 95 street number 3,,Vittal Rao Nagar,,Hyderabad,Hyderabad,Telangana,IN,17.4464127,78.3813039,building,,osm,OpenStreetMap — India extract (Geofabrik),way/642193845,https://www.openstreetmap.org/way/642193845,ODbL-1.0,© OpenStreetMap contributors,68,60,0,LOCATABLE,unclaimed,unverified,directory_listing,True,True,True,True,2026-08-01 19:11:00.412400+05:30
osm:n5957507485,500081,500081,0.8,nearest_named_place,Apple Homes Guest House,Apple Homes Guest House,,HOSPITALITY,hotels-and-accommodation,guest-house,,+918501979991,mobile,,,,,,Vittal Rao Nagar,,,Hyderabad,Telangana,IN,17.4448604,78.386635,exact_storefront,,osm,OpenStreetMap — India extract (Geofabrik),node/5957507485,https://www.openstreetmap.org/node/5957507485,ODbL-1.0,© OpenStreetMap contributors,68,65,0,CONTACTABLE,unclaimed,unverified,directory_listing,True,True,True,True,2026-08-01 19:11:00.412400+05:30
osm:w89897992,500081,500081,0.8,nearest_named_place,Westin Hotel,Westin Hotel,,HOSPITALITY,hotels-and-accommodation,hotel,,,,,,http://www.westinhyderabadmindspace.com,,,Vittal Rao Nagar,,,Hyderabad,Telangana,IN,17.4424834,78.3817775,building,,osm,OpenStreetMap — India extract (Geofabrik),way/89897992,https://www.openstreetmap.org/way/89897992,ODbL-1.0,© OpenStreetMap contributors,63,55,0,LOCATABLE,unclaimed,unverified,directory_listing,True,True,True,True,2026-08-01 19:11:00.412400+05:30
osm:n13608966401,500081,500081,0.8,nearest_named_place,Luxor Park,Luxor Park,,HOSPITALITY,hotels-and-accommodation,hotel,,,,,,,Durgam Cheruvu Road,,Madhapur,,,Hyderabad,Telangana,IN,17.4382146,78.3897767,exact_storefront,,osm,OpenStreetMap — India extract (Geofabrik),node/13608966401,https://www.openstreetmap.org/node/13608966401,ODbL-1.0,© OpenStreetMap contributors,63,60,86,LOCATABLE,unclaimed,unverified,directory_listing,True,True,True,True,2026-08-01 19:11:00.412400+05:30
osm:w122091158,500081,500081,0.8,nearest_named_place,Jubilee Ridge,Jubilee Ridge,,HOSPITALITY,hotels-and-accommodation,hotel,,,,,,,,,Kavuri Hills,,,Hyderabad,Telangana,IN,17.4401481,78.3984829,building,,osm,OpenStreetMap — India extract (Geofabrik),way/122091158,https://www.openstreetmap.org/way/122091158,ODbL-1.0,© OpenStreetMap contributors,58,45,0,LOCATABLE,unclaimed,unverified,directory_listing,True,True,True,True,2026-08-01 19:11:00.412400+05:30
osm:w356541071,500081,500081,0.8,nearest_named_place,Avasa,Avasa,,HOSPITALITY,hotels-and-accommodation,hotel,,,,,,,,,Vittal Rao Nagar,,,Hyderabad,Telangana,IN,17.4468698,78.3836755,building,,osm,OpenStreetMap — India extract (Geofabrik),way/356541071,https://www.openstreetmap.org/way/356541071,ODbL-1.0,© OpenStreetMap contributors,58,45,30,LOCATABLE,unclaimed,unverified,directory_listing,True,True,True,True,2026-08-01 19:11:00.412400+05:30
osm:w1152313450,500081,500081,0.8,nearest_named_place,Lemon Tree,Lemon Tree,,HOSPITALITY,hotels-and-accommodation,hotel,,,,,,,,,Vittal Rao Nagar,,,Hyderabad,Telangana,IN,17.4431392,78.3765327,building,,osm,OpenStreetMap — India extract (Geofabrik),way/1152313450,https://www.openstreetmap.org/way/1152313450,ODbL-1.0,© OpenStreetMap contributors,58,45,0,LOCATABLE,unclaimed,unverified,directory_listing,True,True,True,True,2026-08-01 19:11:00.412400+05:30
osm:w356020010,500081,500081,0.8,nearest_named_place,"Manikanta PG, Mens Hostel","Manikanta PG, Mens Hostel",,HOSPITALITY,hotels-and-accommodation,guest-house,,,,,,,,,Vittal Rao Nagar,,,Hyderabad,Telangana,IN,17.4447254,78.3877801,building,,osm,OpenStreetMap — India extract (Geofabrik),way/356020010,https://www.openstreetmap.org/way/356020010,ODbL-1.0,© OpenStreetMap contributors,58,45,0,LOCATABLE,unclaimed,unverified,directory_listing,True,True,True,True,2026-08-01 19:11:00.412400+05:30
osm:w632251672,500081,500081,0.8,nearest_named_place,Sri Siddi Vinayaka Mens PG and Guest House,Sri Siddi Vinayaka Mens PG and Guest House,,HOSPITALITY,hotels-and-accommodation,guest-house,,,,,,,,,Kavuri Hills,,,Hyderabad,Telangana,IN,17.4413501,78.3980821,building,,osm,OpenStreetMap — India extract (Geofabrik),way/632251672,https://www.openstreetmap.org/way/632251672,ODbL-1.0,© OpenStreetMap contributors,58,45,0,LOCATABLE,unclaimed,unverified,directory_listing,True,True,True,True,2026-08-01 19:11:00.412400+05:30
osm:w631843144,500081,500081,0.8,nearest_named_place,Amar Sai Mens PG,Amar Sai Mens PG,,HOSPITALITY,hotels-and-accommodation,guest-house,,,,,,,,,Vittal Rao Nagar,,,Hyderabad,Telangana,IN,17.444541,78.3883185,building,,osm,OpenStreetMap — India extract (Geofabrik),way/631843144,https://www.openstreetmap.org/way/631843144,ODbL-1.0,© OpenStreetMap contributors,58,45,0,LOCATABLE,unclaimed,unverified,directory_listing,True,True,True,True,2026-08-01 19:11:00.412400+05:30
osm:n13196312448,500081,500081,0.8,nearest_named_place,Ostello Isabello,Ostello Isabello,,HOSPITALITY,hotels-and-accommodation,guest-house,,,,,,https://ostello-isabello-hotels.hyderabadhotel.net/en,,,Vittal Rao Nagar,,,Hyderabad,Telangana,IN,17.4440603,78.3847423,exact_storefront,,osm,OpenStreetMap — India extract (Geofabrik),node/13196312448,https://www.openstreetmap.org/node/13196312448,ODbL-1.0,© OpenStreetMap contributors,58,55,73,LOCATABLE,unclaimed,unverified,directory_listing,True,True,True,True,2026-08-01 19:11:00.412400+05:30
osm:n7021303758,500081,500081,0.8,nearest_named_place,Cosy Homes,Cosy Homes,,HOSPITALITY,hotels-and-accommodation,guest-house,,,,,,,,,Kavuri Hills,,,Hyderabad,Telangana,IN,17.4365951,78.3951759,exact_storefront,,osm,OpenStreetMap — India extract (Geofabrik),node/7021303758,https://www.openstreetmap.org/node/7021303758,ODbL-1.0,© OpenStreetMap contributors,53,45,0,LOCATABLE,unclaimed,unverified,directory_listing,True,True,True,True,2026-08-01 19:11:00.412400+05:30
osm:n10791267068,500081,500081,0.8,nearest_named_place,Lemon Tree,Lemon Tree,,HOSPITALITY,hotels-and-accommodation,hotel,,,,,,,,,Vittal Rao Nagar,,,Hyderabad,Telangana,IN,17.4428902,78.3766998,exact_storefront,,osm,OpenStreetMap — India extract (Geofabrik),node/10791267068,https://www.openstreetmap.org/node/10791267068,ODbL-1.0,© OpenStreetMap contributors,53,45,0,LOCATABLE,unclaimed,unverified,directory_listing,True,True,True,True,2026-08-01 19:11:00.412400+05:30
osm:n7025820896,500081,500081,0.8,nearest_named_place,Satyalaxmi PG Mens Hostel,Satyalaxmi PG Mens Hostel,,HOSPITALITY,hotels-and-accommodation,hostel,,,,,,,,,Madhapur,,,Hyderabad,Telangana,IN,17.4417668,78.3910338,exact_storefront,,osm,OpenStreetMap — India extract (Geofabrik),node/7025820896,https://www.openstreetmap.org/node/7025820896,ODbL-1.0,© OpenStreetMap contributors,53,45,0,LOCATABLE,unclaimed,unverified,directory_listing,True,True,True,True,2026-08-01 19:11:00.412400+05:30
osm:n7021303633,500081,500081,0.8,nearest_named_place,Paradise Womens Hostel,Paradise Womens Hostel,,HOSPITALITY,hotels-and-accommodation,hostel,,,,,,,,,Vittal Rao Nagar,,,Hyderabad,Telangana,IN,17.4424206,78.3859533,exact_storefront,,osm,OpenStreetMap — India extract (Geofabrik),node/7021303633,https://www.openstreetmap.org/node/7021303633,ODbL-1.0,© OpenStreetMap contributors,53,45,0,LOCATABLE,unclaimed,unverified,directory_listing,True,True,True,True,2026-08-01 19:11:00.412400+05:30
osm:n7025820889,500081,500081,0.8,nearest_named_place,Sree Lakshmi Heavens Womens,Sree Lakshmi Heavens Womens,,HOSPITALITY,hotels-and-accommodation,hostel,,,,,,,,,Madhapur,,,Hyderabad,Telangana,IN,17.440392,78.3923622,exact_storefront,,osm,OpenStreetMap — India extract (Geofabrik),node/7025820889,https://www.openstreetmap.org/node/7025820889,ODbL-1.0,© OpenStreetMap contributors,53,45,0,LOCATABLE,unclaimed,unverified,directory_listing,True,True,True,True,2026-08-01 19:11:00.412400+05:30
osm:n7021303658,500081,500081,0.8,nearest_named_place,Thirumala Executive Women's Hostel,Thirumala Executive Women's Hostel,,HOSPITALITY,hotels-and-accommodation,hostel,,,,,,,,,Vittal Rao Nagar,,,Hyderabad,Telangana,IN,17.4467653,78.3875533,exact_storefront,,osm,OpenStreetMap — India extract (Geofabrik),node/7021303658,https://www.openstreetmap.org/node/7021303658,ODbL-1.0,© OpenStreetMap contributors,53,45,0,LOCATABLE,unclaimed,unverified,directory_listing,True,True,True,True,2026-08-01 19:11:00.412400+05:30
osm:n6009842125,500081,500081,0.8,nearest_named_place,EzyStay,EzyStay,,HOSPITALITY,hotels-and-accommodation,guest-house,,,,,,,,,Vittal Rao Nagar,,,Hyderabad,Telangana,IN,17.4449064,78.3874014,exact_storefront,,osm,OpenStreetMap — India extract (Geofabrik),node/6009842125,https://www.openstreetmap.org/node/6009842125,ODbL-1.0,© OpenStreetMap contributors,53,45,0,LOCATABLE,unclaimed,unverified,directory_listing,True,True,True,True,2026-08-01 19:11:00.412400+05:30
osm:n7021303644,500081,500081,0.8,nearest_named_place,Siri Deluxe Men's Hostel,Siri Deluxe Men's Hostel,,HOSPITALITY,hotels-and-accommodation,hostel,,,,,,,,,Madhapur,,,Hyderabad,Telangana,IN,17.4431403,78.3899679,exact_storefront,,osm,OpenStreetMap — India extract (Geofabrik),node/7021303644,https://www.openstreetmap.org/node/7021303644,ODbL-1.0,© OpenStreetMap contributors,53,45,0,LOCATABLE,unclaimed,unverified,directory_listing,True,True,True,True,2026-08-01 19:11:00.412400+05:30
osm:n9917006242,500081,500081,0.8,nearest_named_place,Sri sai women's hostel,Sri sai women's hostel,,HOSPITALITY,hotels-and-accommodation,hostel,,,,,,,,,Ayyappa Society Colony,,,Hyderabad,Telangana,IN,17.4507111,78.3942191,exact_storefront,,osm,OpenStreetMap — India extract (Geofabrik),node/9917006242,https://www.openstreetmap.org/node/9917006242,ODbL-1.0,© OpenStreetMap contributors,53,45,0,LOCATABLE,unclaimed,unverified,directory_listing,True,True,True,True,2026-08-01 19:11:00.412400+05:30
osm:n7021303647,500081,500081,0.8,nearest_named_place,Amar Sai Deluxe Mens Hostel,Amar Sai Deluxe Mens Hostel,,HOSPITALITY,hotels-and-accommodation,hostel,,,,,,,,,Madhapur,,,Hyderabad,Telangana,IN,17.4431534,78.3905805,exact_storefront,,osm,OpenStreetMap — India extract (Geofabrik),node/7021303647,https://www.openstreetmap.org/node/7021303647,ODbL-1.0,© OpenStreetMap contributors,53,45,0,LOCATABLE,unclaimed,unverified,directory_listing,True,True,True,True,2026-08-01 19:11:00.412400+05:30
osm:n7025820895,500081,500081,0.8,nearest_named_place,Brundavan Women PG,Brundavan Women PG,,HOSPITALITY,hotels-and-accommodation,hostel,,,,,,,,,Madhapur,,,Hyderabad,Telangana,IN,17.4420022,78.3910416,exact_storefront,,osm,OpenStreetMap — India extract (Geofabrik),node/7025820895,https://www.openstreetmap.org/node/7025820895,ODbL-1.0,© OpenStreetMap contributors,53,45,0,LOCATABLE,unclaimed,unverified,directory_listing,True,True,True,True,2026-08-01 19:11:00.412400+05:30
osm:n7021303656,500081,500081,0.8,nearest_named_place,Padmaraga Women's Hostel,Padmaraga Women's Hostel,,HOSPITALITY,hotels-and-accommodation,hostel,,,,,,,,,Vittal Rao Nagar,,,Hyderabad,Telangana,IN,17.4428813,78.3856603,exact_storefront,,osm,OpenStreetMap — India extract (Geofabrik),node/7021303656,https://www.openstreetmap.org/node/7021303656,ODbL-1.0,© OpenStreetMap contributors,53,45,0,LOCATABLE,unclaimed,unverified,directory_listing,True,True,True,True,2026-08-01 19:11:00.412400+05:30
osm:n7025820659,500081,500081,0.8,nearest_named_place,VVN Executive Accomodation for Men,VVN Executive Accomodation for Men,,HOSPITALITY,hotels-and-accommodation,hostel,,,,,,,,,Madhapur,,,Hyderabad,Telangana,IN,17.4368461,78.3882734,exact_storefront,,osm,OpenStreetMap — India extract (Geofabrik),node/7025820659,https://www.openstreetmap.org/node/7025820659,ODbL-1.0,© OpenStreetMap contributors,53,45,0,LOCATABLE,unclaimed,unverified,directory_listing,True,True,True,True,2026-08-01 19:11:00.412400+05:30
osm:n7021303651,500081,500081,0.8,nearest_named_place,New Star Deluxe Mens Hostel,New Star Deluxe Mens Hostel,,HOSPITALITY,hotels-and-accommodation,hostel,,,,,,,,,Vittal Rao Nagar,,,Hyderabad,Telangana,IN,17.4428001,78.3865419,exact_storefront,,osm,OpenStreetMap — India extract (Geofabrik),node/7021303651,https://www.openstreetmap.org/node/7021303651,ODbL-1.0,© OpenStreetMap contributors,53,45,0,LOCATABLE,unclaimed,unverified,directory_listing,True,True,True,True,2026-08-01 19:11:00.412400+05:30
osm:n7025820801,500081,500081,0.8,nearest_named_place,Nagarjuna Mens Deluxe hostel,Nagarjuna Mens Deluxe hostel,,HOSPITALITY,hotels-and-accommodation,hostel,,,,,,,,,Ayyappa Society Colony,,,Hyderabad,Telangana,IN,17.4463654,78.3901949,exact_storefront,,osm,OpenStreetMap — India extract (Geofabrik),node/7025820801,https://www.openstreetmap.org/node/7025820801,ODbL-1.0,© OpenStreetMap contributors,53,45,0,LOCATABLE,unclaimed,unverified,directory_listing,True,True,True,True,2026-08-01 19:11:00.412400+05:30
osm:n7021303645,500081,500081,0.8,nearest_named_place,Sri Vinayaka Women's Pg And Hostel,Sri Vinayaka Women's Pg And Hostel,,HOSPITALITY,hotels-and-accommodation,hostel,,,,,,,,,Vittal Rao Nagar,,,Hyderabad,Telangana,IN,17.4431331,78.3885869,exact_storefront,,osm,OpenStreetMap — India extract (Geofabrik),node/7021303645,https://www.openstreetmap.org/node/7021303645,ODbL-1.0,© OpenStreetMap contributors,53,45,0,LOCATABLE,unclaimed,unverified,directory_listing,True,True,True,True,2026-08-01 19:11:00.412400+05:30
osm:n7025820894,500081,500081,0.8,nearest_named_place,Laxmi Hostel for Women,Laxmi Hostel for Women,,HOSPITALITY,hotels-and-accommodation,hostel,,,,,,,,,Madhapur,,,Hyderabad,Telangana,IN,17.4418516,78.3910396,exact_storefront,,osm,OpenStreetMap — India extract (Geofabrik),node/7025820894,https://www.openstreetmap.org/node/7025820894,ODbL-1.0,© OpenStreetMap contributors,53,45,0,LOCATABLE,unclaimed,unverified,directory_listing,True,True,True,True,2026-08-01 19:11:00.412400+05:30
osm:n7021303661,500081,500081,0.8,nearest_named_place,Sri Sai Vinayaka Men's PG and Hostel,Sri Sai Vinayaka Men's PG and Hostel,,HOSPITALITY,hotels-and-accommodation,hostel,,,,,,,,,Vittal Rao Nagar,,,Hyderabad,Telangana,IN,17.4468578,78.3873343,exact_storefront,,osm,OpenStreetMap — India extract (Geofabrik),node/7021303661,https://www.openstreetmap.org/node/7021303661,ODbL-1.0,© OpenStreetMap contributors,53,45,0,LOCATABLE,unclaimed,unverified,directory_listing,True,True,True,True,2026-08-01 19:11:00.412400+05:30
osm:n7035236552,500081,500081,0.8,nearest_named_place,NR Women's Hostel,NR Women's Hostel,,HOSPITALITY,hotels-and-accommodation,hostel,,,,,,,,,Madhapur,,,Hyderabad,Telangana,IN,17.4394711,78.3867605,exact_storefront,,osm,OpenStreetMap — India extract (Geofabrik),node/7035236552,https://www.openstreetmap.org/node/7035236552,ODbL-1.0,© OpenStreetMap contributors,53,45,0,LOCATABLE,unclaimed,unverified,directory_listing,True,True,True,True,2026-08-01 19:11:00.412400+05:30
osm:n7021303660,500081,500081,0.8,nearest_named_place,Sri Srinivasa PG hostel,Sri Srinivasa PG hostel,,HOSPITALITY,hotels-and-accommodation,hostel,,,,,,,,,Vittal Rao Nagar,,,Hyderabad,Telangana,IN,17.4463373,78.3880181,exact_storefront,,osm,OpenStreetMap — India extract (Geofabrik),node/7021303660,https://www.openstreetmap.org/node/7021303660,ODbL-1.0,© OpenStreetMap contributors,53,45,0,LOCATABLE,unclaimed,unverified,directory_listing,True,True,True,True,2026-08-01 19:11:00.412400+05:30
osm:n7025820840,500081,500081,0.8,nearest_named_place,OYO 1117 near Jubilee Hills,OYO 1117 near Jubilee Hills,,HOSPITALITY,hotels-and-accommodation,hotel,,,,,,,,,Kavuri Hills,,,Hyderabad,Telangana,IN,17.43401,78.3928138,exact_storefront,,osm,OpenStreetMap — India extract (Geofabrik),node/7025820840,https://www.openstreetmap.org/node/7025820840,ODbL-1.0,© OpenStreetMap contributors,53,45,60,LOCATABLE,unclaimed,unverified,directory_listing,True,True,True,True,2026-08-01 19:11:00.412400+05:30
osm:n10725352505,500081,500081,0.8,nearest_named_place,VJ Residency,VJ Residency,,HOSPITALITY,hotels-and-accommodation,serviced-apartment,,,,,,,,,Vittal Rao Nagar,,,Hyderabad,Telangana,IN,17.4399616,78.3851953,exact_storefront,,osm,OpenStreetMap — India extract (Geofabrik),node/10725352505,https://www.openstreetmap.org/node/10725352505,ODbL-1.0,© OpenStreetMap contributors,53,45,0,LOCATABLE,unclaimed,unverified,directory_listing,True,True,True,True,2026-08-01 19:11:00.412400+05:30
osm:n1042232797,500081,500081,0.8,nearest_named_place,Swan Suites,Swan Suites,,HOSPITALITY,hotels-and-accommodation,guest-house,,,,,,,,,Vittal Rao Nagar,,,Hyderabad,Telangana,IN,17.4453553,78.3847305,exact_storefront,,osm,OpenStreetMap — India extract (Geofabrik),node/1042232797,https://www.openstreetmap.org/node/1042232797,ODbL-1.0,© OpenStreetMap contributors,53,45,0,LOCATABLE,unclaimed,unverified,directory_listing,True,True,True,True,2026-08-01 19:11:00.412400+05:30
osm:n7021303653,500081,500081,0.8,nearest_named_place,Lotus Grand Pg for Women,Lotus Grand Pg for Women,,HOSPITALITY,hotels-and-accommodation,hostel,,,,,,,,,Vittal Rao Nagar,,,Hyderabad,Telangana,IN,17.4432799,78.3860045,exact_storefront,,osm,OpenStreetMap — India extract (Geofabrik),node/7021303653,https://www.openstreetmap.org/node/7021303653,ODbL-1.0,© OpenStreetMap contributors,53,45,0,LOCATABLE,unclaimed,unverified,directory_listing,True,True,True,True,2026-08-01 19:11:00.412400+05:30
osm:n7025820903,500081,500081,0.8,nearest_named_place,Hotel Supreme Parkview,Hotel Supreme Parkview,,HOSPITALITY,hotels-and-accommodation,hotel,,,,,,,,,Madhapur,,,Hyderabad,Telangana,IN,17.4416093,78.3903002,exact_storefront,,osm,OpenStreetMap — India extract (Geofabrik),node/7025820903,https://www.openstreetmap.org/node/7025820903,ODbL-1.0,© OpenStreetMap contributors,53,45,0,LOCATABLE,unclaimed,unverified,directory_listing,True,True,True,True,2026-08-01 19:11:00.412400+05:30
osm:n10280145241,500081,500081,0.8,nearest_named_place,Sri Venkateshwara Pg/Men's Hostel,Sri Venkateshwara Pg/Men's Hostel,,HOSPITALITY,hotels-and-accommodation,hostel,,,,,,,,,Madhapur,,,Hyderabad,Telangana,IN,17.4410291,78.3933919,exact_storefront,,osm,OpenStreetMap — India extract (Geofabrik),node/10280145241,https://www.openstreetmap.org/node/10280145241,ODbL-1.0,© OpenStreetMap contributors,53,45,0,LOCATABLE,unclaimed,unverified,directory_listing,True,True,True,True,2026-08-01 19:11:00.412400+05:30
osm:n10171328856,500081,500081,0.8,nearest_named_place,Laxmi Srinivasa Mens PG,Laxmi Srinivasa Mens PG,,HOSPITALITY,hotels-and-accommodation,hostel,,,,,,,,,Ayyappa Society Colony,,,Hyderabad,Telangana,IN,17.4508027,78.3940007,exact_storefront,,osm,OpenStreetMap — India extract (Geofabrik),node/10171328856,https://www.openstreetmap.org/node/10171328856,ODbL-1.0,© OpenStreetMap contributors,53,45,0,LOCATABLE,unclaimed,unverified,directory_listing,True,True,True,True,2026-08-01 19:11:00.412400+05:30
osm:n7021303637,500081,500081,0.8,nearest_named_place,RR Girls PG,RR Girls PG,,HOSPITALITY,hotels-and-accommodation,hostel,,,,,,,,,Vittal Rao Nagar,,,Hyderabad,Telangana,IN,17.4425561,78.3858002,exact_storefront,,osm,OpenStreetMap — India extract (Geofabrik),node/7021303637,https://www.openstreetmap.org/node/7021303637,ODbL-1.0,© OpenStreetMap contributors,53,45,0,LOCATABLE,unclaimed,unverified,directory_listing,True,True,True,True,2026-08-01 19:11:00.412400+05:30
osm:n7021303646,500081,500081,0.8,nearest_named_place,Sirisha Working Women's Hostel,Sirisha Working Women's Hostel,,HOSPITALITY,hotels-and-accommodation,hostel,,,,,,,,,Madhapur,,,Hyderabad,Telangana,IN,17.4429556,78.3915017,exact_storefront,,osm,OpenStreetMap — India extract (Geofabrik),node/7021303646,https://www.openstreetmap.org/node/7021303646,ODbL-1.0,© OpenStreetMap contributors,53,45,0,LOCATABLE,unclaimed,unverified,directory_listing,True,True,True,True,2026-08-01 19:11:00.412400+05:30
osm:n7025820870,500081,500081,0.8,nearest_named_place,Sri Laxmi Balaji Womens Hostel,Sri Laxmi Balaji Womens Hostel,,HOSPITALITY,hotels-and-accommodation,hostel,,,,,,,,,Kavuri Hills,,,Hyderabad,Telangana,IN,17.4396893,78.3940188,exact_storefront,,osm,OpenStreetMap — India extract (Geofabrik),node/7025820870,https://www.openstreetmap.org/node/7025820870,ODbL-1.0,© OpenStreetMap contributors,53,45,0,LOCATABLE,unclaimed,unverified,directory_listing,True,True,True,True,2026-08-01 19:11:00.412400+05:30
osm:n7025820794,500081,500081,0.8,nearest_named_place,Sai Nandhini Womens hostel PG & Deluxe,Sai Nandhini Womens hostel PG & Deluxe,,HOSPITALITY,hotels-and-accommodation,hostel,,,,,,,,,Madhapur,,,Hyderabad,Telangana,IN,17.4436789,78.3910568,exact_storefront,,osm,OpenStreetMap — India extract (Geofabrik),node/7025820794,https://www.openstreetmap.org/node/7025820794,ODbL-1.0,© OpenStreetMap contributors,53,45,0,LOCATABLE,unclaimed,unverified,directory_listing,True,True,True,True,2026-08-01 19:11:00.412400+05:30
osm:n7021303659,500081,500081,0.8,nearest_named_place,Nest Hostel For Women,Nest Hostel For Women,,HOSPITALITY,hotels-and-accommodation,hostel,,,,,,,,,Vittal Rao Nagar,,,Hyderabad,Telangana,IN,17.4463444,78.3875201,exact_storefront,,osm,OpenStreetMap — India extract (Geofabrik),node/7021303659,https://www.openstreetmap.org/node/7021303659,ODbL-1.0,© OpenStreetMap contributors,53,45,0,LOCATABLE,unclaimed,unverified,directory_listing,True,True,True,True,2026-08-01 19:11:00.412400+05:30
osm:n7021303652,500081,500081,0.8,nearest_named_place,Dwaraka Mens Hostel,Dwaraka Mens Hostel,,HOSPITALITY,hotels-and-accommodation,hostel,,,,,,,,,Vittal Rao Nagar,,,Hyderabad,Telangana,IN,17.4426701,78.3863369,exact_storefront,,osm,OpenStreetMap — India extract (Geofabrik),node/7021303652,https://www.openstreetmap.org/node/7021303652,ODbL-1.0,© OpenStreetMap contributors,53,45,0,LOCATABLE,unclaimed,unverified,directory_listing,True,True,True,True,2026-08-01 19:11:00.412400+05:30
osm:n7021303649,500081,500081,0.8,nearest_named_place,BGM Womens Hostel,BGM Womens Hostel,,HOSPITALITY,hotels-and-accommodation,hostel,,,,,,,,,Vittal Rao Nagar,,,Hyderabad,Telangana,IN,17.4434827,78.3858473,exact_storefront,,osm,OpenStreetMap — India extract (Geofabrik),node/7021303649,https://www.openstreetmap.org/node/7021303649,ODbL-1.0,© OpenStreetMap contributors,53,45,0,LOCATABLE,unclaimed,unverified,directory_listing,True,True,True,True,2026-08-01 19:11:00.412400+05:30
osm:n7021303611,500081,500081,0.8,nearest_named_place,Sri Venkateshwara Ladies Hostel,Sri Venkateshwara Ladies Hostel,,HOSPITALITY,hotels-and-accommodation,hostel,,,,,,,,,Vittal Rao Nagar,,,Hyderabad,Telangana,IN,17.4433723,78.3869661,exact_storefront,,osm,OpenStreetMap — India extract (Geofabrik),node/7021303611,https://www.openstreetmap.org/node/7021303611,ODbL-1.0,© OpenStreetMap contributors,53,45,0,LOCATABLE,unclaimed,unverified,directory_listing,True,True,True,True,2026-08-01 19:11:00.412400+05:30
osm:n7021303648,500081,500081,0.8,nearest_named_place,Ravi Mens Hostel,Ravi Mens Hostel,,HOSPITALITY,hotels-and-accommodation,hostel,,,,,,,,,Vittal Rao Nagar,,,Hyderabad,Telangana,IN,17.4435974,78.3865007,exact_storefront,,osm,OpenStreetMap — India extract (Geofabrik),node/7021303648,https://www.openstreetmap.org/node/7021303648,ODbL-1.0,© OpenStreetMap contributors,53,45,0,LOCATABLE,unclaimed,unverified,directory_listing,True,True,True,True,2026-08-01 19:11:00.412400+05:30
osm:n7021303613,500081,500081,0.8,nearest_named_place,Sri Balaji Mens Paying Guest Hostel,Sri Balaji Mens Paying Guest Hostel,,HOSPITALITY,hotels-and-accommodation,hostel,,,,,,,,,Vittal Rao Nagar,,,Hyderabad,Telangana,IN,17.442252,78.3880862,exact_storefront,,osm,OpenStreetMap — India extract (Geofabrik),node/7021303613,https://www.openstreetmap.org/node/7021303613,ODbL-1.0,© OpenStreetMap contributors,53,45,0,LOCATABLE,unclaimed,unverified,directory_listing,True,True,True,True,2026-08-01 19:11:00.412400+05:30
osm:n7025820747,500081,500081,0.8,nearest_named_place,Devi Homes,Devi Homes,,HOSPITALITY,hotels-and-accommodation,hotel,,,,,,,,,Madhapur,,,Hyderabad,Telangana,IN,17.4408229,78.3879918,exact_storefront,,osm,OpenStreetMap — India extract (Geofabrik),node/7025820747,https://www.openstreetmap.org/node/7025820747,ODbL-1.0,© OpenStreetMap contributors,53,45,0,LOCATABLE,unclaimed,unverified,directory_listing,True,True,True,True,2026-08-01 19:11:00.412400+05:30
osm:n9960786479,500081,500081,0.8,nearest_named_place,VR Luxury Men's Hostel,VR Luxury Men's Hostel,,HOSPITALITY,hotels-and-accommodation,hostel,,,,,,,,,Ayyappa Society Colony,,,Hyderabad,Telangana,IN,17.4506933,78.3944549,exact_storefront,,osm,OpenStreetMap — India extract (Geofabrik),node/9960786479,https://www.openstreetmap.org/node/9960786479,ODbL-1.0,© OpenStreetMap contributors,53,45,0,LOCATABLE,unclaimed,unverified,directory_listing,True,True,True,True,2026-08-01 19:11:00.412400+05:30
osm:n7025820795,500081,500081,0.8,nearest_named_place,Sai Tirumala Grand Womens Pg and Hostel,Sai Tirumala Grand Womens Pg and Hostel,,HOSPITALITY,hotels-and-accommodation,hostel,,,,,,,,,Madhapur,,,Hyderabad,Telangana,IN,17.4437786,78.3910706,exact_storefront,,osm,OpenStreetMap — India extract (Geofabrik),node/7025820795,https://www.openstreetmap.org/node/7025820795,ODbL-1.0,© OpenStreetMap contributors,53,45,0,LOCATABLE,unclaimed,unverified,directory_listing,True,True,True,True,2026-08-01 19:11:00.412400+05:30
osm:n7021303641,500081,500081,0.8,nearest_named_place,Sri Nilayam Girls Hostel,Sri Nilayam Girls Hostel,,HOSPITALITY,hotels-and-accommodation,hostel,,,,,,,,,Vittal Rao Nagar,,,Hyderabad,Telangana,IN,17.4427968,78.3853026,exact_storefront,,osm,OpenStreetMap — India extract (Geofabrik),node/7021303641,https://www.openstreetmap.org/node/7021303641,ODbL-1.0,© OpenStreetMap contributors,53,45,0,LOCATABLE,unclaimed,unverified,directory_listing,True,True,True,True,2026-08-01 19:11:00.412400+05:30
osm:n7025820792,500081,500081,0.8,nearest_named_place,Srini Men's Hostel,Srini Men's Hostel,,HOSPITALITY,hotels-and-accommodation,hostel,,,,,,,,,Madhapur,,,Hyderabad,Telangana,IN,17.4425979,78.3929188,exact_storefront,,osm,OpenStreetMap — India extract (Geofabrik),node/7025820792,https://www.openstreetmap.org/node/7025820792,ODbL-1.0,© OpenStreetMap contributors,53,45,0,LOCATABLE,unclaimed,unverified,directory_listing,True,True,True,True,2026-08-01 19:11:00.412400+05:30
osm:n7021303619,500081,500081,0.8,nearest_named_place,Shivamani Ladies Hostel,Shivamani Ladies Hostel,,HOSPITALITY,hotels-and-accommodation,hostel,,,,,,,,,Vittal Rao Nagar,,,Hyderabad,Telangana,IN,17.4430165,78.3863794,exact_storefront,,osm,OpenStreetMap — India extract (Geofabrik),node/7021303619,https://www.openstreetmap.org/node/7021303619,ODbL-1.0,© OpenStreetMap contributors,53,45,0,LOCATABLE,unclaimed,unverified,directory_listing,True,True,True,True,2026-08-01 19:11:00.412400+05:30
osm:n7025820809,500081,500081,0.8,nearest_named_place,Treebo Hitec City,Treebo Hitec City,,HOSPITALITY,hotels-and-accommodation,hotel,,,,,,,,,Madhapur,,,Hyderabad,Telangana,IN,17.4381049,78.3889895,exact_storefront,,osm,OpenStreetMap — India extract (Geofabrik),node/7025820809,https://www.openstreetmap.org/node/7025820809,ODbL-1.0,© OpenStreetMap contributors,53,45,0,LOCATABLE,unclaimed,unverified,directory_listing,True,True,True,True,2026-08-01 19:11:00.412400+05:30
osm:n7021303760,500081,500081,0.8,nearest_named_place,NEST Hospitalities,NEST Hospitalities,,HOSPITALITY,hotels-and-accommodation,hostel,,,,,,,,,Vittal Rao Nagar,,,Hyderabad,Telangana,IN,17.4470015,78.3873526,exact_storefront,,osm,OpenStreetMap — India extract (Geofabrik),node/7021303760,https://www.openstreetmap.org/node/7021303760,ODbL-1.0,© OpenStreetMap contributors,53,45,0,LOCATABLE,unclaimed,unverified,directory_listing,True,True,True,True,2026-08-01 19:11:00.412400+05:30
osm:n6277838786,500081,500081,0.8,nearest_named_place,OYO 7707 Corp,OYO 7707 Corp,,HOSPITALITY,hotels-and-accommodation,hotel,,,,,,,,,Madhapur,,,Hyderabad,Telangana,IN,17.4416045,78.3903299,exact_storefront,,osm,OpenStreetMap — India extract (Geofabrik),node/6277838786,https://www.openstreetmap.org/node/6277838786,ODbL-1.0,© OpenStreetMap contributors,53,45,60,LOCATABLE,unclaimed,unverified,directory_listing,True,True,True,True,2026-08-01 19:11:00.412400+05:30
osm:n5942886286,500081,500081,0.8,nearest_named_place,Om Sai,Om Sai,,HOSPITALITY,hotels-and-accommodation,guest-house,,,,,,,,,Vittal Rao Nagar,,,Hyderabad,Telangana,IN,17.4454143,78.3863441,exact_storefront,,osm,OpenStreetMap — India extract (Geofabrik),node/5942886286,https://www.openstreetmap.org/node/5942886286,ODbL-1.0,© OpenStreetMap contributors,53,45,0,LOCATABLE,unclaimed,unverified,directory_listing,True,True,True,True,2026-08-01 19:11:00.412400+05:30
osm:n7025820798,500081,500081,0.8,nearest_named_place,Sri Tirumala men's hostel,Sri Tirumala men's hostel,,HOSPITALITY,hotels-and-accommodation,hostel,,,,,,,,,Ayyappa Society Colony,,,Hyderabad,Telangana,IN,17.4462219,78.3906468,exact_storefront,,osm,OpenStreetMap — India extract (Geofabrik),node/7025820798,https://www.openstreetmap.org/node/7025820798,ODbL-1.0,© OpenStreetMap contributors,53,45,0,LOCATABLE,unclaimed,unverified,directory_listing,True,True,True,True,2026-08-01 19:11:00.412400+05:30
osm:n7025820800,500081,500081,0.8,nearest_named_place,Amma MEN'S PG & hostel,Amma MEN'S PG & hostel,,HOSPITALITY,hotels-and-accommodation,hostel,,,,,,,,,Madhapur,,,Hyderabad,Telangana,IN,17.4443351,78.3907871,exact_storefront,,osm,OpenStreetMap — India extract (Geofabrik),node/7025820800,https://www.openstreetmap.org/node/7025820800,ODbL-1.0,© OpenStreetMap contributors,53,45,0,LOCATABLE,unclaimed,unverified,directory_listing,True,True,True,True,2026-08-01 19:11:00.412400+05:30
osm:n7025820802,500081,500081,0.8,nearest_named_place,Sai mens hostel,Sai mens hostel,,HOSPITALITY,hotels-and-accommodation,hostel,,,,,,,,,Ayyappa Society Colony,,,Hyderabad,Telangana,IN,17.4465487,78.3907204,exact_storefront,,osm,OpenStreetMap — India extract (Geofabrik),node/7025820802,https://www.openstreetmap.org/node/7025820802,ODbL-1.0,© OpenStreetMap contributors,53,45,0,LOCATABLE,unclaimed,unverified,directory_listing,True,True,True,True,2026-08-01 19:11:00.412400+05:30
osm:n7025820803,500081,500081,0.8,nearest_named_place,Raghavendra mens hostel,Raghavendra mens hostel,,HOSPITALITY,hotels-and-accommodation,hostel,,,,,,,,,Ayyappa Society Colony,,,Hyderabad,Telangana,IN,17.4465447,78.3906316,exact_storefront,,osm,OpenStreetMap — India extract (Geofabrik),node/7025820803,https://www.openstreetmap.org/node/7025820803,ODbL-1.0,© OpenStreetMap contributors,53,45,0,LOCATABLE,unclaimed,unverified,directory_listing,True,True,True,True,2026-08-01 19:11:00.412400+05:30
osm:n7025820799,500081,500081,0.8,nearest_named_place,Avasa mens hostel,Avasa mens hostel,,HOSPITALITY,hotels-and-accommodation,hostel,,,,,,,,,Ayyappa Society Colony,,,Hyderabad,Telangana,IN,17.4465459,78.3909698,exact_storefront,,osm,OpenStreetMap — India extract (Geofabrik),node/7025820799,https://www.openstreetmap.org/node/7025820799,ODbL-1.0,© OpenStreetMap contributors,53,45,0,LOCATABLE,unclaimed,unverified,directory_listing,True,True,True,True,2026-08-01 19:11:00.412400+05:30
osm:n7025820789,500081,500081,0.8,nearest_named_place,Shri Sai Varshith Working Men's Hostel & PG,Shri Sai Varshith Working Men's Hostel & PG,,HOSPITALITY,hotels-and-accommodation,hostel,,,,,,,,,Madhapur,,,Hyderabad,Telangana,IN,17.4436959,78.3927028,exact_storefront,,osm,OpenStreetMap — India extract (Geofabrik),node/7025820789,https://www.openstreetmap.org/node/7025820789,ODbL-1.0,© OpenStreetMap contributors,53,45,0,LOCATABLE,unclaimed,unverified,directory_listing,True,True,True,True,2026-08-01 19:11:00.412400+05:30
osm:n7025820797,500081,500081,0.8,nearest_named_place,Sri Devi women's hostel,Sri Devi women's hostel,,HOSPITALITY,hotels-and-accommodation,hostel,,,,,,,,,Madhapur,,,Hyderabad,Telangana,IN,17.4436474,78.3915442,exact_storefront,,osm,OpenStreetMap — India extract (Geofabrik),node/7025820797,https://www.openstreetmap.org/node/7025820797,ODbL-1.0,© OpenStreetMap contributors,53,45,0,LOCATABLE,unclaimed,unverified,directory_listing,True,True,True,True,2026-08-01 19:11:00.412400+05:30
osm:n7021303654,500081,500081,0.8,nearest_named_place,Anupama mens hostel,Anupama mens hostel,,HOSPITALITY,hotels-and-accommodation,hostel,,,,,,,,,Vittal Rao Nagar,,,Hyderabad,Telangana,IN,17.4463676,78.3884371,exact_storefront,,osm,OpenStreetMap — India extract (Geofabrik),node/7021303654,https://www.openstreetmap.org/node/7021303654,ODbL-1.0,© OpenStreetMap contributors,53,45,0,LOCATABLE,unclaimed,unverified,directory_listing,True,True,True,True,2026-08-01 19:11:00.412400+05:30
osm:n10171328877,500081,500081,0.8,nearest_named_place,Raju Gari Vantillu,Raju Gari Vantillu,,HOSPITALITY,hotels-and-accommodation,hotel,,,,,,,,,Ayyappa Society Colony,,,Hyderabad,Telangana,IN,17.4473882,78.3919999,exact_storefront,,osm,OpenStreetMap — India extract (Geofabrik),node/10171328877,https://www.openstreetmap.org/node/10171328877,ODbL-1.0,© OpenStreetMap contributors,53,45,0,LOCATABLE,unclaimed,unverified,directory_listing,True,True,True,True,2026-08-01 19:11:00.412400+05:30
osm:n7097251734,500081,500081,0.8,nearest_named_place,ITC Kohenur,ITC Kohenur,,HOSPITALITY,hotels-and-accommodation,hotel,,,,,,,,,Madhapur,,,Hyderabad,Telangana,IN,17.432179,78.3849981,exact_storefront,,osm,OpenStreetMap — India extract (Geofabrik),node/7097251734,https://www.openstreetmap.org/node/7097251734,ODbL-1.0,© OpenStreetMap contributors,53,45,0,LOCATABLE,unclaimed,unverified,directory_listing,True,True,True,True,2026-08-01 19:11:00.412400+05:30
osm:n7021303655,500081,500081,0.8,nearest_named_place,Ananya women's hostel,Ananya women's hostel,,HOSPITALITY,hotels-and-accommodation,hostel,,,,,,,,,Vittal Rao Nagar,,,Hyderabad,Telangana,IN,17.4465413,78.3883238,exact_storefront,,osm,OpenStreetMap — India extract (Geofabrik),node/7021303655,https://www.openstreetmap.org/node/7021303655,ODbL-1.0,© OpenStreetMap contributors,53,45,0,LOCATABLE,unclaimed,unverified,directory_listing,True,True,True,True,2026-08-01 19:11:00.412400+05:30
osm:n7025820752,500081,500081,0.8,nearest_named_place,World Of Titan,World Of Titan,,RETAIL_STORE,jewellery-stores,watch-store,,,,,,,,,Madhapur,,,Hyderabad,Telangana,IN,17.4342904,78.3864905,exact_storefront,,osm,OpenStreetMap — India extract (Geofabrik),node/7025820752,https://www.openstreetmap.org/node/7025820752,ODbL-1.0,© OpenStreetMap contributors,53,45,0,LOCATABLE,unclaimed,unverified,directory_listing,True,True,True,True,2026-08-01 19:11:00.412400+05:30
osm:n7025820885,500081,500081,0.8,nearest_named_place,Sri Shubham Jewellers,Sri Shubham Jewellers,,RETAIL_STORE,jewellery-stores,jewellery-store,,,,,,,,,Madhapur,,,Hyderabad,Telangana,IN,17.4407083,78.3928026,exact_storefront,,osm,OpenStreetMap — India extract (Geofabrik),node/7025820885,https://www.openstreetmap.org/node/7025820885,ODbL-1.0,© OpenStreetMap contributors,53,45,0,LOCATABLE,unclaimed,unverified,directory_listing,True,True,True,True,2026-08-01 19:11:00.412400+05:30
osm:n6191414039,500081,500081,0.8,nearest_named_place,Sree Ganesh Watch Co,Sree Ganesh Watch Co,,RETAIL_STORE,jewellery-stores,jewellery-store,,,,,,,,,Vittal Rao Nagar,,,Hyderabad,Telangana,IN,17.4439125,78.3869942,exact_storefront,,osm,OpenStreetMap — India extract (Geofabrik),node/6191414039,https://www.openstreetmap.org/node/6191414039,ODbL-1.0,© OpenStreetMap contributors,53,45,0,LOCATABLE,unclaimed,unverified,directory_listing,True,True,True,True,2026-08-01 19:11:00.412400+05:30
osm:n7021303708,500081,500081,0.8,nearest_named_place,Veena Jewellery Works,Veena Jewellery Works,,RETAIL_STORE,jewellery-stores,jewellery-store,,,,,,,,,Vittal Rao Nagar,,,Hyderabad,Telangana,IN,17.442781,78.3885459,exact_storefront,,osm,OpenStreetMap — India extract (Geofabrik),node/7021303708,https://www.openstreetmap.org/node/7021303708,ODbL-1.0,© OpenStreetMap contributors,53,45,0,LOCATABLE,unclaimed,unverified,directory_listing,True,True,True,True,2026-08-01 19:11:00.412400+05:30
osm:n5942781128,500081,500081,0.8,nearest_named_place,Mangatrai,Mangatrai,,RETAIL_STORE,jewellery-stores,jewellery-store,,,,,,,,,Vittal Rao Nagar,,,Hyderabad,Telangana,IN,17.4466298,78.3843137,exact_storefront,,osm,OpenStreetMap — India extract (Geofabrik),node/5942781128,https://www.openstreetmap.org/node/5942781128,ODbL-1.0,© OpenStreetMap contributors,53,45,0,LOCATABLE,unclaimed,unverified,directory_listing,True,True,True,True,2026-08-01 19:11:00.412400+05:30
osm:n7035236536,500081,500081,0.8,nearest_named_place,Krishna Jewellers Pearls & Gems,Krishna Jewellers Pearls & Gems,,RETAIL_STORE,jewellery-stores,jewellery-store,,,,,,,,,Madhapur,,,Hyderabad,Telangana,IN,17.4347076,78.3868021,exact_storefront,,osm,OpenStreetMap — India extract (Geofabrik),node/7035236536,https://www.openstreetmap.org/node/7035236536,ODbL-1.0,© OpenStreetMap contributors,53,45,6,LOCATABLE,unclaimed,unverified,directory_listing,True,True,True,True,2026-08-01 19:11:00.412400+05:30
osm:n7021303751,500081,500081,0.8,nearest_named_place,Care Pharmacy,Care Pharmacy,,RETAIL_STORE,medical-stores-and-pharmacies,pharmacy,,,,,,,,,Vittal Rao Nagar,,,Hyderabad,Telangana,IN,17.4429843,78.387339,exact_storefront,,osm,OpenStreetMap — India extract (Geofabrik),node/7021303751,https://www.openstreetmap.org/node/7021303751,ODbL-1.0,© OpenStreetMap contributors,53,45,60,LOCATABLE,unclaimed,unverified,directory_listing,True,True,True,True,2026-08-01 19:11:00.412400+05:30
osm:n6191762118,500081,500081,0.8,nearest_named_place,JN Pharmacy,JN Pharmacy,,RETAIL_STORE,medical-stores-and-pharmacies,pharmacy,,,,,,,,,Vittal Rao Nagar,,,Hyderabad,Telangana,IN,17.4433495,78.3876668,exact_storefront,,osm,OpenStreetMap — India extract (Geofabrik),node/6191762118,https://www.openstreetmap.org/node/6191762118,ODbL-1.0,© OpenStreetMap contributors,53,45,0,LOCATABLE,unclaimed,unverified,directory_listing,True,True,True,True,2026-08-01 19:11:00.412400+05:30
osm:n7021286970,500081,500081,0.8,nearest_named_place,Hetero pharmacy,Hetero pharmacy,,RETAIL_STORE,medical-stores-and-pharmacies,pharmacy,,,,,,,,,Vittal Rao Nagar,,,Hyderabad,Telangana,IN,17.4441819,78.386775,exact_storefront,,osm,OpenStreetMap — India extract (Geofabrik),node/7021286970,https://www.openstreetmap.org/node/7021286970,ODbL-1.0,© OpenStreetMap contributors,53,45,0,LOCATABLE,unclaimed,unverified,directory_listing,True,True,True,True,2026-08-01 19:11:00.412400+05:30
osm:n6191414042,500081,500081,0.8,nearest_named_place,Apollo Pharmacy,Apollo Pharmacy,,RETAIL_STORE,medical-stores-and-pharmacies,pharmacy,,,,,,,,,Vittal Rao Nagar,,,Hyderabad,Telangana,IN,17.4436402,78.3870944,exact_storefront,,osm,OpenStreetMap — India extract (Geofabrik),node/6191414042,https://www.openstreetmap.org/node/6191414042,ODbL-1.0,© OpenStreetMap contributors,53,45,60,LOCATABLE,unclaimed,unverified,directory_listing,True,True,True,True,2026-08-01 19:11:00.412400+05:30
osm:n7025820761,500081,500081,0.8,nearest_named_place,Pharmacist,Pharmacist,,RETAIL_STORE,medical-stores-and-pharmacies,pharmacy,,,,,,,,,Kavuri Hills,,,Hyderabad,Telangana,IN,17.4403669,78.3950098,exact_storefront,,osm,OpenStreetMap — India extract (Geofabrik),node/7025820761,https://www.openstreetmap.org/node/7025820761,ODbL-1.0,© OpenStreetMap contributors,53,45,60,LOCATABLE,unclaimed,unverified,directory_listing,True,True,True,True,2026-08-01 19:11:00.412400+05:30
osm:n7025820892,500081,500081,0.8,nearest_named_place,MedPlus,MedPlus,,RETAIL_STORE,medical-stores-and-pharmacies,pharmacy,,,,,,,,,Madhapur,,,Hyderabad,Telangana,IN,17.4413009,78.3912398,exact_storefront,,osm,OpenStreetMap — India extract (Geofabrik),node/7025820892,https://www.openstreetmap.org/node/7025820892,ODbL-1.0,© OpenStreetMap contributors,53,45,60,LOCATABLE,unclaimed,unverified,directory_listing,True,True,True,True,2026-08-01 19:11:00.412400+05:30
osm:n6191414037,500081,500081,0.8,nearest_named_place,Esskay Medicals,Esskay Medicals,,RETAIL_STORE,medical-stores-and-pharmacies,pharmacy,,,,,,,,,Vittal Rao Nagar,,,Hyderabad,Telangana,IN,17.4439748,78.386955,exact_storefront,,osm,OpenStreetMap — India extract (Geofabrik),node/6191414037,https://www.openstreetmap.org/node/6191414037,ODbL-1.0,© OpenStreetMap contributors,53,45,0,LOCATABLE,unclaimed,unverified,directory_listing,True,True,True,True,2026-08-01 19:11:00.412400+05:30
osm:n349267752,500081,500081,0.8,nearest_named_place,Apollo Pharmacy,Apollo Pharmacy,,RETAIL_STORE,medical-stores-and-pharmacies,pharmacy,,,,,,,,,Madhapur,,,Hyderabad,Telangana,IN,17.4411195,78.3922165,exact_storefront,,osm,OpenStreetMap — India extract (Geofabrik),node/349267752,https://www.openstreetmap.org/node/349267752,ODbL-1.0,© OpenStreetMap contributors,53,45,60,LOCATABLE,unclaimed,unverified,directory_listing,True,True,True,True,2026-08-01 19:11:00.412400+05:30
osm:n7025820829,500081,500081,0.8,nearest_named_place,Siddha Nagarjuna Ayurveda pharmacy,Siddha Nagarjuna Ayurveda pharmacy,,RETAIL_STORE,medical-stores-and-pharmacies,pharmacy,,,,,,,,,Ayyappa Society Colony,,,Hyderabad,Telangana,IN,17.4478808,78.3905092,exact_storefront,,osm,OpenStreetMap — India extract (Geofabrik),node/7025820829,https://www.openstreetmap.org/node/7025820829,ODbL-1.0,© OpenStreetMap contributors,53,45,60,LOCATABLE,unclaimed,unverified,directory_listing,True,True,True,True,2026-08-01 19:11:00.412400+05:30
osm:n6215618786,500081,500081,0.8,nearest_named_place,Oppo,Oppo,,RETAIL_STORE,mobile-stores,mobile-phone-store,,,,,,,,,Vittal Rao Nagar,,,Hyderabad,Telangana,IN,17.4441712,78.3867845,exact_storefront,,osm,OpenStreetMap — India extract (Geofabrik),node/6215618786,https://www.openstreetmap.org/node/6215618786,ODbL-1.0,© OpenStreetMap contributors,53,45,60,LOCATABLE,unclaimed,unverified,directory_listing,True,True,True,True,2026-08-01 19:11:00.412400+05:30
osm:n7010929310,500081,500081,0.8,nearest_named_place,Veena Mobiles,Veena Mobiles,,RETAIL_STORE,mobile-stores,mobile-phone-store,,,,,,,,,Vittal Rao Nagar,,,Hyderabad,Telangana,IN,17.445661,78.387128,exact_storefront,,osm,OpenStreetMap — India extract (Geofabrik),node/7010929310,https://www.openstreetmap.org/node/7010929310,ODbL-1.0,© OpenStreetMap contributors,53,45,0,LOCATABLE,unclaimed,unverified,directory_listing,True,True,True,True,2026-08-01 19:11:00.412400+05:30
osm:n7025820887,500081,500081,0.8,nearest_named_place,Lot Mobiles,Lot Mobiles,,RETAIL_STORE,mobile-stores,mobile-phone-store,,,,,,,,,Madhapur,,,Hyderabad,Telangana,IN,17.4406864,78.3923745,exact_storefront,,osm,OpenStreetMap — India extract (Geofabrik),node/7025820887,https://www.openstreetmap.org/node/7025820887,ODbL-1.0,© OpenStreetMap contributors,53,45,0,LOCATABLE,unclaimed,unverified,directory_listing,True,True,True,True,2026-08-01 19:11:00.412400+05:30
osm:n5957452786,500081,500081,0.8,nearest_named_place,Vodafone Idea,Vodafone Idea,,RETAIL_STORE,mobile-stores,mobile-phone-store,,,,,,,,,Vittal Rao Nagar,,,Hyderabad,Telangana,IN,17.4448596,78.386572,exact_storefront,,osm,OpenStreetMap — India extract (Geofabrik),node/5957452786,https://www.openstreetmap.org/node/5957452786,ODbL-1.0,© OpenStreetMap contributors,53,45,60,LOCATABLE,unclaimed,unverified,directory_listing,True,True,True,True,2026-08-01 19:11:00.412400+05:30
osm:n5957507486,500081,500081,0.8,nearest_named_place,Mobile Care,Mobile Care,,RETAIL_STORE,mobile-stores,mobile-phone-store,,,,,,,,,Vittal Rao Nagar,,,Hyderabad,Telangana,IN,17.4449581,78.3864908,exact_storefront,,osm,OpenStreetMap — India extract (Geofabrik),node/5957507486,https://www.openstreetmap.org/node/5957507486,ODbL-1.0,© OpenStreetMap contributors,53,45,0,LOCATABLE,unclaimed,unverified,directory_listing,True,True,True,True,2026-08-01 19:11:00.412400+05:30
osm:n7025820900,500081,500081,0.8,nearest_named_place,Big C mobiles,Big C mobiles,,RETAIL_STORE,mobile-stores,mobile-phone-store,,,,,,,,,Madhapur,,,Hyderabad,Telangana,IN,17.4414889,78.3906528,exact_storefront,,osm,OpenStreetMap — India extract (Geofabrik),node/7025820900,https://www.openstreetmap.org/node/7025820900,ODbL-1.0,© OpenStreetMap contributors,53,45,0,LOCATABLE,unclaimed,unverified,directory_listing,True,True,True,True,2026-08-01 19:11:00.412400+05:30
osm:n7025820723,500081,500081,0.8,nearest_named_place,Big C Mobiles,Big C Mobiles,,RETAIL_STORE,mobile-stores,mobile-phone-store,,,,,,,,,Madhapur,,,Hyderabad,Telangana,IN,17.4415976,78.3903627,exact_storefront,,osm,OpenStreetMap — India extract (Geofabrik),node/7025820723,https://www.openstreetmap.org/node/7025820723,ODbL-1.0,© OpenStreetMap contributors,53,45,0,LOCATABLE,unclaimed,unverified,directory_listing,True,True,True,True,2026-08-01 19:11:00.412400+05:30
osm:n7035151537,500081,500081,0.8,nearest_named_place,Mi Store,Mi Store,,RETAIL_STORE,mobile-stores,mobile-phone-store,,,,,,,,,Madhapur,,,Hyderabad,Telangana,IN,17.4410794,78.3897448,exact_storefront,,osm,OpenStreetMap — India extract (Geofabrik),node/7035151537,https://www.openstreetmap.org/node/7035151537,ODbL-1.0,© OpenStreetMap contributors,53,45,0,LOCATABLE,unclaimed,unverified,directory_listing,True,True,True,True,2026-08-01 19:11:00.412400+05:30
osm:w68871414,500081,500081,0.97,exact_source_pincode,Inorbit Mall Cyberabad,Inorbit Mall Cyberabad,,RETAIL_STORE,other-local-businesses,shopping-mall,,,,,,https://www.inorbit.in/cyberabad/mall-information,,,Madhapur,,Hyderabad,Hyderabad,Telangana,IN,17.4339938,78.3866324,building,,osm,OpenStreetMap — India extract (Geofabrik),way/68871414,https://www.openstreetmap.org/way/68871414,ODbL-1.0,© OpenStreetMap contributors,70,55,79,LOCATABLE,unclaimed,unverified,directory_listing,True,True,True,True,2026-08-01 19:20:48.106340+05:30
osm:w751772710,500081,500081,0.8,nearest_named_place,Seasons Swimming Pool,Seasons Swimming Pool,,SERVICE_PROVIDER,other-local-businesses,swimming-pool,,,,,,,,,Ayyappa Society Colony,,,Hyderabad,Telangana,IN,17.4478295,78.3880209,building,,osm,OpenStreetMap — India extract (Geofabrik),way/751772710,https://www.openstreetmap.org/way/751772710,ODbL-1.0,© OpenStreetMap contributors,58,45,0,LOCATABLE,unclaimed,unverified,directory_listing,True,True,True,True,2026-08-01 19:11:00.412400+05:30
osm:w750342960,500081,500081,0.8,nearest_named_place,The Jump Zone,The Jump Zone,,SERVICE_PROVIDER,other-local-businesses,sports-centre,,,,,,,,,Madhapur,,,Hyderabad,Telangana,IN,17.4384581,78.3876232,building,,osm,OpenStreetMap — India extract (Geofabrik),way/750342960,https://www.openstreetmap.org/way/750342960,ODbL-1.0,© OpenStreetMap contributors,58,45,0,LOCATABLE,unclaimed,unverified,directory_listing,True,True,True,True,2026-08-01 19:11:00.412400+05:30
osm:w642221153,500081,500081,0.8,nearest_named_place,Chetan Anand Badminton Academy,Chetan Anand Badminton Academy,,SERVICE_PROVIDER,other-local-businesses,sports-centre,,,,,,,,,Kavuri Hills,,,Hyderabad,Telangana,IN,17.4366454,78.3967255,building,,osm,OpenStreetMap — India extract (Geofabrik),way/642221153,https://www.openstreetmap.org/way/642221153,ODbL-1.0,© OpenStreetMap contributors,58,45,0,LOCATABLE,unclaimed,unverified,directory_listing,True,True,True,True,2026-08-01 19:11:00.412400+05:30
osm:w751007949,500081,500081,0.8,nearest_named_place,Bhaichung Bhutia Football Schools,Bhaichung Bhutia Football Schools,,SERVICE_PROVIDER,other-local-businesses,sports-centre,,,,,,,,,Madhapur,,,Hyderabad,Telangana,IN,17.4379794,78.3862658,building,,osm,OpenStreetMap — India extract (Geofabrik),way/751007949,https://www.openstreetmap.org/way/751007949,ODbL-1.0,© OpenStreetMap contributors,58,45,0,LOCATABLE,unclaimed,unverified,directory_listing,True,True,True,True,2026-08-01 19:11:00.412400+05:30
osm:w626552618,500081,500081,0.8,nearest_named_place,PVR Icon,PVR Icon,,RETAIL_STORE,other-local-businesses,shopping-mall,,,,,,,,,HITEC City,,,Hyderabad,Telangana,IN,17.4481506,78.3844462,building,,osm,OpenStreetMap — India extract (Geofabrik),way/626552618,https://www.openstreetmap.org/way/626552618,ODbL-1.0,© OpenStreetMap contributors,58,45,0,LOCATABLE,unclaimed,unverified,directory_listing,True,True,True,True,2026-08-01 19:20:48.106340+05:30
osm:w751007954,500081,500081,0.8,nearest_named_place,ShootingStarsClub,ShootingStarsClub,,SERVICE_PROVIDER,other-local-businesses,sports-centre,,,,,,,,,HITEC City,,,Hyderabad,Telangana,IN,17.4511816,78.3866498,building,,osm,OpenStreetMap — India extract (Geofabrik),way/751007954,https://www.openstreetmap.org/way/751007954,ODbL-1.0,© OpenStreetMap contributors,58,45,0,LOCATABLE,unclaimed,unverified,directory_listing,True,True,True,True,2026-08-01 19:11:00.412400+05:30
osm:n7025820909,500081,500081,0.8,nearest_named_place,Ramdev Sports,Ramdev Sports,,RETAIL_STORE,other-local-businesses,sports-store,,,,,,,,,Madhapur,,,Hyderabad,Telangana,IN,17.4412812,78.3881439,exact_storefront,,osm,OpenStreetMap — India extract (Geofabrik),node/7025820909,https://www.openstreetmap.org/node/7025820909,ODbL-1.0,© OpenStreetMap contributors,53,45,6,LOCATABLE,unclaimed,unverified,directory_listing,True,True,True,True,2026-08-01 19:11:00.412400+05:30
osm:n5792832707,500081,500081,0.8,nearest_named_place,K9 and Kat,K9 and Kat,,SERVICE_PROVIDER,pet-stores-and-pet-services,veterinary,,+919160820784,mobile,,,,,,Ayyappa Society Colony,,,Hyderabad,Telangana,IN,17.4464898,78.3889706,exact_storefront,,osm,OpenStreetMap — India extract (Geofabrik),node/5792832707,https://www.openstreetmap.org/node/5792832707,ODbL-1.0,© OpenStreetMap contributors,68,65,0,CONTACTABLE,unclaimed,unverified,directory_listing,True,True,True,True,2026-08-01 19:11:00.412400+05:30
osm:n7021303721,500081,500081,0.8,nearest_named_place,Happy Pet Clinic,Happy Pet Clinic,,SERVICE_PROVIDER,pet-stores-and-pet-services,veterinary,,,,,,,,,Madhapur,,,Hyderabad,Telangana,IN,17.4431938,78.3908316,exact_storefront,,osm,OpenStreetMap — India extract (Geofabrik),node/7021303721,https://www.openstreetmap.org/node/7021303721,ODbL-1.0,© OpenStreetMap contributors,53,45,0,LOCATABLE,unclaimed,unverified,directory_listing,True,True,True,True,2026-08-01 19:11:00.412400+05:30
osm:n5692074743,500081,500081,0.8,nearest_named_place,Sri Raghavendra Aquariums,Sri Raghavendra Aquariums,,RETAIL_STORE,pet-stores-and-pet-services,pet-store,,,,,,,,,Ayyappa Society Colony,,,Hyderabad,Telangana,IN,17.4469461,78.3917806,exact_storefront,,osm,OpenStreetMap — India extract (Geofabrik),node/5692074743,https://www.openstreetmap.org/node/5692074743,ODbL-1.0,© OpenStreetMap contributors,53,45,0,LOCATABLE,unclaimed,unverified,directory_listing,True,True,True,True,2026-08-01 19:11:00.412400+05:30
osm:n7025820923,500081,500081,0.8,nearest_named_place,Piscis the Swimming Colours,Piscis the Swimming Colours,,RETAIL_STORE,pet-stores-and-pet-services,pet-store,,,,,,,,,Madhapur,,,Hyderabad,Telangana,IN,17.4410535,78.388621,exact_storefront,,osm,OpenStreetMap — India extract (Geofabrik),node/7025820923,https://www.openstreetmap.org/node/7025820923,ODbL-1.0,© OpenStreetMap contributors,53,45,6,LOCATABLE,unclaimed,unverified,directory_listing,True,True,True,True,2026-08-01 19:11:00.412400+05:30
osm:w1206817963,500081,500081,0.8,nearest_named_place,Indian oil petrol,Indian oil petrol,,RETAIL_STORE,petrol-stations,petrol-station,,,,,,,,,Telecom Nagar,,,Hyderabad,Telangana,IN,17.4362211,78.3749264,building,,osm,OpenStreetMap — India extract (Geofabrik),way/1206817963,https://www.openstreetmap.org/way/1206817963,ODbL-1.0,© OpenStreetMap contributors,58,45,60,LOCATABLE,unclaimed,unverified,directory_listing,True,True,True,True,2026-08-01 19:11:00.412400+05:30
osm:w1152313440,500081,500081,0.8,nearest_named_place,Indian Oil,Indian Oil,,RETAIL_STORE,petrol-stations,petrol-station,,,,,,,,,Vittal Rao Nagar,,,Hyderabad,Telangana,IN,17.4440338,78.3766399,building,,osm,OpenStreetMap — India extract (Geofabrik),way/1152313440,https://www.openstreetmap.org/way/1152313440,ODbL-1.0,© OpenStreetMap contributors,58,45,0,LOCATABLE,unclaimed,unverified,directory_listing,True,True,True,True,2026-08-01 19:11:00.412400+05:30
osm:w1206817962,500081,500081,0.8,nearest_named_place,Indian Oil,Indian Oil,,RETAIL_STORE,petrol-stations,petrol-station,,,,,,,,,Telecom Nagar,,,Hyderabad,Telangana,IN,17.436196,78.3747483,building,,osm,OpenStreetMap — India extract (Geofabrik),way/1206817962,https://www.openstreetmap.org/way/1206817962,ODbL-1.0,© OpenStreetMap contributors,58,45,60,LOCATABLE,unclaimed,unverified,directory_listing,True,True,True,True,2026-08-01 19:11:00.412400+05:30
osm:w1066046353,500081,500081,0.8,nearest_named_place,HP Petrol Bunk,HP Petrol Bunk,,RETAIL_STORE,petrol-stations,petrol-station,,,,,,,,,Vittal Rao Nagar,,,Hyderabad,Telangana,IN,17.4411016,78.3767357,building,,osm,OpenStreetMap — India extract (Geofabrik),way/1066046353,https://www.openstreetmap.org/way/1066046353,ODbL-1.0,© OpenStreetMap contributors,58,45,0,LOCATABLE,unclaimed,unverified,directory_listing,True,True,True,True,2026-08-01 19:11:00.412400+05:30
osm:n349267514,500081,500081,0.8,nearest_named_place,Indian Oil Madhapur,Indian Oil Madhapur,,RETAIL_STORE,petrol-stations,petrol-station,,,,,,,,,Madhapur,,,Hyderabad,Telangana,IN,17.4407798,78.3913972,exact_storefront,,osm,OpenStreetMap — India extract (Geofabrik),node/349267514,https://www.openstreetmap.org/node/349267514,ODbL-1.0,© OpenStreetMap contributors,53,45,42,LOCATABLE,unclaimed,unverified,directory_listing,True,True,True,True,2026-08-01 19:11:00.412400+05:30
osm:n5017549934,500081,500081,0.8,nearest_named_place,Bharat Petroleum,Bharat Petroleum,,RETAIL_STORE,petrol-stations,petrol-station,,,,,,,,,Madhapur,,,Hyderabad,Telangana,IN,17.4374118,78.3883021,exact_storefront,,osm,OpenStreetMap — India extract (Geofabrik),node/5017549934,https://www.openstreetmap.org/node/5017549934,ODbL-1.0,© OpenStreetMap contributors,53,45,60,LOCATABLE,unclaimed,unverified,directory_listing,True,True,True,True,2026-08-01 19:11:00.412400+05:30
osm:n344033815,500081,500081,0.8,nearest_named_place,Indian Oil,Indian Oil,,RETAIL_STORE,petrol-stations,petrol-station,,,,,,,,,Kavuri Hills,,,Hyderabad,Telangana,IN,17.4380252,78.3996269,exact_storefront,,osm,OpenStreetMap — India extract (Geofabrik),node/344033815,https://www.openstreetmap.org/node/344033815,ODbL-1.0,© OpenStreetMap contributors,53,45,0,LOCATABLE,unclaimed,unverified,directory_listing,True,True,True,True,2026-08-01 19:11:00.412400+05:30
osm:n7021303755,500081,500081,0.8,nearest_named_place,TS Online - Mark Services,TS Online - Mark Services,,SERVICE_PROVIDER,printing-and-stationery,internet-cafe,,,,,,,,,Kavuri Hills,,,Hyderabad,Telangana,IN,17.441105,78.3952897,exact_storefront,,osm,OpenStreetMap — India extract (Geofabrik),node/7021303755,https://www.openstreetmap.org/node/7021303755,ODbL-1.0,© OpenStreetMap contributors,53,45,0,LOCATABLE,unclaimed,unverified,directory_listing,True,True,True,True,2026-08-01 19:11:00.412400+05:30
osm:n7021303610,500081,500081,0.8,nearest_named_place,Liberty Book Store,Liberty Book Store,,RETAIL_STORE,printing-and-stationery,stationery-store,,,,,,,,,Vittal Rao Nagar,,,Hyderabad,Telangana,IN,17.4427392,78.3879667,exact_storefront,,osm,OpenStreetMap — India extract (Geofabrik),node/7021303610,https://www.openstreetmap.org/node/7021303610,ODbL-1.0,© OpenStreetMap contributors,53,45,0,LOCATABLE,unclaimed,unverified,directory_listing,True,True,True,True,2026-08-01 19:11:00.412400+05:30
osm:n10849248414,500081,500081,0.97,exact_source_pincode,Linkfields Innovations Private Limited,Linkfields Innovations Private Limited,,SERVICE_PROVIDER,professional-services,company-office,,+914045474849,landline,,,https://linkfields.com,"809, Gowra Fountain Head, Huda Techo Enclave Vitta Rao Nagar",,Vittal Rao Nagar,,Hyderabad,Hyderabad,Telangana,IN,17.4439943,78.3831535,exact_storefront,Mo-Fr 09:00-19:00,osm,OpenStreetMap — India extract (Geofabrik),node/10849248414,https://www.openstreetmap.org/node/10849248414,ODbL-1.0,© OpenStreetMap contributors,90,100,0,CONTACTABLE,unclaimed,unverified,directory_listing,True,True,True,True,2026-08-01 19:11:00.412400+05:30
osm:n4644283716,500081,500081,0.97,exact_source_pincode,Option Matrix Infotech Private Limited.,Option Matrix Infotech Private Limited.,,SERVICE_PROVIDER,professional-services,company-office,,+914064553464,landline,,,https://optionmatrix.com,"100 Feet Road, Silicon Valley, Madhapur",,Ayyappa Society Colony,,Hyderabad,Hyderabad,Telangana,IN,17.4520758,78.3934693,exact_storefront,,osm,OpenStreetMap — India extract (Geofabrik),node/4644283716,https://www.openstreetmap.org/node/4644283716,ODbL-1.0,© OpenStreetMap contributors,90,90,0,CONTACTABLE,unclaimed,unverified,directory_listing,True,True,True,True,2026-08-01 19:11:00.412400+05:30
osm:n13702819101,500081,500081,0.97,exact_source_pincode,Gowra Fountainhead,Gowra Fountainhead,,SERVICE_PROVIDER,professional-services,company-office,,+917330999305,mobile,,sales@gowra.in,https://www.gowraventures.com,Huda Techno Enclave road,,Vittal Rao Nagar,,,Hyderabad,Telangana,IN,17.443798,78.3830878,exact_storefront,Mo-Sa 09:00-18:00,osm,OpenStreetMap — India extract (Geofabrik),node/13702819101,https://www.openstreetmap.org/node/13702819101,ODbL-1.0,© OpenStreetMap contributors,90,100,89,CONTACTABLE,unclaimed,unverified,directory_listing,True,True,True,True,2026-08-01 19:11:00.412400+05:30
osm:n8354338133,500081,500081,0.97,exact_source_pincode,Mantravy Online Services,Mantravy Online Services,,SERVICE_PROVIDER,professional-services,it-services,,+914048581616,landline,,,https://mantravy.com,"532 100 Feet Road, Megha Hills, Madhapur",,Ayyappa Society Colony,,Hyderabad,Hyderabad,Telangana,IN,17.4519517,78.3939093,exact_storefront,Mo-Fr 09:00-18:00,osm,OpenStreetMap — India extract (Geofabrik),node/8354338133,https://www.openstreetmap.org/node/8354338133,ODbL-1.0,© OpenStreetMap contributors,90,100,2,CONTACTABLE,unclaimed,unverified,directory_listing,True,True,True,True,2026-08-01 19:11:00.412400+05:30
osm:n5004970204,500081,500081,0.97,exact_source_pincode,La McLean India Pvt. Ltd.,La McLean India Pvt. Ltd.,,SERVICE_PROVIDER,professional-services,it-services,,+917997951113,mobile,,,http://www.mclean.in,"1-89/3/B/40-42/KS/101, First Floor, Krishe Sapphire Vittal Rao Nagar Madhapur,",,Vittal Rao Nagar,,Hyderabad,Hyderabad,Telangana,IN,17.4425427,78.3871539,exact_storefront,,osm,OpenStreetMap — India extract (Geofabrik),node/5004970204,https://www.openstreetmap.org/node/5004970204,ODbL-1.0,© OpenStreetMap contributors,90,90,0,CONTACTABLE,unclaimed,unverified,directory_listing,True,True,True,True,2026-08-01 19:11:00.412400+05:30
osm:n9913283290,500081,500081,0.97,exact_source_pincode,Nordic Semiconductor ASA,Nordic Semiconductor ASA,,SERVICE_PROVIDER,professional-services,company-office,,+914044991234,landline,,,https://www.nordicsemi.com/About-us/Visit-Us/Asia-Pacific/India/India-Office,"11th floor Western Aqua, White Fields",,Whitefields,,Hyderabad,Hyderabad,Telangana,IN,17.4524256,78.3691322,exact_storefront,,osm,OpenStreetMap — India extract (Geofabrik),node/9913283290,https://www.openstreetmap.org/node/9913283290,ODbL-1.0,© OpenStreetMap contributors,90,90,0,CONTACTABLE,unclaimed,unverified,directory_listing,True,True,True,True,2026-08-01 19:11:00.412400+05:30
osm:n9773299678,500081,500081,0.97,exact_source_pincode,Internet Marketing Services in Hyderabad | Book a service,Internet Marketing Services in Hyderabad | Book a service,,SERVICE_PROVIDER,professional-services,it-services,,+919849720320,mobile,,aoplweb@gmail.com,https://aoplweb.in,"Cyber Pearl B-Block, HiTech City, Madhapur, Hyderabad, Telangana 500081",,HITEC City,,Hyderabad,Hyderabad,Telangana,IN,17.4457128,78.3761857,exact_storefront,Mo-Fr 09:00-17:00,osm,OpenStreetMap — India extract (Geofabrik),node/9773299678,https://www.openstreetmap.org/node/9773299678,ODbL-1.0,© OpenStreetMap contributors,90,100,0,CONTACTABLE,unclaimed,unverified,directory_listing,True,True,True,True,2026-08-01 19:11:00.412400+05:30
osm:n7849753327,500081,500081,0.97,exact_source_pincode,KLR Vertex,KLR Vertex,,SERVICE_PROVIDER,professional-services,company-office,,+918688684684,mobile,,,https://klrvertex.com,,,Kondapur,,Hyderabad,Hyderabad,Telangana,IN,17.456154,78.3757931,exact_storefront,,osm,OpenStreetMap — India extract (Geofabrik),node/7849753327,https://www.openstreetmap.org/node/7849753327,ODbL-1.0,© OpenStreetMap contributors,80,75,64,CONTACTABLE,unclaimed,unverified,directory_listing,True,True,True,True,2026-08-01 19:11:00.412400+05:30
osm:n11422576652,500081,500081,0.97,exact_source_pincode,Intelligent Transpotation System Planners & Engineers,Intelligent Transpotation System Planners & Engineers,,SERVICE_PROVIDER,professional-services,company-office,,+914044334265,landline,,,https://www.itspe.co.in,,,Telecom Nagar,,,Hyderabad,Telangana,IN,17.4431552,78.3727714,exact_storefront,,osm,OpenStreetMap — India extract (Geofabrik),node/11422576652,https://www.openstreetmap.org/node/11422576652,ODbL-1.0,© OpenStreetMap contributors,80,75,13,CONTACTABLE,unclaimed,unverified,directory_listing,True,True,True,True,2026-08-01 19:11:00.412400+05:30
osm:n2962962364,500081,500081,0.97,exact_source_pincode,OpenText,OpenText,,SERVICE_PROVIDER,professional-services,company-office,,,,,,https://www.opentext.com/who-we-are/office-locations/asia-pacific-locations,Building 14,,Vittal Rao Nagar,,Hyderabad,Hyderabad,Telangana,IN,17.437059,78.3829742,exact_storefront,,osm,OpenStreetMap — India extract (Geofabrik),node/2962962364,https://www.openstreetmap.org/node/2962962364,ODbL-1.0,© OpenStreetMap contributors,75,70,100,LOCATABLE,unclaimed,unverified,directory_listing,True,True,True,True,2026-08-01 19:11:00.412400+05:30
osm:n12896161101,500081,500081,0.97,exact_source_pincode,Facebook India,Facebook India,,SERVICE_PROVIDER,professional-services,company-office,,,,,,http://www.meta.com/help,Skyview 10 Hi Tech City Main Road,,Telecom Nagar,,,Hyderabad,Telangana,IN,17.4324633,78.3754773,exact_storefront,Mo-Fr 09:00-18:00,osm,OpenStreetMap — India extract (Geofabrik),node/12896161101,https://www.openstreetmap.org/node/12896161101,ODbL-1.0,© OpenStreetMap contributors,75,80,62,LOCATABLE,unclaimed,unverified,directory_listing,True,True,True,True,2026-08-01 19:11:00.412400+05:30
osm:w356252775,500081,500081,0.97,exact_source_pincode,Dot Labs Web Solutions Pvt Ltd,Dot Labs Web Solutions Pvt Ltd,,SERVICE_PROVIDER,professional-services,company-office,,,,,,,Plot No: 27 Jubilee Enclave,,Kondapur,,madhapur,Hyderabad,Telangana,IN,17.4563706,78.3741569,building,,osm,OpenStreetMap — India extract (Geofabrik),way/356252775,https://www.openstreetmap.org/way/356252775,ODbL-1.0,© OpenStreetMap contributors,75,60,0,LOCATABLE,unclaimed,unverified,directory_listing,True,True,True,True,2026-08-01 19:11:00.412400+05:30
osm:n6880505428,500081,500081,0.97,exact_source_pincode,UNIFY,UNIFY,,SERVICE_PROVIDER,professional-services,company-office,,,,,,https://www.unifytech.com,16 Pioneer Towers HITEC City,,Vittal Rao Nagar,,Hyderabad,Hyderabad,Telangana,IN,17.4362323,78.3821998,exact_storefront,24/7,osm,OpenStreetMap — India extract (Geofabrik),node/6880505428,https://www.openstreetmap.org/node/6880505428,ODbL-1.0,© OpenStreetMap contributors,75,80,0,LOCATABLE,unclaimed,unverified,directory_listing,True,True,True,True,2026-08-01 19:11:00.412400+05:30
osm:n3148718104,500081,500081,0.97,exact_source_pincode,ams Semiconductors India Pvt. Ltd.,ams Semiconductors India Pvt. Ltd.,,SERVICE_PROVIDER,professional-services,company-office,,,,,,https://ams.com/eng,"Hitec City, Cyber Pearl",,Vittal Rao Nagar,,Hyderabad,Hyderabad,Telangana,IN,17.445132,78.3761074,exact_storefront,,osm,OpenStreetMap — India extract (Geofabrik),node/3148718104,https://www.openstreetmap.org/node/3148718104,ODbL-1.0,© OpenStreetMap contributors,75,70,0,LOCATABLE,unclaimed,unverified,directory_listing,True,True,True,True,2026-08-01 19:11:00.412400+05:30
osm:n1836649894,500081,500081,0.97,exact_source_pincode,Kotak Bank,Kotak Bank,,SERVICE_PROVIDER,professional-services,bank,,,,,,,Cyber Towers - Madhapur Main Road,,HITEC City,,Hyderabad,Hyderabad,Telangana,IN,17.4500903,78.3826057,exact_storefront,,osm,OpenStreetMap — India extract (Geofabrik),node/1836649894,https://www.openstreetmap.org/node/1836649894,ODbL-1.0,© OpenStreetMap contributors,70,60,0,LOCATABLE,unclaimed,unverified,directory_listing,True,True,True,True,2026-08-01 19:11:00.412400+05:30
osm:n5795180952,500081,500081,0.97,exact_source_pincode,KMC,KMC,,SERVICE_PROVIDER,professional-services,employment-agency,,,,,,,1-80/40/SP/58-65 Shilpa Homes Layout,,Telecom Nagar,,hyderabad,Hyderabad,Telangana,IN,17.4432649,78.3728016,exact_storefront,Mo-Sa 08:00-18:00,osm,OpenStreetMap — India extract (Geofabrik),node/5795180952,https://www.openstreetmap.org/node/5795180952,ODbL-1.0,© OpenStreetMap contributors,70,70,0,LOCATABLE,unclaimed,unverified,directory_listing,True,True,True,True,2026-08-01 19:11:00.412400+05:30
osm:n6868808571,500081,500081,0.97,exact_source_pincode,Purva Summit,Purva Summit,,SERVICE_PROVIDER,professional-services,company-office,,,,,,,Whitefields Road,,Whitefields,,,Hyderabad,Telangana,IN,17.4535856,78.3701194,exact_storefront,,osm,OpenStreetMap — India extract (Geofabrik),node/6868808571,https://www.openstreetmap.org/node/6868808571,ODbL-1.0,© OpenStreetMap contributors,70,60,36,LOCATABLE,unclaimed,unverified,directory_listing,True,True,True,True,2026-08-01 19:11:00.412400+05:30
osm:n12976164537,500081,500081,0.97,exact_source_pincode,Kotak Mahindra Bank,Kotak Mahindra Bank,,SERVICE_PROVIDER,professional-services,bank,,,,,,,Hitech City - Kondapur Main Road,,Kondapur,,Hyderabad,Hyderabad,Telangana,IN,17.456793,78.3758339,exact_storefront,,osm,OpenStreetMap — India extract (Geofabrik),node/12976164537,https://www.openstreetmap.org/node/12976164537,ODbL-1.0,© OpenStreetMap contributors,70,60,64,LOCATABLE,unclaimed,unverified,directory_listing,True,True,True,True,2026-08-01 19:11:00.412400+05:30
osm:n5778805029,500081,500081,0.97,exact_source_pincode,InventBird Pvt Ltd,InventBird Pvt Ltd,,SERVICE_PROVIDER,professional-services,company-office,,,,,,,"Flat No: 502, PS Residency Jai Hind Gandhi Rd, VIP Hills, Jaihind Enclave, Madhapur",,Ayyappa Society Colony,,Hyderabad,Hyderabad,Telangana,IN,17.4489606,78.3875732,exact_storefront,Mo-Sa 10:00-18:00,osm,OpenStreetMap — India extract (Geofabrik),node/5778805029,https://www.openstreetmap.org/node/5778805029,ODbL-1.0,© OpenStreetMap contributors,70,70,0,LOCATABLE,unclaimed,unverified,directory_listing,True,True,True,True,2026-08-01 19:11:00.412400+05:30
osm:n8145626185,500081,500081,0.97,exact_source_pincode,Aertsen Living,Aertsen Living,,SERVICE_PROVIDER,professional-services,architect,,,,,,,road number 36,,CBI Colony,,Hyderabad,Hyderabad,Telangana,IN,17.4350242,78.4020156,exact_storefront,,osm,OpenStreetMap — India extract (Geofabrik),node/8145626185,https://www.openstreetmap.org/node/8145626185,ODbL-1.0,© OpenStreetMap contributors,70,60,0,LOCATABLE,unclaimed,unverified,directory_listing,True,True,True,True,2026-08-01 19:20:48.106340+05:30
osm:n5160665780,500081,500081,0.97,exact_source_pincode,HDFC Bank,HDFC Bank,,SERVICE_PROVIDER,professional-services,bank,,,,,,,Image Garden Road,,HITEC City,,Hyderabad,Hyderabad,Telangana,IN,17.4504055,78.3858826,exact_storefront,Mo-Sa 09:00-18:00,osm,OpenStreetMap — India extract (Geofabrik),node/5160665780,https://www.openstreetmap.org/node/5160665780,ODbL-1.0,© OpenStreetMap contributors,70,70,60,LOCATABLE,unclaimed,unverified,directory_listing,True,True,True,True,2026-08-01 19:11:00.412400+05:30
osm:n5795182353,500081,500081,0.97,exact_source_pincode,Equiphunt,Equiphunt,,SERVICE_PROVIDER,professional-services,employment-agency,,,,,,,"1-80/40/SP/58-65 Shilpa Homes Layout, Gachibowli",,Telecom Nagar,,hyderabad,Hyderabad,Telangana,IN,17.4430858,78.3728928,exact_storefront,Mo-Sa 08:00-18:00,osm,OpenStreetMap — India extract (Geofabrik),node/5795182353,https://www.openstreetmap.org/node/5795182353,ODbL-1.0,© OpenStreetMap contributors,70,70,0,LOCATABLE,unclaimed,unverified,directory_listing,True,True,True,True,2026-08-01 19:11:00.412400+05:30
osm:n7140598803,500081,500081,0.97,exact_source_pincode,Proventures Education and Consulting Services,Proventures Education and Consulting Services,,SERVICE_PROVIDER,professional-services,company-office,,,,,,,": Plot No.16, 4th Floor, Triveni Towers Silicon Valley 100 Feet Road ,Madhapur",,HITEC City,,Hyderabad,Hyderabad,Telangana,IN,17.4516919,78.3854901,exact_storefront,Mo-Sa 09:00-17:00,osm,OpenStreetMap — India extract (Geofabrik),node/7140598803,https://www.openstreetmap.org/node/7140598803,ODbL-1.0,© OpenStreetMap contributors,70,70,0,LOCATABLE,unclaimed,unverified,directory_listing,True,True,True,True,2026-08-01 19:11:00.412400+05:30
osm:n2458203697,500081,500081,0.97,exact_source_pincode,South Indian Bank,South Indian Bank,,SERVICE_PROVIDER,professional-services,bank,,,,,,,Sri Rama Colony,,Kavuri Hills,,,Hyderabad,Telangana,IN,17.4406066,78.3942786,exact_storefront,,osm,OpenStreetMap — India extract (Geofabrik),node/2458203697,https://www.openstreetmap.org/node/2458203697,ODbL-1.0,© OpenStreetMap contributors,70,60,60,LOCATABLE,unclaimed,unverified,directory_listing,True,True,True,True,2026-08-01 19:11:00.412400+05:30
osm:n7043488849,500081,500081,0.97,exact_source_pincode,Bank of Baroda,Bank of Baroda,,SERVICE_PROVIDER,professional-services,bank,,,,,,,1-98/11 Arunodaya Colony,,Vittal Rao Nagar,,Hyderabad,Hyderabad,Telangana,IN,17.4461803,78.3871687,exact_storefront,,osm,OpenStreetMap — India extract (Geofabrik),node/7043488849,https://www.openstreetmap.org/node/7043488849,ODbL-1.0,© OpenStreetMap contributors,70,60,60,LOCATABLE,unclaimed,unverified,directory_listing,True,True,True,True,2026-08-01 19:11:00.412400+05:30
osm:n2963335213,500081,500081,0.97,exact_source_pincode,Amazon,Amazon,,SERVICE_PROVIDER,professional-services,company-office,,,,,,,Raheja IT Park Road,,Vittal Rao Nagar,,Hyderabad,Hyderabad,Telangana,IN,17.4413528,78.3809773,exact_storefront,,osm,OpenStreetMap — India extract (Geofabrik),node/2963335213,https://www.openstreetmap.org/node/2963335213,ODbL-1.0,© OpenStreetMap contributors,70,60,0,LOCATABLE,unclaimed,unverified,directory_listing,True,True,True,True,2026-08-01 19:11:00.412400+05:30
osm:n13614017002,500081,500081,0.97,exact_source_pincode,PrimEra Medical Technologies ( Corporate Office ),PrimEra Medical Technologies ( Corporate Office ),,SERVICE_PROVIDER,professional-services,company-office,,,,,,,Capital Park Road,,Vittal Rao Nagar,,,Hyderabad,Telangana,IN,17.4467376,78.386358,exact_storefront,24/7,osm,OpenStreetMap — India extract (Geofabrik),node/13614017002,https://www.openstreetmap.org/node/13614017002,ODbL-1.0,© OpenStreetMap contributors,70,70,86,LOCATABLE,unclaimed,unverified,directory_listing,True,True,True,True,2026-08-01 19:11:00.412400+05:30
osm:w356182760,500081,500081,0.8,nearest_named_place,Swan Environmental Pvt Ltd,Swan Environmental Pvt Ltd,,SERVICE_PROVIDER,professional-services,it-services,,,,,,,922,,Ayyappa Society Colony,,,Hyderabad,Telangana,IN,17.4495866,78.3926753,building,,osm,OpenStreetMap — India extract (Geofabrik),way/356182760,https://www.openstreetmap.org/way/356182760,ODbL-1.0,© OpenStreetMap contributors,68,60,0,LOCATABLE,unclaimed,unverified,directory_listing,True,True,True,True,2026-08-01 19:11:00.412400+05:30
osm:n8129902419,500081,500081,0.97,exact_source_pincode,NextBillion.ai,NextBillion.ai,,SERVICE_PROVIDER,professional-services,company-office,,,,,,https://nextbillion.ai,,,Madhapur,,Hyderabad,Hyderabad,Telangana,IN,17.4378622,78.3877308,exact_storefront,,osm,OpenStreetMap — India extract (Geofabrik),node/8129902419,https://www.openstreetmap.org/node/8129902419,ODbL-1.0,© OpenStreetMap contributors,65,55,0,LOCATABLE,unclaimed,unverified,directory_listing,True,True,True,True,2026-08-01 19:11:00.412400+05:30
osm:n7043060807,500081,500081,0.8,nearest_named_place,ICICI Bank,ICICI Bank,,SERVICE_PROVIDER,professional-services,bank,,,,,,,Mindspace,,Vittal Rao Nagar,,Hyderabad,Hyderabad,Telangana,IN,17.4388882,78.3811747,exact_storefront,,osm,OpenStreetMap — India extract (Geofabrik),node/7043060807,https://www.openstreetmap.org/node/7043060807,ODbL-1.0,© OpenStreetMap contributors,63,60,0,LOCATABLE,unclaimed,unverified,directory_listing,True,True,True,True,2026-08-01 19:11:00.412400+05:30
osm:n6215719436,500081,500081,0.8,nearest_named_place,Union Bank of India,Union Bank of India,,SERVICE_PROVIDER,professional-services,atm,,,,,,,Road no. 36,,Kavuri Hills,,,Hyderabad,Telangana,IN,17.4382583,78.3994648,exact_storefront,,osm,OpenStreetMap — India extract (Geofabrik),node/6215719436,https://www.openstreetmap.org/node/6215719436,ODbL-1.0,© OpenStreetMap contributors,63,60,60,LOCATABLE,unclaimed,unverified,directory_listing,True,True,True,True,2026-08-01 19:11:00.412400+05:30
osm:n5835835110,500081,500081,0.8,nearest_named_place,Finbot Pvt Ltd,Finbot Pvt Ltd,,SERVICE_PROVIDER,professional-services,company-office,,,,,,,Image Garden Road,,HITEC City,,,Hyderabad,Telangana,IN,17.4498634,78.3861471,exact_storefront,Mo-Sa 09:30-18:30,osm,OpenStreetMap — India extract (Geofabrik),node/5835835110,https://www.openstreetmap.org/node/5835835110,ODbL-1.0,© OpenStreetMap contributors,63,70,0,LOCATABLE,unclaimed,unverified,directory_listing,True,True,True,True,2026-08-01 19:11:00.412400+05:30
osm:w356193059,500081,500081,0.8,nearest_named_place,91Springboard,91Springboard,,SERVICE_PROVIDER,professional-services,coworking,,,,,,https://www.91springboard.com,,,Kavuri Hills,,,Hyderabad,Telangana,IN,17.4407159,78.3982782,building,24/7,osm,OpenStreetMap — India extract (Geofabrik),way/356193059,https://www.openstreetmap.org/way/356193059,ODbL-1.0,© OpenStreetMap contributors,63,65,0,LOCATABLE,unclaimed,unverified,directory_listing,True,True,True,True,2026-08-01 19:20:48.106340+05:30
osm:n2963757515,500081,500081,0.97,exact_source_pincode,Meta,Meta,,SERVICE_PROVIDER,professional-services,company-office,,,,,,,,,Vittal Rao Nagar,,Hyderabad,Hyderabad,Telangana,IN,17.4367754,78.3840915,exact_storefront,,osm,OpenStreetMap — India extract (Geofabrik),node/2963757515,https://www.openstreetmap.org/node/2963757515,ODbL-1.0,© OpenStreetMap contributors,60,45,24,LOCATABLE,unclaimed,unverified,directory_listing,True,True,True,True,2026-08-01 19:11:00.412400+05:30
osm:n2962951966,500081,500081,0.97,exact_source_pincode,Novartis Healthcare Pvt. Ltd.,Novartis Healthcare Pvt. Ltd.,,SERVICE_PROVIDER,professional-services,company-office,,,,,,,,,Vittal Rao Nagar,,,Hyderabad,Telangana,IN,17.4367771,78.3815497,exact_storefront,,osm,OpenStreetMap — India extract (Geofabrik),node/2962951966,https://www.openstreetmap.org/node/2962951966,ODbL-1.0,© OpenStreetMap contributors,60,45,79,LOCATABLE,unclaimed,unverified,directory_listing,True,True,True,True,2026-08-01 19:11:00.412400+05:30
osm:n2921645169,500081,500081,0.97,exact_source_pincode,HSBC Group Service Centre,HSBC Group Service Centre,,SERVICE_PROVIDER,professional-services,company-office,,,,,,,,,Vittal Rao Nagar,,Hyderabad,Hyderabad,Telangana,IN,17.4412965,78.3807359,exact_storefront,,osm,OpenStreetMap — India extract (Geofabrik),node/2921645169,https://www.openstreetmap.org/node/2921645169,ODbL-1.0,© OpenStreetMap contributors,60,45,0,LOCATABLE,unclaimed,unverified,directory_listing,True,True,True,True,2026-08-01 19:11:00.412400+05:30
osm:n1365115089,500081,500081,0.8,nearest_named_place,ICICI Bank,ICICI Bank,,SERVICE_PROVIDER,professional-services,bank,,,,,,https://www.icicibank.com,,,Kavuri Hills,,,Hyderabad,Telangana,IN,17.439191,78.3959248,exact_storefront,,osm,OpenStreetMap — India extract (Geofabrik),node/1365115089,https://www.openstreetmap.org/node/1365115089,ODbL-1.0,© OpenStreetMap contributors,58,55,60,LOCATABLE,unclaimed,unverified,directory_listing,True,True,True,True,2026-08-01 19:11:00.412400+05:30
osm:w632251670,500081,500081,0.8,nearest_named_place,Tollplus,Tollplus,,SERVICE_PROVIDER,professional-services,company-office,,,,,,,,,Kavuri Hills,,,Hyderabad,Telangana,IN,17.4408702,78.398165,building,,osm,OpenStreetMap — India extract (Geofabrik),way/632251670,https://www.openstreetmap.org/way/632251670,ODbL-1.0,© OpenStreetMap contributors,58,45,0,LOCATABLE,unclaimed,unverified,directory_listing,True,True,True,True,2026-08-01 19:11:00.412400+05:30
osm:n2963764844,500081,500081,0.8,nearest_named_place,Servcorp,Servcorp,,SERVICE_PROVIDER,professional-services,company-office,,,,,,https://www.servcorp.co.in/en/locations/hyderabad/mindspace-complex,,,Vittal Rao Nagar,,Hyderabad,Hyderabad,Telangana,IN,17.4447083,78.3801761,exact_storefront,,osm,OpenStreetMap — India extract (Geofabrik),node/2963764844,https://www.openstreetmap.org/node/2963764844,ODbL-1.0,© OpenStreetMap contributors,58,55,0,LOCATABLE,unclaimed,unverified,directory_listing,True,True,True,True,2026-08-01 19:11:00.412400+05:30
osm:w68883426,500081,500081,0.8,nearest_named_place,SoftSol,SoftSol,,SERVICE_PROVIDER,professional-services,company-office,,,,,,,,,Vittal Rao Nagar,,,Hyderabad,Telangana,IN,17.4395887,78.3780096,building,,osm,OpenStreetMap — India extract (Geofabrik),way/68883426,https://www.openstreetmap.org/way/68883426,ODbL-1.0,© OpenStreetMap contributors,58,45,0,LOCATABLE,unclaimed,unverified,directory_listing,True,True,True,True,2026-08-01 19:11:00.412400+05:30
osm:w68907571,500081,500081,0.8,nearest_named_place,Cyient,Cyient,,SERVICE_PROVIDER,professional-services,company-office,,,,,,,,,Vittal Rao Nagar,,,Hyderabad,Telangana,IN,17.4375326,78.3807614,building,,osm,OpenStreetMap — India extract (Geofabrik),way/68907571,https://www.openstreetmap.org/way/68907571,ODbL-1.0,© OpenStreetMap contributors,58,45,0,LOCATABLE,unclaimed,unverified,directory_listing,True,True,True,True,2026-08-01 19:11:00.412400+05:30
osm:w68883415,500081,500081,0.8,nearest_named_place,TCS Deccan Park,TCS Deccan Park,,SERVICE_PROVIDER,professional-services,company-office,,,,,,,,,Vittal Rao Nagar,,HITEC City,Hyderabad,Telangana,IN,17.4443084,78.377951,building,,osm,OpenStreetMap — India extract (Geofabrik),way/68883415,https://www.openstreetmap.org/way/68883415,ODbL-1.0,© OpenStreetMap contributors,58,45,0,LOCATABLE,unclaimed,unverified,directory_listing,True,True,True,True,2026-08-01 19:11:00.412400+05:30
osm:n1365113659,500081,500081,0.8,nearest_named_place,HDFC Bank,HDFC Bank,,SERVICE_PROVIDER,professional-services,bank,,,,,,https://www.hdfcbank.com,,,Kavuri Hills,,,Hyderabad,Telangana,IN,17.4389249,78.3983334,exact_storefront,,osm,OpenStreetMap — India extract (Geofabrik),node/1365113659,https://www.openstreetmap.org/node/1365113659,ODbL-1.0,© OpenStreetMap contributors,58,55,60,LOCATABLE,unclaimed,unverified,directory_listing,True,True,True,True,2026-08-01 19:11:00.412400+05:30
osm:w356200229,500081,500081,0.8,nearest_named_place,Cyient Ltd,Cyient Ltd,,SERVICE_PROVIDER,professional-services,company-office,,,,,,,,,Vittal Rao Nagar,,,Hyderabad,Telangana,IN,17.4384813,78.380236,building,,osm,OpenStreetMap — India extract (Geofabrik),way/356200229,https://www.openstreetmap.org/way/356200229,ODbL-1.0,© OpenStreetMap contributors,58,45,65,LOCATABLE,unclaimed,unverified,directory_listing,True,True,True,True,2026-08-01 19:11:00.412400+05:30
osm:n355649678,500081,500081,0.8,nearest_named_place,Andhra Bank,Andhra Bank,,SERVICE_PROVIDER,professional-services,bank,,,,,,https://www.andhrabank.in,,,Madhapur,,,Hyderabad,Telangana,IN,17.4407198,78.3924692,exact_storefront,,osm,OpenStreetMap — India extract (Geofabrik),node/355649678,https://www.openstreetmap.org/node/355649678,ODbL-1.0,© OpenStreetMap contributors,58,55,60,LOCATABLE,unclaimed,unverified,directory_listing,True,True,True,True,2026-08-01 19:11:00.412400+05:30
osm:n2964616767,500081,500081,0.8,nearest_named_place,BA Continuum India Pvt Ltd,BA Continuum India Pvt Ltd,,SERVICE_PROVIDER,professional-services,company-office,,,,,,https://careers.bankofamerica.com/continuum/locations,,,Vittal Rao Nagar,,,Hyderabad,Telangana,IN,17.4447937,78.3791899,exact_storefront,,osm,OpenStreetMap — India extract (Geofabrik),node/2964616767,https://www.openstreetmap.org/node/2964616767,ODbL-1.0,© OpenStreetMap contributors,58,55,0,LOCATABLE,unclaimed,unverified,directory_listing,True,True,True,True,2026-08-01 19:11:00.412400+05:30
osm:n2964578879,500081,500081,0.8,nearest_named_place,Ness Technologies,Ness Technologies,,SERVICE_PROVIDER,professional-services,company-office,,,,,,https://www.ness.com/en-in/Company/Pages/Contact-Us.aspx,,,Vittal Rao Nagar,,,Hyderabad,Telangana,IN,17.4447312,78.3804836,exact_storefront,,osm,OpenStreetMap — India extract (Geofabrik),node/2964578879,https://www.openstreetmap.org/node/2964578879,ODbL-1.0,© OpenStreetMap contributors,58,55,0,LOCATABLE,unclaimed,unverified,directory_listing,True,True,True,True,2026-08-01 19:11:00.412400+05:30
osm:n2964587944,500081,500081,0.8,nearest_named_place,Computer Sciences Corporation India Pvt.Ldt,Computer Sciences Corporation India Pvt.Ldt,,SERVICE_PROVIDER,professional-services,company-office,,,,,,http://www.csc.com/in/ds/11515/14542-locations,,,Vittal Rao Nagar,,,Hyderabad,Telangana,IN,17.4401687,78.3801376,exact_storefront,,osm,OpenStreetMap — India extract (Geofabrik),node/2964587944,https://www.openstreetmap.org/node/2964587944,ODbL-1.0,© OpenStreetMap contributors,58,55,0,LOCATABLE,unclaimed,unverified,directory_listing,True,True,True,True,2026-08-01 19:11:00.412400+05:30
osm:n349267763,500081,500081,0.8,nearest_named_place,Syndicate Bank,Syndicate Bank,,SERVICE_PROVIDER,professional-services,bank,,,,,,https://www.syndicatebank.in,,,Madhapur,,,Hyderabad,Telangana,IN,17.4407486,78.39365,exact_storefront,,osm,OpenStreetMap — India extract (Geofabrik),node/349267763,https://www.openstreetmap.org/node/349267763,ODbL-1.0,© OpenStreetMap contributors,58,55,60,LOCATABLE,unclaimed,unverified,directory_listing,True,True,True,True,2026-08-01 19:11:00.412400+05:30
osm:w558351785,500081,500081,0.8,nearest_named_place,Novartis,Novartis,,SERVICE_PROVIDER,professional-services,company-office,,,,,,,,,Vittal Rao Nagar,,,Hyderabad,Telangana,IN,17.4350339,78.3813939,building,,osm,OpenStreetMap — India extract (Geofabrik),way/558351785,https://www.openstreetmap.org/way/558351785,ODbL-1.0,© OpenStreetMap contributors,58,45,89,LOCATABLE,unclaimed,unverified,directory_listing,True,True,True,True,2026-08-01 19:11:00.412400+05:30
osm:w68883439,500081,500081,0.8,nearest_named_place,JVP,JVP,,SERVICE_PROVIDER,professional-services,company-office,,,,,,,,,Vittal Rao Nagar,,,Hyderabad,Telangana,IN,17.4394798,78.378572,building,,osm,OpenStreetMap — India extract (Geofabrik),way/68883439,https://www.openstreetmap.org/way/68883439,ODbL-1.0,© OpenStreetMap contributors,58,45,0,LOCATABLE,unclaimed,unverified,directory_listing,True,True,True,True,2026-08-01 19:11:00.412400+05:30
osm:n3009394901,500081,500081,0.8,nearest_named_place,Colruyt IT Consultancy India Pvt. Ltd.,Colruyt IT Consultancy India Pvt. Ltd.,,SERVICE_PROVIDER,professional-services,company-office,,,,,,http://www.colruyt.in,,,Vittal Rao Nagar,,,Hyderabad,Telangana,IN,17.4436265,78.381557,exact_storefront,,osm,OpenStreetMap — India extract (Geofabrik),node/3009394901,https://www.openstreetmap.org/node/3009394901,ODbL-1.0,© OpenStreetMap contributors,58,55,0,LOCATABLE,unclaimed,unverified,directory_listing,True,True,True,True,2026-08-01 19:11:00.412400+05:30
osm:n5942783241,500081,500081,0.8,nearest_named_place,Lakshmi Vilas Bank,Lakshmi Vilas Bank,,SERVICE_PROVIDER,professional-services,bank,,,,,,,,,Vittal Rao Nagar,,,Hyderabad,Telangana,IN,17.4461031,78.3856195,exact_storefront,24/7,osm,OpenStreetMap — India extract (Geofabrik),node/5942783241,https://www.openstreetmap.org/node/5942783241,ODbL-1.0,© OpenStreetMap contributors,53,55,0,LOCATABLE,unclaimed,unverified,directory_listing,True,True,True,True,2026-08-01 19:11:00.412400+05:30
osm:n7021303694,500081,500081,0.8,nearest_named_place,Arcesium India Pvt Ltd,Arcesium India Pvt Ltd,,SERVICE_PROVIDER,professional-services,company-office,,,,,,,,,Vittal Rao Nagar,,,Hyderabad,Telangana,IN,17.4374706,78.3854305,exact_storefront,,osm,OpenStreetMap — India extract (Geofabrik),node/7021303694,https://www.openstreetmap.org/node/7021303694,ODbL-1.0,© OpenStreetMap contributors,53,45,0,LOCATABLE,unclaimed,unverified,directory_listing,True,True,True,True,2026-08-01 19:11:00.412400+05:30
osm:n7021303693,500081,500081,0.8,nearest_named_place,Amazon Development Center,Amazon Development Center,,SERVICE_PROVIDER,professional-services,company-office,,,,,,,,,Vittal Rao Nagar,,,Hyderabad,Telangana,IN,17.437569,78.3854657,exact_storefront,,osm,OpenStreetMap — India extract (Geofabrik),node/7021303693,https://www.openstreetmap.org/node/7021303693,ODbL-1.0,© OpenStreetMap contributors,53,45,0,LOCATABLE,unclaimed,unverified,directory_listing,True,True,True,True,2026-08-01 19:11:00.412400+05:30
osm:n2963037200,500081,500081,0.8,nearest_named_place,Thomson Reuters,Thomson Reuters,,SERVICE_PROVIDER,professional-services,company-office,,,,,,,,,Vittal Rao Nagar,,,Hyderabad,Telangana,IN,17.4367782,78.3816478,exact_storefront,,osm,OpenStreetMap — India extract (Geofabrik),node/2963037200,https://www.openstreetmap.org/node/2963037200,ODbL-1.0,© OpenStreetMap contributors,53,45,0,LOCATABLE,unclaimed,unverified,directory_listing,True,True,True,True,2026-08-01 19:11:00.412400+05:30
osm:n7021303682,500081,500081,0.8,nearest_named_place,WebFurther India Pvt. Ltd.,WebFurther India Pvt. Ltd.,,SERVICE_PROVIDER,professional-services,it-services,,,,,,,,,HITEC City,,,Hyderabad,Telangana,IN,17.4500391,78.3861339,exact_storefront,,osm,OpenStreetMap — India extract (Geofabrik),node/7021303682,https://www.openstreetmap.org/node/7021303682,ODbL-1.0,© OpenStreetMap contributors,53,45,0,LOCATABLE,unclaimed,unverified,directory_listing,True,True,True,True,2026-08-01 19:11:00.412400+05:30
osm:n10171342021,500081,500081,0.8,nearest_named_place,HDFC ATM,HDFC ATM,,SERVICE_PROVIDER,professional-services,atm,,,,,,,,,Ayyappa Society Colony,,,Hyderabad,Telangana,IN,17.4454861,78.3922374,exact_storefront,,osm,OpenStreetMap — India extract (Geofabrik),node/10171342021,https://www.openstreetmap.org/node/10171342021,ODbL-1.0,© OpenStreetMap contributors,53,45,0,LOCATABLE,unclaimed,unverified,directory_listing,True,True,True,True,2026-08-01 19:11:00.412400+05:30
osm:n7021303678,500081,500081,0.8,nearest_named_place,Photon Technologies,Photon Technologies,,SERVICE_PROVIDER,professional-services,company-office,,,,,,,,,Ayyappa Society Colony,,,Hyderabad,Telangana,IN,17.4507461,78.3876159,exact_storefront,,osm,OpenStreetMap — India extract (Geofabrik),node/7021303678,https://www.openstreetmap.org/node/7021303678,ODbL-1.0,© OpenStreetMap contributors,53,45,0,LOCATABLE,unclaimed,unverified,directory_listing,True,True,True,True,2026-08-01 19:11:00.412400+05:30
osm:n8710513390,500081,500081,0.8,nearest_named_place,Kotak Mahindra Bank,Kotak Mahindra Bank,,SERVICE_PROVIDER,professional-services,bank,,,,,,,,,HITEC City,,,Hyderabad,Telangana,IN,17.4497218,78.3837256,exact_storefront,,osm,OpenStreetMap — India extract (Geofabrik),node/8710513390,https://www.openstreetmap.org/node/8710513390,ODbL-1.0,© OpenStreetMap contributors,53,45,60,LOCATABLE,unclaimed,unverified,directory_listing,True,True,True,True,2026-08-01 19:11:00.412400+05:30
osm:n7021303670,500081,500081,0.8,nearest_named_place,Golden Sun Technology Pvt Ltd,Golden Sun Technology Pvt Ltd,,SERVICE_PROVIDER,professional-services,it-services,,,,,,,,,HITEC City,,,Hyderabad,Telangana,IN,17.4509776,78.3860316,exact_storefront,,osm,OpenStreetMap — India extract (Geofabrik),node/7021303670,https://www.openstreetmap.org/node/7021303670,ODbL-1.0,© OpenStreetMap contributors,53,45,0,LOCATABLE,unclaimed,unverified,directory_listing,True,True,True,True,2026-08-01 19:11:00.412400+05:30
osm:n6935384866,500081,500081,0.8,nearest_named_place,Gvr infra technologies,Gvr infra technologies,,SERVICE_PROVIDER,professional-services,it-services,,,,,,,,,Ayyappa Society Colony,,,Hyderabad,Telangana,IN,17.4487778,78.3893735,exact_storefront,,osm,OpenStreetMap — India extract (Geofabrik),node/6935384866,https://www.openstreetmap.org/node/6935384866,ODbL-1.0,© OpenStreetMap contributors,53,45,0,LOCATABLE,unclaimed,unverified,directory_listing,True,True,True,True,2026-08-01 19:11:00.412400+05:30
osm:n7027716899,500081,500081,0.8,nearest_named_place,Praneeth HP Gas Agency,Praneeth HP Gas Agency,,SERVICE_PROVIDER,professional-services,company-office,,,,,,,,,Ayyappa Society Colony,,,Hyderabad,Telangana,IN,17.4506072,78.390936,exact_storefront,,osm,OpenStreetMap — India extract (Geofabrik),node/7027716899,https://www.openstreetmap.org/node/7027716899,ODbL-1.0,© OpenStreetMap contributors,53,45,0,LOCATABLE,unclaimed,unverified,directory_listing,True,True,True,True,2026-08-01 19:11:00.412400+05:30
osm:n7021303618,500081,500081,0.8,nearest_named_place,Sine90 Software Labs Pvt Ltd,Sine90 Software Labs Pvt Ltd,,SERVICE_PROVIDER,professional-services,it-services,,,,,,,,,Vittal Rao Nagar,,,Hyderabad,Telangana,IN,17.4427508,78.3861477,exact_storefront,,osm,OpenStreetMap — India extract (Geofabrik),node/7021303618,https://www.openstreetmap.org/node/7021303618,ODbL-1.0,© OpenStreetMap contributors,53,45,0,LOCATABLE,unclaimed,unverified,directory_listing,True,True,True,True,2026-08-01 19:11:00.412400+05:30
osm:n6191414047,500081,500081,0.8,nearest_named_place,Western Union,Western Union,,SERVICE_PROVIDER,professional-services,money-transfer,,,,,,,,,Madhapur,,,Hyderabad,Telangana,IN,17.4414318,78.3880171,exact_storefront,,osm,OpenStreetMap — India extract (Geofabrik),node/6191414047,https://www.openstreetmap.org/node/6191414047,ODbL-1.0,© OpenStreetMap contributors,53,45,60,LOCATABLE,unclaimed,unverified,directory_listing,True,True,True,True,2026-08-01 19:20:48.106340+05:30
osm:n7021303704,500081,500081,0.8,nearest_named_place,BlackGrand Stone India Private Limited,BlackGrand Stone India Private Limited,,SERVICE_PROVIDER,professional-services,company-office,,,,,,,,,HITEC City,,,Hyderabad,Telangana,IN,17.4512452,78.3854514,exact_storefront,,osm,OpenStreetMap — India extract (Geofabrik),node/7021303704,https://www.openstreetmap.org/node/7021303704,ODbL-1.0,© OpenStreetMap contributors,53,45,0,LOCATABLE,unclaimed,unverified,directory_listing,True,True,True,True,2026-08-01 19:11:00.412400+05:30
osm:n6822126549,500081,500081,0.8,nearest_named_place,HDFC Bank ATM,HDFC Bank ATM,,SERVICE_PROVIDER,professional-services,atm,,,,,,,,,Vittal Rao Nagar,,,Hyderabad,Telangana,IN,17.444671,78.388582,exact_storefront,,osm,OpenStreetMap — India extract (Geofabrik),node/6822126549,https://www.openstreetmap.org/node/6822126549,ODbL-1.0,© OpenStreetMap contributors,53,45,60,LOCATABLE,unclaimed,unverified,directory_listing,True,True,True,True,2026-08-01 19:11:00.412400+05:30
osm:n5515637843,500081,500081,0.8,nearest_named_place,State Bank of India,State Bank of India,,SERVICE_PROVIDER,professional-services,bank,,,,,,,,,Vittal Rao Nagar,,,Hyderabad,Telangana,IN,17.4414338,78.381119,exact_storefront,,osm,OpenStreetMap — India extract (Geofabrik),node/5515637843,https://www.openstreetmap.org/node/5515637843,ODbL-1.0,© OpenStreetMap contributors,53,45,60,LOCATABLE,unclaimed,unverified,directory_listing,True,True,True,True,2026-08-01 19:11:00.412400+05:30
osm:n7025820850,500081,500081,0.8,nearest_named_place,YuppTV Corporate Office,YuppTV Corporate Office,,SERVICE_PROVIDER,professional-services,company-office,,,,,,,,,CBI Colony,,,Hyderabad,Telangana,IN,17.4337984,78.3989489,exact_storefront,,osm,OpenStreetMap — India extract (Geofabrik),node/7025820850,https://www.openstreetmap.org/node/7025820850,ODbL-1.0,© OpenStreetMap contributors,53,45,0,LOCATABLE,unclaimed,unverified,directory_listing,True,True,True,True,2026-08-01 19:11:00.412400+05:30
osm:n7025820928,500081,500081,0.8,nearest_named_place,studio de veranda,studio de veranda,,SERVICE_PROVIDER,professional-services,architect,,,,,,,,,Vittal Rao Nagar,,,Hyderabad,Telangana,IN,17.4396522,78.3845224,exact_storefront,,osm,OpenStreetMap — India extract (Geofabrik),node/7025820928,https://www.openstreetmap.org/node/7025820928,ODbL-1.0,© OpenStreetMap contributors,53,45,0,LOCATABLE,unclaimed,unverified,directory_listing,True,True,True,True,2026-08-01 19:20:48.106340+05:30
osm:n7025820873,500081,500081,0.8,nearest_named_place,Fanista Advisors,Fanista Advisors,,SERVICE_PROVIDER,professional-services,company-office,,,,,,,,,Madhapur,,,Hyderabad,Telangana,IN,17.4402379,78.3932688,exact_storefront,,osm,OpenStreetMap — India extract (Geofabrik),node/7025820873,https://www.openstreetmap.org/node/7025820873,ODbL-1.0,© OpenStreetMap contributors,53,45,0,LOCATABLE,unclaimed,unverified,directory_listing,True,True,True,True,2026-08-01 19:11:00.412400+05:30
osm:n7025820890,500081,500081,0.8,nearest_named_place,Vinsys IT Services India Pvt Ltd.,Vinsys IT Services India Pvt Ltd.,,SERVICE_PROVIDER,professional-services,it-services,,,,,,,,,Madhapur,,,Hyderabad,Telangana,IN,17.441144,78.3925285,exact_storefront,,osm,OpenStreetMap — India extract (Geofabrik),node/7025820890,https://www.openstreetmap.org/node/7025820890,ODbL-1.0,© OpenStreetMap contributors,53,45,0,LOCATABLE,unclaimed,unverified,directory_listing,True,True,True,True,2026-08-01 19:11:00.412400+05:30
osm:n7025820868,500081,500081,0.8,nearest_named_place,Arbiva Technologies Pvt Ltd,Arbiva Technologies Pvt Ltd,,SERVICE_PROVIDER,professional-services,it-services,,,,,,,,,Madhapur,,,Hyderabad,Telangana,IN,17.4401774,78.3934036,exact_storefront,,osm,OpenStreetMap — India extract (Geofabrik),node/7025820868,https://www.openstreetmap.org/node/7025820868,ODbL-1.0,© OpenStreetMap contributors,53,45,0,LOCATABLE,unclaimed,unverified,directory_listing,True,True,True,True,2026-08-01 19:11:00.412400+05:30
osm:n7025820867,500081,500081,0.8,nearest_named_place,Choral Technologies,Choral Technologies,,SERVICE_PROVIDER,professional-services,it-services,,,,,,,,,Kavuri Hills,,,Hyderabad,Telangana,IN,17.4401776,78.3937366,exact_storefront,,osm,OpenStreetMap — India extract (Geofabrik),node/7025820867,https://www.openstreetmap.org/node/7025820867,ODbL-1.0,© OpenStreetMap contributors,53,45,0,LOCATABLE,unclaimed,unverified,directory_listing,True,True,True,True,2026-08-01 19:11:00.412400+05:30
osm:n7043527232,500081,500081,0.8,nearest_named_place,UCO Bank,UCO Bank,,SERVICE_PROVIDER,professional-services,bank,,,,,,,,,Vittal Rao Nagar,,,Hyderabad,Telangana,IN,17.4460614,78.3861779,exact_storefront,,osm,OpenStreetMap — India extract (Geofabrik),node/7043527232,https://www.openstreetmap.org/node/7043527232,ODbL-1.0,© OpenStreetMap contributors,53,45,60,LOCATABLE,unclaimed,unverified,directory_listing,True,True,True,True,2026-08-01 19:11:00.412400+05:30
osm:n5942783246,500081,500081,0.8,nearest_named_place,Muthoot Finance,Muthoot Finance,,SERVICE_PROVIDER,professional-services,insurance,,,,,,,,,Vittal Rao Nagar,,,Hyderabad,Telangana,IN,17.4460653,78.3861403,exact_storefront,,osm,OpenStreetMap — India extract (Geofabrik),node/5942783246,https://www.openstreetmap.org/node/5942783246,ODbL-1.0,© OpenStreetMap contributors,53,45,0,LOCATABLE,unclaimed,unverified,directory_listing,True,True,True,True,2026-08-01 19:11:00.412400+05:30
osm:n6085373383,500081,500081,0.8,nearest_named_place,Indian Bank,Indian Bank,,SERVICE_PROVIDER,professional-services,bank,,,,,,,,,Vittal Rao Nagar,,,Hyderabad,Telangana,IN,17.4442099,78.3845103,exact_storefront,,osm,OpenStreetMap — India extract (Geofabrik),node/6085373383,https://www.openstreetmap.org/node/6085373383,ODbL-1.0,© OpenStreetMap contributors,53,45,60,LOCATABLE,unclaimed,unverified,directory_listing,True,True,True,True,2026-08-01 19:11:00.412400+05:30
osm:n1909499634,500081,500081,0.8,nearest_named_place,State Bank of India,State Bank of India,,SERVICE_PROVIDER,professional-services,bank,,,,,,,,,Kavuri Hills,,,Hyderabad,Telangana,IN,17.4396721,78.398972,exact_storefront,,osm,OpenStreetMap — India extract (Geofabrik),node/1909499634,https://www.openstreetmap.org/node/1909499634,ODbL-1.0,© OpenStreetMap contributors,53,45,60,LOCATABLE,unclaimed,unverified,directory_listing,True,True,True,True,2026-08-01 19:11:00.412400+05:30
osm:n13637905412,500081,500081,0.8,nearest_named_place,Drogo Drones,Drogo Drones,,SERVICE_PROVIDER,professional-services,company-office,,,,,,,,,Ayyappa Society Colony,,,Hyderabad,Telangana,IN,17.4494268,78.3920286,exact_storefront,,osm,OpenStreetMap — India extract (Geofabrik),node/13637905412,https://www.openstreetmap.org/node/13637905412,ODbL-1.0,© OpenStreetMap contributors,53,45,87,LOCATABLE,unclaimed,unverified,directory_listing,True,True,True,True,2026-08-01 19:11:00.412400+05:30
osm:n7021303672,500081,500081,0.8,nearest_named_place,Seo Development Company,Seo Development Company,,SERVICE_PROVIDER,professional-services,company-office,,,,,,,,,Ayyappa Society Colony,,,Hyderabad,Telangana,IN,17.4501512,78.3874429,exact_storefront,,osm,OpenStreetMap — India extract (Geofabrik),node/7021303672,https://www.openstreetmap.org/node/7021303672,ODbL-1.0,© OpenStreetMap contributors,53,45,0,LOCATABLE,unclaimed,unverified,directory_listing,True,True,True,True,2026-08-01 19:11:00.412400+05:30
osm:n7021303627,500081,500081,0.8,nearest_named_place,Aadithya IT Service,Aadithya IT Service,,SERVICE_PROVIDER,professional-services,it-services,,,,,,,,,Vittal Rao Nagar,,,Hyderabad,Telangana,IN,17.4423936,78.387371,exact_storefront,,osm,OpenStreetMap — India extract (Geofabrik),node/7021303627,https://www.openstreetmap.org/node/7021303627,ODbL-1.0,© OpenStreetMap contributors,53,45,0,LOCATABLE,unclaimed,unverified,directory_listing,True,True,True,True,2026-08-01 19:11:00.412400+05:30
osm:n7025820899,500081,500081,0.8,nearest_named_place,SBH Corner,SBH Corner,,SERVICE_PROVIDER,professional-services,bank,,,,,,,,,Madhapur,,,Hyderabad,Telangana,IN,17.4414609,78.3908468,exact_storefront,,osm,OpenStreetMap — India extract (Geofabrik),node/7025820899,https://www.openstreetmap.org/node/7025820899,ODbL-1.0,© OpenStreetMap contributors,53,45,0,LOCATABLE,unclaimed,unverified,directory_listing,True,True,True,True,2026-08-01 19:11:00.412400+05:30
osm:n7021303667,500081,500081,0.8,nearest_named_place,Maventus Software Technologies Private. Ltd.,Maventus Software Technologies Private. Ltd.,,SERVICE_PROVIDER,professional-services,it-services,,,,,,,,,Kavuri Hills,,,Hyderabad,Telangana,IN,17.4371861,78.3945689,exact_storefront,,osm,OpenStreetMap — India extract (Geofabrik),node/7021303667,https://www.openstreetmap.org/node/7021303667,ODbL-1.0,© OpenStreetMap contributors,53,45,0,LOCATABLE,unclaimed,unverified,directory_listing,True,True,True,True,2026-08-01 19:11:00.412400+05:30
osm:n7021303680,500081,500081,0.8,nearest_named_place,Hulk Logic,Hulk Logic,,SERVICE_PROVIDER,professional-services,company-office,,,,,,,,,Vittal Rao Nagar,,,Hyderabad,Telangana,IN,17.4468748,78.3868891,exact_storefront,,osm,OpenStreetMap — India extract (Geofabrik),node/7021303680,https://www.openstreetmap.org/node/7021303680,ODbL-1.0,© OpenStreetMap contributors,53,45,0,LOCATABLE,unclaimed,unverified,directory_listing,True,True,True,True,2026-08-01 19:11:00.412400+05:30
osm:n7021303681,500081,500081,0.8,nearest_named_place,Finexcore India Private Limited,Finexcore India Private Limited,,SERVICE_PROVIDER,professional-services,company-office,,,,,,,,,HITEC City,,,Hyderabad,Telangana,IN,17.4495375,78.3861145,exact_storefront,,osm,OpenStreetMap — India extract (Geofabrik),node/7021303681,https://www.openstreetmap.org/node/7021303681,ODbL-1.0,© OpenStreetMap contributors,53,45,0,LOCATABLE,unclaimed,unverified,directory_listing,True,True,True,True,2026-08-01 19:11:00.412400+05:30
osm:n7021303690,500081,500081,0.8,nearest_named_place,Logic Planet IT Services Pvt Ltd,Logic Planet IT Services Pvt Ltd,,SERVICE_PROVIDER,professional-services,company-office,,,,,,,,,Madhapur,,,Hyderabad,Telangana,IN,17.4380455,78.3874954,exact_storefront,,osm,OpenStreetMap — India extract (Geofabrik),node/7021303690,https://www.openstreetmap.org/node/7021303690,ODbL-1.0,© OpenStreetMap contributors,53,45,0,LOCATABLE,unclaimed,unverified,directory_listing,True,True,True,True,2026-08-01 19:11:00.412400+05:30
osm:n7021303691,500081,500081,0.8,nearest_named_place,Infinus Capital Management Pvt Ltd,Infinus Capital Management Pvt Ltd,,SERVICE_PROVIDER,professional-services,company-office,,,,,,,,,Vittal Rao Nagar,,,Hyderabad,Telangana,IN,17.4377032,78.385525,exact_storefront,,osm,OpenStreetMap — India extract (Geofabrik),node/7021303691,https://www.openstreetmap.org/node/7021303691,ODbL-1.0,© OpenStreetMap contributors,53,45,0,LOCATABLE,unclaimed,unverified,directory_listing,True,True,True,True,2026-08-01 19:11:00.412400+05:30
osm:n7025820839,500081,500081,0.8,nearest_named_place,Sneha Software Solutions,Sneha Software Solutions,,SERVICE_PROVIDER,professional-services,it-services,,,,,,,,,Kavuri Hills,,,Hyderabad,Telangana,IN,17.4346899,78.3919878,exact_storefront,,osm,OpenStreetMap — India extract (Geofabrik),node/7025820839,https://www.openstreetmap.org/node/7025820839,ODbL-1.0,© OpenStreetMap contributors,53,45,0,LOCATABLE,unclaimed,unverified,directory_listing,True,True,True,True,2026-08-01 19:11:00.412400+05:30
osm:n7025820822,500081,500081,0.8,nearest_named_place,Vision India Infrastructure Private Limited,Vision India Infrastructure Private Limited,,SERVICE_PROVIDER,professional-services,company-office,,,,,,,,,Ayyappa Society Colony,,,Hyderabad,Telangana,IN,17.4516349,78.3920656,exact_storefront,,osm,OpenStreetMap — India extract (Geofabrik),node/7025820822,https://www.openstreetmap.org/node/7025820822,ODbL-1.0,© OpenStreetMap contributors,53,45,0,LOCATABLE,unclaimed,unverified,directory_listing,True,True,True,True,2026-08-01 19:11:00.412400+05:30
osm:n7021303696,500081,500081,0.8,nearest_named_place,Raj news Telugu,Raj news Telugu,,SERVICE_PROVIDER,professional-services,company-office,,,,,,,,,Kavuri Hills,,,Hyderabad,Telangana,IN,17.4376412,78.4014355,exact_storefront,,osm,OpenStreetMap — India extract (Geofabrik),node/7021303696,https://www.openstreetmap.org/node/7021303696,ODbL-1.0,© OpenStreetMap contributors,53,45,0,LOCATABLE,unclaimed,unverified,directory_listing,True,True,True,True,2026-08-01 19:11:00.412400+05:30
osm:n6935208973,500081,500081,0.8,nearest_named_place,Kapston,Kapston,,SERVICE_PROVIDER,professional-services,it-services,,,,,,,,,Ayyappa Society Colony,,,Hyderabad,Telangana,IN,17.4501266,78.3869884,exact_storefront,,osm,OpenStreetMap — India extract (Geofabrik),node/6935208973,https://www.openstreetmap.org/node/6935208973,ODbL-1.0,© OpenStreetMap contributors,53,45,0,LOCATABLE,unclaimed,unverified,directory_listing,True,True,True,True,2026-08-01 19:11:00.412400+05:30
osm:n7025820770,500081,500081,0.8,nearest_named_place,CSR IMPEX Private Limited,CSR IMPEX Private Limited,,SERVICE_PROVIDER,professional-services,it-services,,,,,,,,,Guttala Begumpet,,,Hyderabad,Telangana,IN,17.4450609,78.4002668,exact_storefront,,osm,OpenStreetMap — India extract (Geofabrik),node/7025820770,https://www.openstreetmap.org/node/7025820770,ODbL-1.0,© OpenStreetMap contributors,53,45,0,LOCATABLE,unclaimed,unverified,directory_listing,True,True,True,True,2026-08-01 19:11:00.412400+05:30
osm:n7021303709,500081,500081,0.8,nearest_named_place,Ctrls Host,Ctrls Host,,SERVICE_PROVIDER,professional-services,company-office,,,,,,,,,HITEC City,,,Hyderabad,Telangana,IN,17.4513963,78.3854245,exact_storefront,,osm,OpenStreetMap — India extract (Geofabrik),node/7021303709,https://www.openstreetmap.org/node/7021303709,ODbL-1.0,© OpenStreetMap contributors,53,45,0,LOCATABLE,unclaimed,unverified,directory_listing,True,True,True,True,2026-08-01 19:11:00.412400+05:30
osm:n5942847665,500081,500081,0.8,nearest_named_place,Federal Bank,Federal Bank,,SERVICE_PROVIDER,professional-services,bank,,,,,,,,,Vittal Rao Nagar,,,Hyderabad,Telangana,IN,17.4455953,78.3864912,exact_storefront,,osm,OpenStreetMap — India extract (Geofabrik),node/5942847665,https://www.openstreetmap.org/node/5942847665,ODbL-1.0,© OpenStreetMap contributors,53,45,60,LOCATABLE,unclaimed,unverified,directory_listing,True,True,True,True,2026-08-01 19:11:00.412400+05:30
osm:n7021303685,500081,500081,0.8,nearest_named_place,Sapience Consultancy & Research Pvt Ltd,Sapience Consultancy & Research Pvt Ltd,,SERVICE_PROVIDER,professional-services,company-office,,,,,,,,,Vittal Rao Nagar,,,Hyderabad,Telangana,IN,17.4468658,78.3852913,exact_storefront,,osm,OpenStreetMap — India extract (Geofabrik),node/7021303685,https://www.openstreetmap.org/node/7021303685,ODbL-1.0,© OpenStreetMap contributors,53,45,0,LOCATABLE,unclaimed,unverified,directory_listing,True,True,True,True,2026-08-01 19:11:00.412400+05:30
osm:n5942783247,500081,500081,0.8,nearest_named_place,Bank of Baroda,Bank of Baroda,,SERVICE_PROVIDER,professional-services,bank,,,,,,,,,Vittal Rao Nagar,,,Hyderabad,Telangana,IN,17.4460317,78.3861787,exact_storefront,,osm,OpenStreetMap — India extract (Geofabrik),node/5942783247,https://www.openstreetmap.org/node/5942783247,ODbL-1.0,© OpenStreetMap contributors,53,45,60,LOCATABLE,unclaimed,unverified,directory_listing,True,True,True,True,2026-08-01 19:11:00.412400+05:30
osm:n7021303674,500081,500081,0.8,nearest_named_place,Fedele Info solutions India pvt ltd,Fedele Info solutions India pvt ltd,,SERVICE_PROVIDER,professional-services,company-office,,,,,,,,,CBI Colony,,,Hyderabad,Telangana,IN,17.4335926,78.3922862,exact_storefront,,osm,OpenStreetMap — India extract (Geofabrik),node/7021303674,https://www.openstreetmap.org/node/7021303674,ODbL-1.0,© OpenStreetMap contributors,53,45,0,LOCATABLE,unclaimed,unverified,directory_listing,True,True,True,True,2026-08-01 19:11:00.412400+05:30
osm:n7021303671,500081,500081,0.8,nearest_named_place,Zee Telugu Office,Zee Telugu Office,,SERVICE_PROVIDER,professional-services,company-office,,,,,,,,,Kavuri Hills,,,Hyderabad,Telangana,IN,17.4369051,78.396868,exact_storefront,,osm,OpenStreetMap — India extract (Geofabrik),node/7021303671,https://www.openstreetmap.org/node/7021303671,ODbL-1.0,© OpenStreetMap contributors,53,45,0,LOCATABLE,unclaimed,unverified,directory_listing,True,True,True,True,2026-08-01 19:11:00.412400+05:30
osm:n7021303710,500081,500081,0.8,nearest_named_place,OnexSoftech Private limited,OnexSoftech Private limited,,SERVICE_PROVIDER,professional-services,company-office,,,,,,,,,HITEC City,,,Hyderabad,Telangana,IN,17.4517089,78.3854175,exact_storefront,,osm,OpenStreetMap — India extract (Geofabrik),node/7021303710,https://www.openstreetmap.org/node/7021303710,ODbL-1.0,© OpenStreetMap contributors,53,45,0,LOCATABLE,unclaimed,unverified,directory_listing,True,True,True,True,2026-08-01 19:11:00.412400+05:30
osm:n7021303631,500081,500081,0.8,nearest_named_place,Prog9 Softtech Private Ltd,Prog9 Softtech Private Ltd,,SERVICE_PROVIDER,professional-services,it-services,,,,,,,,,Vittal Rao Nagar,,,Hyderabad,Telangana,IN,17.4424393,78.3873089,exact_storefront,,osm,OpenStreetMap — India extract (Geofabrik),node/7021303631,https://www.openstreetmap.org/node/7021303631,ODbL-1.0,© OpenStreetMap contributors,53,45,0,LOCATABLE,unclaimed,unverified,directory_listing,True,True,True,True,2026-08-01 19:11:00.412400+05:30
osm:n7021303688,500081,500081,0.8,nearest_named_place,UTC Hyderabad Research and Design Center,UTC Hyderabad Research and Design Center,,SERVICE_PROVIDER,professional-services,company-office,,,,,,,,,Vittal Rao Nagar,,,Hyderabad,Telangana,IN,17.4376231,78.3854834,exact_storefront,,osm,OpenStreetMap — India extract (Geofabrik),node/7021303688,https://www.openstreetmap.org/node/7021303688,ODbL-1.0,© OpenStreetMap contributors,53,45,0,LOCATABLE,unclaimed,unverified,directory_listing,True,True,True,True,2026-08-01 19:11:00.412400+05:30
osm:n7021303701,500081,500081,0.8,nearest_named_place,PlayMotion,PlayMotion,,SERVICE_PROVIDER,professional-services,company-office,,,,,,,,,HITEC City,,,Hyderabad,Telangana,IN,17.4508364,78.3858531,exact_storefront,,osm,OpenStreetMap — India extract (Geofabrik),node/7021303701,https://www.openstreetmap.org/node/7021303701,ODbL-1.0,© OpenStreetMap contributors,53,45,0,LOCATABLE,unclaimed,unverified,directory_listing,True,True,True,True,2026-08-01 19:11:00.412400+05:30
osm:n7025820748,500081,500081,0.8,nearest_named_place,Ray Business Technologies Pvt Ltd.,Ray Business Technologies Pvt Ltd.,,SERVICE_PROVIDER,professional-services,it-services,,,,,,,,,Kavuri Hills,,,Hyderabad,Telangana,IN,17.438123,78.3937226,exact_storefront,,osm,OpenStreetMap — India extract (Geofabrik),node/7025820748,https://www.openstreetmap.org/node/7025820748,ODbL-1.0,© OpenStreetMap contributors,53,45,0,LOCATABLE,unclaimed,unverified,directory_listing,True,True,True,True,2026-08-01 19:11:00.412400+05:30
osm:n7025820765,500081,500081,0.8,nearest_named_place,Omega IT Professionals Pvt Ltd,Omega IT Professionals Pvt Ltd,,SERVICE_PROVIDER,professional-services,it-services,,,,,,,,,Kavuri Hills,,,Hyderabad,Telangana,IN,17.4385871,78.3952496,exact_storefront,,osm,OpenStreetMap — India extract (Geofabrik),node/7025820765,https://www.openstreetmap.org/node/7025820765,ODbL-1.0,© OpenStreetMap contributors,53,45,0,LOCATABLE,unclaimed,unverified,directory_listing,True,True,True,True,2026-08-01 19:11:00.412400+05:30
osm:n7025820775,500081,500081,0.8,nearest_named_place,Saky Technologies Pvt Ltd,Saky Technologies Pvt Ltd,,SERVICE_PROVIDER,professional-services,it-services,,,,,,,,,Guttala Begumpet,,,Hyderabad,Telangana,IN,17.446079,78.3998989,exact_storefront,,osm,OpenStreetMap — India extract (Geofabrik),node/7025820775,https://www.openstreetmap.org/node/7025820775,ODbL-1.0,© OpenStreetMap contributors,53,45,0,LOCATABLE,unclaimed,unverified,directory_listing,True,True,True,True,2026-08-01 19:11:00.412400+05:30
osm:n7025820781,500081,500081,0.8,nearest_named_place,Inforaise Technologies Pvt Ltd,Inforaise Technologies Pvt Ltd,,SERVICE_PROVIDER,professional-services,it-services,,,,,,,,,Guttala Begumpet,,,Hyderabad,Telangana,IN,17.4453459,78.3980738,exact_storefront,,osm,OpenStreetMap — India extract (Geofabrik),node/7025820781,https://www.openstreetmap.org/node/7025820781,ODbL-1.0,© OpenStreetMap contributors,53,45,0,LOCATABLE,unclaimed,unverified,directory_listing,True,True,True,True,2026-08-01 19:11:00.412400+05:30
osm:n7021303620,500081,500081,0.8,nearest_named_place,37 Media,37 Media,,SERVICE_PROVIDER,professional-services,it-services,,,,,,,,,Vittal Rao Nagar,,,Hyderabad,Telangana,IN,17.4426807,78.3861367,exact_storefront,,osm,OpenStreetMap — India extract (Geofabrik),node/7021303620,https://www.openstreetmap.org/node/7021303620,ODbL-1.0,© OpenStreetMap contributors,53,45,0,LOCATABLE,unclaimed,unverified,directory_listing,True,True,True,True,2026-08-01 19:11:00.412400+05:30
osm:n7021303616,500081,500081,0.8,nearest_named_place,Elearn Web Designing Course With Placement Hyderabad,Elearn Web Designing Course With Placement Hyderabad,,SERVICE_PROVIDER,professional-services,company-office,,,,,,,,,Vittal Rao Nagar,,,Hyderabad,Telangana,IN,17.4399431,78.3849009,exact_storefront,,osm,OpenStreetMap — India extract (Geofabrik),node/7021303616,https://www.openstreetmap.org/node/7021303616,ODbL-1.0,© OpenStreetMap contributors,53,45,0,LOCATABLE,unclaimed,unverified,directory_listing,True,True,True,True,2026-08-01 19:11:00.412400+05:30
osm:n7025820827,500081,500081,0.8,nearest_named_place,Techgallore It Solutions,Techgallore It Solutions,,SERVICE_PROVIDER,professional-services,it-services,,,,,,,,,Ayyappa Society Colony,,,Hyderabad,Telangana,IN,17.4481249,78.3912448,exact_storefront,,osm,OpenStreetMap — India extract (Geofabrik),node/7025820827,https://www.openstreetmap.org/node/7025820827,ODbL-1.0,© OpenStreetMap contributors,53,45,0,LOCATABLE,unclaimed,unverified,directory_listing,True,True,True,True,2026-08-01 19:11:00.412400+05:30
osm:n7025820819,500081,500081,0.8,nearest_named_place,Varsity Management pvt ltd,Varsity Management pvt ltd,,SERVICE_PROVIDER,professional-services,it-services,,,,,,,,,Ayyappa Society Colony,,,Hyderabad,Telangana,IN,17.448758,78.3917836,exact_storefront,,osm,OpenStreetMap — India extract (Geofabrik),node/7025820819,https://www.openstreetmap.org/node/7025820819,ODbL-1.0,© OpenStreetMap contributors,53,45,0,LOCATABLE,unclaimed,unverified,directory_listing,True,True,True,True,2026-08-01 19:11:00.412400+05:30
osm:n7025820824,500081,500081,0.8,nearest_named_place,Southern Spice,Southern Spice,,SERVICE_PROVIDER,professional-services,company-office,,,,,,,,,Ayyappa Society Colony,,,Hyderabad,Telangana,IN,17.4478774,78.3907721,exact_storefront,,osm,OpenStreetMap — India extract (Geofabrik),node/7025820824,https://www.openstreetmap.org/node/7025820824,ODbL-1.0,© OpenStreetMap contributors,53,45,0,LOCATABLE,unclaimed,unverified,directory_listing,True,True,True,True,2026-08-01 19:11:00.412400+05:30
osm:n7025820833,500081,500081,0.8,nearest_named_place,Virchow Biotech Pvt Ltd,Virchow Biotech Pvt Ltd,,SERVICE_PROVIDER,professional-services,company-office,,,,,,,,,Ayyappa Society Colony,,,Hyderabad,Telangana,IN,17.4510477,78.3914536,exact_storefront,,osm,OpenStreetMap — India extract (Geofabrik),node/7025820833,https://www.openstreetmap.org/node/7025820833,ODbL-1.0,© OpenStreetMap contributors,53,45,0,LOCATABLE,unclaimed,unverified,directory_listing,True,True,True,True,2026-08-01 19:11:00.412400+05:30
osm:n7021303687,500081,500081,0.8,nearest_named_place,TAU Films India Pvt Ltd,TAU Films India Pvt Ltd,,SERVICE_PROVIDER,professional-services,company-office,,,,,,,,,Madhapur,,,Hyderabad,Telangana,IN,17.4381285,78.3871787,exact_storefront,,osm,OpenStreetMap — India extract (Geofabrik),node/7021303687,https://www.openstreetmap.org/node/7021303687,ODbL-1.0,© OpenStreetMap contributors,53,45,0,LOCATABLE,unclaimed,unverified,directory_listing,True,True,True,True,2026-08-01 19:11:00.412400+05:30
osm:n7025820834,500081,500081,0.8,nearest_named_place,Izetta IT Solutions,Izetta IT Solutions,,SERVICE_PROVIDER,professional-services,it-services,,,,,,,,,Ayyappa Society Colony,,,Hyderabad,Telangana,IN,17.4511435,78.3908647,exact_storefront,,osm,OpenStreetMap — India extract (Geofabrik),node/7025820834,https://www.openstreetmap.org/node/7025820834,ODbL-1.0,© OpenStreetMap contributors,53,45,0,LOCATABLE,unclaimed,unverified,directory_listing,True,True,True,True,2026-08-01 19:11:00.412400+05:30
osm:n5942783244,500081,500081,0.8,nearest_named_place,Oriental Bank Of Commerce,Oriental Bank Of Commerce,,SERVICE_PROVIDER,professional-services,bank,,,,,,,,,Vittal Rao Nagar,,,Hyderabad,Telangana,IN,17.4455675,78.3861053,exact_storefront,,osm,OpenStreetMap — India extract (Geofabrik),node/5942783244,https://www.openstreetmap.org/node/5942783244,ODbL-1.0,© OpenStreetMap contributors,53,45,0,LOCATABLE,unclaimed,unverified,directory_listing,True,True,True,True,2026-08-01 19:11:00.412400+05:30
osm:n7043571449,500081,500081,0.8,nearest_named_place,HDFC Bank ATM,HDFC Bank ATM,,SERVICE_PROVIDER,professional-services,atm,,,,,,,,,Vittal Rao Nagar,,,Hyderabad,Telangana,IN,17.4440876,78.3876824,exact_storefront,,osm,OpenStreetMap — India extract (Geofabrik),node/7043571449,https://www.openstreetmap.org/node/7043571449,ODbL-1.0,© OpenStreetMap contributors,53,45,60,LOCATABLE,unclaimed,unverified,directory_listing,True,True,True,True,2026-08-01 19:11:00.412400+05:30
osm:n7025820844,500081,500081,0.8,nearest_named_place,Technovert,Technovert,,SERVICE_PROVIDER,professional-services,it-services,,,,,,,,,Kavuri Hills,,,Hyderabad,Telangana,IN,17.4373379,78.393206,exact_storefront,,osm,OpenStreetMap — India extract (Geofabrik),node/7025820844,https://www.openstreetmap.org/node/7025820844,ODbL-1.0,© OpenStreetMap contributors,53,45,0,LOCATABLE,unclaimed,unverified,directory_listing,True,True,True,True,2026-08-01 19:11:00.412400+05:30
osm:n6935240991,500081,500081,0.8,nearest_named_place,Karvy,Karvy,,SERVICE_PROVIDER,professional-services,it-services,,,,,,,,,Ayyappa Society Colony,,,Hyderabad,Telangana,IN,17.4497721,78.3870909,exact_storefront,,osm,OpenStreetMap — India extract (Geofabrik),node/6935240991,https://www.openstreetmap.org/node/6935240991,ODbL-1.0,© OpenStreetMap contributors,53,45,0,LOCATABLE,unclaimed,unverified,directory_listing,True,True,True,True,2026-08-01 19:11:00.412400+05:30
osm:n7025820922,500081,500081,0.8,nearest_named_place,Venkateshwara Radium and Rexine Works,Venkateshwara Radium and Rexine Works,,SERVICE_PROVIDER,professional-services,company-office,,,,,,,,,Vittal Rao Nagar,,,Hyderabad,Telangana,IN,17.4421309,78.3881648,exact_storefront,,osm,OpenStreetMap — India extract (Geofabrik),node/7025820922,https://www.openstreetmap.org/node/7025820922,ODbL-1.0,© OpenStreetMap contributors,53,45,0,LOCATABLE,unclaimed,unverified,directory_listing,True,True,True,True,2026-08-01 19:11:00.412400+05:30
osm:n5063437424,500081,500081,0.8,nearest_named_place,Realpage,Realpage,,SERVICE_PROVIDER,professional-services,company-office,,,,,,,,,Vittal Rao Nagar,,,Hyderabad,Telangana,IN,17.4369788,78.3839777,exact_storefront,,osm,OpenStreetMap — India extract (Geofabrik),node/5063437424,https://www.openstreetmap.org/node/5063437424,ODbL-1.0,© OpenStreetMap contributors,53,45,26,LOCATABLE,unclaimed,unverified,directory_listing,True,True,True,True,2026-08-01 19:11:00.412400+05:30
osm:n7021303702,500081,500081,0.8,nearest_named_place,Vasista Enterprise Solutions Pvt. Ltd.,Vasista Enterprise Solutions Pvt. Ltd.,,SERVICE_PROVIDER,professional-services,company-office,,,,,,,,,Vittal Rao Nagar,,,Hyderabad,Telangana,IN,17.4474301,78.3852469,exact_storefront,,osm,OpenStreetMap — India extract (Geofabrik),node/7021303702,https://www.openstreetmap.org/node/7021303702,ODbL-1.0,© OpenStreetMap contributors,53,45,0,LOCATABLE,unclaimed,unverified,directory_listing,True,True,True,True,2026-08-01 19:11:00.412400+05:30
osm:n7021303683,500081,500081,0.8,nearest_named_place,VOIP Office Telecommunication pvt ltd,VOIP Office Telecommunication pvt ltd,,SERVICE_PROVIDER,professional-services,company-office,,,,,,,,,Madhapur,,,Hyderabad,Telangana,IN,17.4378795,78.3878729,exact_storefront,,osm,OpenStreetMap — India extract (Geofabrik),node/7021303683,https://www.openstreetmap.org/node/7021303683,ODbL-1.0,© OpenStreetMap contributors,53,45,0,LOCATABLE,unclaimed,unverified,directory_listing,True,True,True,True,2026-08-01 19:11:00.412400+05:30
osm:n7021303679,500081,500081,0.8,nearest_named_place,Smarttrak Solar Systems,Smarttrak Solar Systems,,SERVICE_PROVIDER,professional-services,company-office,,,,,,,,,Vittal Rao Nagar,,,Hyderabad,Telangana,IN,17.4439768,78.3853005,exact_storefront,,osm,OpenStreetMap — India extract (Geofabrik),node/7021303679,https://www.openstreetmap.org/node/7021303679,ODbL-1.0,© OpenStreetMap contributors,53,45,0,LOCATABLE,unclaimed,unverified,directory_listing,True,True,True,True,2026-08-01 19:11:00.412400+05:30
osm:n6866164616,500081,500081,0.8,nearest_named_place,Trigeo Technologies,Trigeo Technologies,,SERVICE_PROVIDER,professional-services,it-services,,,,,,,,,Ayyappa Society Colony,,,Hyderabad,Telangana,IN,17.4505892,78.3929537,exact_storefront,,osm,OpenStreetMap — India extract (Geofabrik),node/6866164616,https://www.openstreetmap.org/node/6866164616,ODbL-1.0,© OpenStreetMap contributors,53,45,0,LOCATABLE,unclaimed,unverified,directory_listing,True,True,True,True,2026-08-01 19:11:00.412400+05:30
osm:n6866164613,500081,500081,0.8,nearest_named_place,Trigeo Technologies,Trigeo Technologies,,SERVICE_PROVIDER,professional-services,it-services,,,,,,,,,Ayyappa Society Colony,,,Hyderabad,Telangana,IN,17.4516375,78.3921952,exact_storefront,,osm,OpenStreetMap — India extract (Geofabrik),node/6866164613,https://www.openstreetmap.org/node/6866164613,ODbL-1.0,© OpenStreetMap contributors,53,45,0,LOCATABLE,unclaimed,unverified,directory_listing,True,True,True,True,2026-08-01 19:11:00.412400+05:30
osm:n7027817040,500081,500081,0.8,nearest_named_place,BIR Solutions,BIR Solutions,,SERVICE_PROVIDER,professional-services,company-office,,,,,,,,,Guttala Begumpet,,,Hyderabad,Telangana,IN,17.444095,78.4009588,exact_storefront,,osm,OpenStreetMap — India extract (Geofabrik),node/7027817040,https://www.openstreetmap.org/node/7027817040,ODbL-1.0,© OpenStreetMap contributors,53,45,0,LOCATABLE,unclaimed,unverified,directory_listing,True,True,True,True,2026-08-01 19:11:00.412400+05:30
osm:n7021303642,500081,500081,0.8,nearest_named_place,Bricks Meadows Apart,Bricks Meadows Apart,,SERVICE_PROVIDER,professional-services,company-office,,,,,,,,,Vittal Rao Nagar,,,Hyderabad,Telangana,IN,17.4421771,78.3849366,exact_storefront,,osm,OpenStreetMap — India extract (Geofabrik),node/7021303642,https://www.openstreetmap.org/node/7021303642,ODbL-1.0,© OpenStreetMap contributors,53,45,0,LOCATABLE,unclaimed,unverified,directory_listing,True,True,True,True,2026-08-01 19:11:00.412400+05:30
osm:n7021303598,500081,500081,0.8,nearest_named_place,KBS Bank Corporate Office,KBS Bank Corporate Office,,SERVICE_PROVIDER,professional-services,bank,,,,,,,,,HITEC City,,,Hyderabad,Telangana,IN,17.4497014,78.3855111,exact_storefront,,osm,OpenStreetMap — India extract (Geofabrik),node/7021303598,https://www.openstreetmap.org/node/7021303598,ODbL-1.0,© OpenStreetMap contributors,53,45,0,LOCATABLE,unclaimed,unverified,directory_listing,True,True,True,True,2026-08-01 19:11:00.412400+05:30
osm:n7021303604,500081,500081,0.8,nearest_named_place,ICICI Bank ATM,ICICI Bank ATM,,SERVICE_PROVIDER,professional-services,atm,,,,,,,,,Vittal Rao Nagar,,,Hyderabad,Telangana,IN,17.4460938,78.3885218,exact_storefront,,osm,OpenStreetMap — India extract (Geofabrik),node/7021303604,https://www.openstreetmap.org/node/7021303604,ODbL-1.0,© OpenStreetMap contributors,53,45,60,LOCATABLE,unclaimed,unverified,directory_listing,True,True,True,True,2026-08-01 19:11:00.412400+05:30
osm:n7021303606,500081,500081,0.8,nearest_named_place,Citi bank ATM,Citi bank ATM,,SERVICE_PROVIDER,professional-services,atm,,,,,,,,,Vittal Rao Nagar,,,Hyderabad,Telangana,IN,17.4373057,78.3853732,exact_storefront,,osm,OpenStreetMap — India extract (Geofabrik),node/7021303606,https://www.openstreetmap.org/node/7021303606,ODbL-1.0,© OpenStreetMap contributors,53,45,60,LOCATABLE,unclaimed,unverified,directory_listing,True,True,True,True,2026-08-01 19:11:00.412400+05:30
osm:n2963306529,500081,500081,0.8,nearest_named_place,Bank of America,Bank of America,,SERVICE_PROVIDER,professional-services,company-office,,,,,,,,,Vittal Rao Nagar,,,Hyderabad,Telangana,IN,17.4417132,78.3797171,exact_storefront,,osm,OpenStreetMap — India extract (Geofabrik),node/2963306529,https://www.openstreetmap.org/node/2963306529,ODbL-1.0,© OpenStreetMap contributors,53,45,0,LOCATABLE,unclaimed,unverified,directory_listing,True,True,True,True,2026-08-01 19:11:00.412400+05:30
osm:n7021303628,500081,500081,0.8,nearest_named_place,Sep Architects Pvt Ltd.,Sep Architects Pvt Ltd.,,SERVICE_PROVIDER,professional-services,company-office,,,,,,,,,Vittal Rao Nagar,,,Hyderabad,Telangana,IN,17.4424829,78.3872417,exact_storefront,,osm,OpenStreetMap — India extract (Geofabrik),node/7021303628,https://www.openstreetmap.org/node/7021303628,ODbL-1.0,© OpenStreetMap contributors,53,45,0,LOCATABLE,unclaimed,unverified,directory_listing,True,True,True,True,2026-08-01 19:11:00.412400+05:30
osm:n7021303638,500081,500081,0.8,nearest_named_place,The Kovil,The Kovil,,SERVICE_PROVIDER,professional-services,company-office,,,,,,,,,Vittal Rao Nagar,,,Hyderabad,Telangana,IN,17.4422421,78.3855359,exact_storefront,,osm,OpenStreetMap — India extract (Geofabrik),node/7021303638,https://www.openstreetmap.org/node/7021303638,ODbL-1.0,© OpenStreetMap contributors,53,45,0,LOCATABLE,unclaimed,unverified,directory_listing,True,True,True,True,2026-08-01 19:11:00.412400+05:30
osm:n7021303643,500081,500081,0.8,nearest_named_place,Big C corporate Office,Big C corporate Office,,SERVICE_PROVIDER,professional-services,it-services,,,,,,,,,Vittal Rao Nagar,,,Hyderabad,Telangana,IN,17.4424394,78.3853676,exact_storefront,,osm,OpenStreetMap — India extract (Geofabrik),node/7021303643,https://www.openstreetmap.org/node/7021303643,ODbL-1.0,© OpenStreetMap contributors,53,45,0,LOCATABLE,unclaimed,unverified,directory_listing,True,True,True,True,2026-08-01 19:11:00.412400+05:30
osm:n7025820771,500081,500081,0.8,nearest_named_place,Envision Landscape architects,Envision Landscape architects,,SERVICE_PROVIDER,professional-services,architect,,,,,,,,,Guttala Begumpet,,,Hyderabad,Telangana,IN,17.4466489,78.3996658,exact_storefront,,osm,OpenStreetMap — India extract (Geofabrik),node/7025820771,https://www.openstreetmap.org/node/7025820771,ODbL-1.0,© OpenStreetMap contributors,53,45,0,LOCATABLE,unclaimed,unverified,directory_listing,True,True,True,True,2026-08-01 19:20:48.106340+05:30
osm:n7043571451,500081,500081,0.8,nearest_named_place,ICICI Bank ATM,ICICI Bank ATM,,SERVICE_PROVIDER,professional-services,atm,,,,,,,,,Vittal Rao Nagar,,,Hyderabad,Telangana,IN,17.444293,78.3876626,exact_storefront,,osm,OpenStreetMap — India extract (Geofabrik),node/7043571451,https://www.openstreetmap.org/node/7043571451,ODbL-1.0,© OpenStreetMap contributors,53,45,60,LOCATABLE,unclaimed,unverified,directory_listing,True,True,True,True,2026-08-01 19:11:00.412400+05:30
osm:n7025820898,500081,500081,0.8,nearest_named_place,Ingresos Technologies,Ingresos Technologies,,SERVICE_PROVIDER,professional-services,it-services,,,,,,,,,Madhapur,,,Hyderabad,Telangana,IN,17.4415909,78.390402,exact_storefront,,osm,OpenStreetMap — India extract (Geofabrik),node/7025820898,https://www.openstreetmap.org/node/7025820898,ODbL-1.0,© OpenStreetMap contributors,53,45,0,LOCATABLE,unclaimed,unverified,directory_listing,True,True,True,True,2026-08-01 19:11:00.412400+05:30
osm:n10609577259,500081,500081,0.8,nearest_named_place,Telstra Hyderabad,Telstra Hyderabad,,SERVICE_PROVIDER,professional-services,company-office,,,,,,,,,Madhapur,,,Hyderabad,Telangana,IN,17.4373905,78.3865911,exact_storefront,,osm,OpenStreetMap — India extract (Geofabrik),node/10609577259,https://www.openstreetmap.org/node/10609577259,ODbL-1.0,© OpenStreetMap contributors,53,45,0,LOCATABLE,unclaimed,unverified,directory_listing,True,True,True,True,2026-08-01 19:11:00.412400+05:30
osm:n7025820777,500081,500081,0.8,nearest_named_place,ENH iSecure Pvt Ltd,ENH iSecure Pvt Ltd,,SERVICE_PROVIDER,professional-services,it-services,,,,,,,,,Guttala Begumpet,,,Hyderabad,Telangana,IN,17.4453869,78.3980799,exact_storefront,,osm,OpenStreetMap — India extract (Geofabrik),node/7025820777,https://www.openstreetmap.org/node/7025820777,ODbL-1.0,© OpenStreetMap contributors,53,45,0,LOCATABLE,unclaimed,unverified,directory_listing,True,True,True,True,2026-08-01 19:11:00.412400+05:30
osm:n7025820763,500081,500081,0.8,nearest_named_place,Rapido Technologies,Rapido Technologies,,SERVICE_PROVIDER,professional-services,company-office,,,,,,,,,Kavuri Hills,,,Hyderabad,Telangana,IN,17.4385117,78.3954752,exact_storefront,,osm,OpenStreetMap — India extract (Geofabrik),node/7025820763,https://www.openstreetmap.org/node/7025820763,ODbL-1.0,© OpenStreetMap contributors,53,45,0,LOCATABLE,unclaimed,unverified,directory_listing,True,True,True,True,2026-08-01 19:11:00.412400+05:30
osm:n7025820808,500081,500081,0.8,nearest_named_place,Sri Kakatiya Industries (India)Pvt.ltd,Sri Kakatiya Industries (India)Pvt.ltd,,SERVICE_PROVIDER,professional-services,it-services,,,,,,,,,Kavuri Hills,,,Hyderabad,Telangana,IN,17.4351204,78.3938267,exact_storefront,,osm,OpenStreetMap — India extract (Geofabrik),node/7025820808,https://www.openstreetmap.org/node/7025820808,ODbL-1.0,© OpenStreetMap contributors,53,45,0,LOCATABLE,unclaimed,unverified,directory_listing,True,True,True,True,2026-08-01 19:11:00.412400+05:30
osm:n7021303699,500081,500081,0.8,nearest_named_place,Velaga Soft Solutions Private Limited,Velaga Soft Solutions Private Limited,,SERVICE_PROVIDER,professional-services,company-office,,,,,,,,,HITEC City,,,Hyderabad,Telangana,IN,17.449272,78.3855176,exact_storefront,,osm,OpenStreetMap — India extract (Geofabrik),node/7021303699,https://www.openstreetmap.org/node/7021303699,ODbL-1.0,© OpenStreetMap contributors,53,45,0,LOCATABLE,unclaimed,unverified,directory_listing,True,True,True,True,2026-08-01 19:11:00.412400+05:30
osm:n7025820788,500081,500081,0.8,nearest_named_place,Andhra Bank,Andhra Bank,,SERVICE_PROVIDER,professional-services,bank,,,,,,,,,Madhapur,,,Hyderabad,Telangana,IN,17.4437629,78.3921118,exact_storefront,,osm,OpenStreetMap — India extract (Geofabrik),node/7025820788,https://www.openstreetmap.org/node/7025820788,ODbL-1.0,© OpenStreetMap contributors,53,45,0,LOCATABLE,unclaimed,unverified,directory_listing,True,True,True,True,2026-08-01 19:11:00.412400+05:30
osm:n7025820807,500081,500081,0.8,nearest_named_place,Nimbu Tech Systems,Nimbu Tech Systems,,SERVICE_PROVIDER,professional-services,it-services,,,,,,,,,Kavuri Hills,,,Hyderabad,Telangana,IN,17.4342859,78.3933318,exact_storefront,,osm,OpenStreetMap — India extract (Geofabrik),node/7025820807,https://www.openstreetmap.org/node/7025820807,ODbL-1.0,© OpenStreetMap contributors,53,45,0,LOCATABLE,unclaimed,unverified,directory_listing,True,True,True,True,2026-08-01 19:11:00.412400+05:30
osm:n7025820849,500081,500081,0.8,nearest_named_place,Bijib Soft Pvt,Bijib Soft Pvt,,SERVICE_PROVIDER,professional-services,company-office,,,,,,,,,CBI Colony,,,Hyderabad,Telangana,IN,17.4335122,78.3995216,exact_storefront,,osm,OpenStreetMap — India extract (Geofabrik),node/7025820849,https://www.openstreetmap.org/node/7025820849,ODbL-1.0,© OpenStreetMap contributors,53,45,0,LOCATABLE,unclaimed,unverified,directory_listing,True,True,True,True,2026-08-01 19:11:00.412400+05:30
osm:n7025820754,500081,500081,0.8,nearest_named_place,Web Syn,Web Syn,,SERVICE_PROVIDER,professional-services,it-services,,,,,,,,,Madhapur,,,Hyderabad,Telangana,IN,17.4348029,78.3875868,exact_storefront,,osm,OpenStreetMap — India extract (Geofabrik),node/7025820754,https://www.openstreetmap.org/node/7025820754,ODbL-1.0,© OpenStreetMap contributors,53,45,0,LOCATABLE,unclaimed,unverified,directory_listing,True,True,True,True,2026-08-01 19:11:00.412400+05:30
osm:n7025820820,500081,500081,0.8,nearest_named_place,Kclink Technologies Pvt.Ltd,Kclink Technologies Pvt.Ltd,,SERVICE_PROVIDER,professional-services,it-services,,,,,,,,,Ayyappa Society Colony,,,Hyderabad,Telangana,IN,17.4488994,78.3917543,exact_storefront,,osm,OpenStreetMap — India extract (Geofabrik),node/7025820820,https://www.openstreetmap.org/node/7025820820,ODbL-1.0,© OpenStreetMap contributors,53,45,0,LOCATABLE,unclaimed,unverified,directory_listing,True,True,True,True,2026-08-01 19:11:00.412400+05:30
osm:n6191414036,500081,500081,0.8,nearest_named_place,IDBI Bank,IDBI Bank,,SERVICE_PROVIDER,professional-services,atm,,,,,,,,,Vittal Rao Nagar,,,Hyderabad,Telangana,IN,17.4441572,78.3867968,exact_storefront,24/7,osm,OpenStreetMap — India extract (Geofabrik),node/6191414036,https://www.openstreetmap.org/node/6191414036,ODbL-1.0,© OpenStreetMap contributors,53,55,60,LOCATABLE,unclaimed,unverified,directory_listing,True,True,True,True,2026-08-01 19:11:00.412400+05:30
osm:n7025820831,500081,500081,0.8,nearest_named_place,Medintu Health Solutions Pvt. Ltd.,Medintu Health Solutions Pvt. Ltd.,,SERVICE_PROVIDER,professional-services,company-office,,,,,,,,,Ayyappa Society Colony,,,Hyderabad,Telangana,IN,17.4507745,78.3915126,exact_storefront,,osm,OpenStreetMap — India extract (Geofabrik),node/7025820831,https://www.openstreetmap.org/node/7025820831,ODbL-1.0,© OpenStreetMap contributors,53,45,0,LOCATABLE,unclaimed,unverified,directory_listing,True,True,True,True,2026-08-01 19:11:00.412400+05:30
osm:n7025820845,500081,500081,0.8,nearest_named_place,Shore Infotech India pvt,Shore Infotech India pvt,,SERVICE_PROVIDER,professional-services,it-services,,,,,,,,,Kavuri Hills,,,Hyderabad,Telangana,IN,17.4368017,78.3962956,exact_storefront,,osm,OpenStreetMap — India extract (Geofabrik),node/7025820845,https://www.openstreetmap.org/node/7025820845,ODbL-1.0,© OpenStreetMap contributors,53,45,0,LOCATABLE,unclaimed,unverified,directory_listing,True,True,True,True,2026-08-01 19:11:00.412400+05:30
osm:n7021303697,500081,500081,0.8,nearest_named_place,NCR Corporation India Pvt Ltd,NCR Corporation India Pvt Ltd,,SERVICE_PROVIDER,professional-services,company-office,,,,,,,,,Vittal Rao Nagar,,,Hyderabad,Telangana,IN,17.4376635,78.3855031,exact_storefront,,osm,OpenStreetMap — India extract (Geofabrik),node/7021303697,https://www.openstreetmap.org/node/7021303697,ODbL-1.0,© OpenStreetMap contributors,53,45,0,LOCATABLE,unclaimed,unverified,directory_listing,True,True,True,True,2026-08-01 19:11:00.412400+05:30
osm:n7025820877,500081,500081,0.8,nearest_named_place,Indusland Bank,Indusland Bank,,SERVICE_PROVIDER,professional-services,bank,,,,,,,,,Madhapur,,,Hyderabad,Telangana,IN,17.4404256,78.3933337,exact_storefront,,osm,OpenStreetMap — India extract (Geofabrik),node/7025820877,https://www.openstreetmap.org/node/7025820877,ODbL-1.0,© OpenStreetMap contributors,53,45,0,LOCATABLE,unclaimed,unverified,directory_listing,True,True,True,True,2026-08-01 19:11:00.412400+05:30
osm:n7025820878,500081,500081,0.8,nearest_named_place,DCB Bank Atm,DCB Bank Atm,,SERVICE_PROVIDER,professional-services,atm,,,,,,,,,Madhapur,,,Hyderabad,Telangana,IN,17.44045,78.393417,exact_storefront,,osm,OpenStreetMap — India extract (Geofabrik),node/7025820878,https://www.openstreetmap.org/node/7025820878,ODbL-1.0,© OpenStreetMap contributors,53,45,0,LOCATABLE,unclaimed,unverified,directory_listing,True,True,True,True,2026-08-01 19:11:00.412400+05:30
osm:n7385432960,500081,500081,0.8,nearest_named_place,Sri Technologies,Sri Technologies,,SERVICE_PROVIDER,professional-services,company-office,,,,,,,,,CBI Colony,,,Hyderabad,Telangana,IN,17.430947,78.3931322,exact_storefront,,osm,OpenStreetMap — India extract (Geofabrik),node/7385432960,https://www.openstreetmap.org/node/7385432960,ODbL-1.0,© OpenStreetMap contributors,53,45,0,LOCATABLE,unclaimed,unverified,directory_listing,True,True,True,True,2026-08-01 19:11:00.412400+05:30
osm:n7021303677,500081,500081,0.8,nearest_named_place,Dts Services,Dts Services,,SERVICE_PROVIDER,professional-services,company-office,,,,,,,,,Ayyappa Society Colony,,,Hyderabad,Telangana,IN,17.4506702,78.3873586,exact_storefront,,osm,OpenStreetMap — India extract (Geofabrik),node/7021303677,https://www.openstreetmap.org/node/7021303677,ODbL-1.0,© OpenStreetMap contributors,53,45,0,LOCATABLE,unclaimed,unverified,directory_listing,True,True,True,True,2026-08-01 19:11:00.412400+05:30
osm:n7021303675,500081,500081,0.8,nearest_named_place,Teamworks Creative Solutions,Teamworks Creative Solutions,,SERVICE_PROVIDER,professional-services,company-office,,,,,,,,,Ayyappa Society Colony,,,Hyderabad,Telangana,IN,17.4514281,78.3874948,exact_storefront,,osm,OpenStreetMap — India extract (Geofabrik),node/7021303675,https://www.openstreetmap.org/node/7021303675,ODbL-1.0,© OpenStreetMap contributors,53,45,0,LOCATABLE,unclaimed,unverified,directory_listing,True,True,True,True,2026-08-01 19:11:00.412400+05:30
osm:n7021303668,500081,500081,0.8,nearest_named_place,CADVision Engineers Pvt Ltd,CADVision Engineers Pvt Ltd,,SERVICE_PROVIDER,professional-services,it-services,,,,,,,,,HITEC City,,,Hyderabad,Telangana,IN,17.4509736,78.3858634,exact_storefront,,osm,OpenStreetMap — India extract (Geofabrik),node/7021303668,https://www.openstreetmap.org/node/7021303668,ODbL-1.0,© OpenStreetMap contributors,53,45,0,LOCATABLE,unclaimed,unverified,directory_listing,True,True,True,True,2026-08-01 19:11:00.412400+05:30
osm:n7025820921,500081,500081,0.8,nearest_named_place,Uae Exchange,Uae Exchange,,SERVICE_PROVIDER,professional-services,currency-exchange,,,,,,,,,Vittal Rao Nagar,,,Hyderabad,Telangana,IN,17.442107,78.3881656,exact_storefront,,osm,OpenStreetMap — India extract (Geofabrik),node/7025820921,https://www.openstreetmap.org/node/7025820921,ODbL-1.0,© OpenStreetMap contributors,53,45,0,LOCATABLE,unclaimed,unverified,directory_listing,True,True,True,True,2026-08-01 19:11:00.412400+05:30
osm:n7025820760,500081,500081,0.8,nearest_named_place,VNS Makro Technologies (P) Ltd.,VNS Makro Technologies (P) Ltd.,,SERVICE_PROVIDER,professional-services,company-office,,,,,,,,,Kavuri Hills,,,Hyderabad,Telangana,IN,17.4388839,78.3949558,exact_storefront,,osm,OpenStreetMap — India extract (Geofabrik),node/7025820760,https://www.openstreetmap.org/node/7025820760,ODbL-1.0,© OpenStreetMap contributors,53,45,0,LOCATABLE,unclaimed,unverified,directory_listing,True,True,True,True,2026-08-01 19:11:00.412400+05:30
osm:n7025820905,500081,500081,0.8,nearest_named_place,RR Technologies,RR Technologies,,SERVICE_PROVIDER,professional-services,company-office,,,,,,,,,Madhapur,,,Hyderabad,Telangana,IN,17.4418719,78.3887818,exact_storefront,,osm,OpenStreetMap — India extract (Geofabrik),node/7025820905,https://www.openstreetmap.org/node/7025820905,ODbL-1.0,© OpenStreetMap contributors,53,45,0,LOCATABLE,unclaimed,unverified,directory_listing,True,True,True,True,2026-08-01 19:11:00.412400+05:30
osm:n7025820837,500081,500081,0.8,nearest_named_place,GreenStratos Consulting Private Ltd,GreenStratos Consulting Private Ltd,,SERVICE_PROVIDER,professional-services,company-office,,,,,,,,,Kavuri Hills,,,Hyderabad,Telangana,IN,17.4351675,78.3924704,exact_storefront,,osm,OpenStreetMap — India extract (Geofabrik),node/7025820837,https://www.openstreetmap.org/node/7025820837,ODbL-1.0,© OpenStreetMap contributors,53,45,0,LOCATABLE,unclaimed,unverified,directory_listing,True,True,True,True,2026-08-01 19:11:00.412400+05:30
osm:n7025820835,500081,500081,0.8,nearest_named_place,Axis Bank Atm,Axis Bank Atm,,SERVICE_PROVIDER,professional-services,atm,,,,,,,,,Ayyappa Society Colony,,,Hyderabad,Telangana,IN,17.4506503,78.391516,exact_storefront,,osm,OpenStreetMap — India extract (Geofabrik),node/7025820835,https://www.openstreetmap.org/node/7025820835,ODbL-1.0,© OpenStreetMap contributors,53,45,60,LOCATABLE,unclaimed,unverified,directory_listing,True,True,True,True,2026-08-01 19:11:00.412400+05:30
osm:n7021303706,500081,500081,0.8,nearest_named_place,Lamtuf Plastics Limited,Lamtuf Plastics Limited,,SERVICE_PROVIDER,professional-services,company-office,,,,,,,,,HITEC City,,,Hyderabad,Telangana,IN,17.4508641,78.3854503,exact_storefront,,osm,OpenStreetMap — India extract (Geofabrik),node/7021303706,https://www.openstreetmap.org/node/7021303706,ODbL-1.0,© OpenStreetMap contributors,53,45,0,LOCATABLE,unclaimed,unverified,directory_listing,True,True,True,True,2026-08-01 19:11:00.412400+05:30
osm:n7021303703,500081,500081,0.8,nearest_named_place,Medisis info,Medisis info,,SERVICE_PROVIDER,professional-services,company-office,,,,,,,,,HITEC City,,,Hyderabad,Telangana,IN,17.4510912,78.3854372,exact_storefront,,osm,OpenStreetMap — India extract (Geofabrik),node/7021303703,https://www.openstreetmap.org/node/7021303703,ODbL-1.0,© OpenStreetMap contributors,53,45,0,LOCATABLE,unclaimed,unverified,directory_listing,True,True,True,True,2026-08-01 19:11:00.412400+05:30
osm:n7025820817,500081,500081,0.8,nearest_named_place,NCentric Technologies India pvt ltd,NCentric Technologies India pvt ltd,,SERVICE_PROVIDER,professional-services,it-services,,,,,,,,,Ayyappa Society Colony,,,Hyderabad,Telangana,IN,17.4498239,78.3925588,exact_storefront,,osm,OpenStreetMap — India extract (Geofabrik),node/7025820817,https://www.openstreetmap.org/node/7025820817,ODbL-1.0,© OpenStreetMap contributors,53,45,0,LOCATABLE,unclaimed,unverified,directory_listing,True,True,True,True,2026-08-01 19:11:00.412400+05:30
osm:n7021303695,500081,500081,0.8,nearest_named_place,NavBharath Gas Company Pvt Ltd,NavBharath Gas Company Pvt Ltd,,SERVICE_PROVIDER,professional-services,company-office,,,,,,,,,Kavuri Hills,,,Hyderabad,Telangana,IN,17.4350174,78.3925987,exact_storefront,,osm,OpenStreetMap — India extract (Geofabrik),node/7021303695,https://www.openstreetmap.org/node/7021303695,ODbL-1.0,© OpenStreetMap contributors,53,45,0,LOCATABLE,unclaimed,unverified,directory_listing,True,True,True,True,2026-08-01 19:11:00.412400+05:30
osm:n7021303692,500081,500081,0.8,nearest_named_place,Mphasis Ltd,Mphasis Ltd,,SERVICE_PROVIDER,professional-services,company-office,,,,,,,,,Vittal Rao Nagar,,,Hyderabad,Telangana,IN,17.4374201,78.3854134,exact_storefront,,osm,OpenStreetMap — India extract (Geofabrik),node/7021303692,https://www.openstreetmap.org/node/7021303692,ODbL-1.0,© OpenStreetMap contributors,53,45,0,LOCATABLE,unclaimed,unverified,directory_listing,True,True,True,True,2026-08-01 19:11:00.412400+05:30
osm:n7021303689,500081,500081,0.8,nearest_named_place,Ekincare (Aayuv Technologies Pvt Ltd),Ekincare (Aayuv Technologies Pvt Ltd),,SERVICE_PROVIDER,professional-services,company-office,,,,,,,,,Madhapur,,,Hyderabad,Telangana,IN,17.4380006,78.3874784,exact_storefront,,osm,OpenStreetMap — India extract (Geofabrik),node/7021303689,https://www.openstreetmap.org/node/7021303689,ODbL-1.0,© OpenStreetMap contributors,53,45,0,LOCATABLE,unclaimed,unverified,directory_listing,True,True,True,True,2026-08-01 19:11:00.412400+05:30
osm:n7021303686,500081,500081,0.8,nearest_named_place,SCI IT Solutions Pvt Ltd/ Radiant Digital Solutions Pvt Ltd,SCI IT Solutions Pvt Ltd/ Radiant Digital Solutions Pvt Ltd,,SERVICE_PROVIDER,professional-services,company-office,,,,,,,,,Vittal Rao Nagar,,,Hyderabad,Telangana,IN,17.4471383,78.38535,exact_storefront,,osm,OpenStreetMap — India extract (Geofabrik),node/7021303686,https://www.openstreetmap.org/node/7021303686,ODbL-1.0,© OpenStreetMap contributors,53,45,0,LOCATABLE,unclaimed,unverified,directory_listing,True,True,True,True,2026-08-01 19:11:00.412400+05:30
osm:n7021303684,500081,500081,0.8,nearest_named_place,Verudix Solutions Pvt Ltd,Verudix Solutions Pvt Ltd,,SERVICE_PROVIDER,professional-services,company-office,,,,,,,,,Madhapur,,,Hyderabad,Telangana,IN,17.4379387,78.3878765,exact_storefront,,osm,OpenStreetMap — India extract (Geofabrik),node/7021303684,https://www.openstreetmap.org/node/7021303684,ODbL-1.0,© OpenStreetMap contributors,53,45,0,LOCATABLE,unclaimed,unverified,directory_listing,True,True,True,True,2026-08-01 19:11:00.412400+05:30
osm:n7021303666,500081,500081,0.8,nearest_named_place,Votigo Software Pvt Ltd,Votigo Software Pvt Ltd,,SERVICE_PROVIDER,professional-services,it-services,,,,,,,,,Madhapur,,,Hyderabad,Telangana,IN,17.4385983,78.3871502,exact_storefront,,osm,OpenStreetMap — India extract (Geofabrik),node/7021303666,https://www.openstreetmap.org/node/7021303666,ODbL-1.0,© OpenStreetMap contributors,53,45,0,LOCATABLE,unclaimed,unverified,directory_listing,True,True,True,True,2026-08-01 19:11:00.412400+05:30
osm:n7021303665,500081,500081,0.8,nearest_named_place,Agiliq Info Solutions India Private Ltd,Agiliq Info Solutions India Private Ltd,,SERVICE_PROVIDER,professional-services,it-services,,,,,,,,,Kavuri Hills,,,Hyderabad,Telangana,IN,17.4378651,78.3957729,exact_storefront,,osm,OpenStreetMap — India extract (Geofabrik),node/7021303665,https://www.openstreetmap.org/node/7021303665,ODbL-1.0,© OpenStreetMap contributors,53,45,0,LOCATABLE,unclaimed,unverified,directory_listing,True,True,True,True,2026-08-01 19:11:00.412400+05:30
osm:n7021303662,500081,500081,0.8,nearest_named_place,Kotak Mahindra Bank,Kotak Mahindra Bank,,SERVICE_PROVIDER,professional-services,bank,,,,,,,,,Kavuri Hills,,,Hyderabad,Telangana,IN,17.4388692,78.3964354,exact_storefront,,osm,OpenStreetMap — India extract (Geofabrik),node/7021303662,https://www.openstreetmap.org/node/7021303662,ODbL-1.0,© OpenStreetMap contributors,53,45,60,LOCATABLE,unclaimed,unverified,directory_listing,True,True,True,True,2026-08-01 19:11:00.412400+05:30
osm:n7021303634,500081,500081,0.8,nearest_named_place,Apex Covantage,Apex Covantage,,SERVICE_PROVIDER,professional-services,it-services,,,,,,,,,Vittal Rao Nagar,,,Hyderabad,Telangana,IN,17.4424234,78.3874247,exact_storefront,,osm,OpenStreetMap — India extract (Geofabrik),node/7021303634,https://www.openstreetmap.org/node/7021303634,ODbL-1.0,© OpenStreetMap contributors,53,45,0,LOCATABLE,unclaimed,unverified,directory_listing,True,True,True,True,2026-08-01 19:11:00.412400+05:30
osm:n7025820841,500081,500081,0.8,nearest_named_place,Athena Technology Solution,Athena Technology Solution,,SERVICE_PROVIDER,professional-services,it-services,,,,,,,,,Kavuri Hills,,,Hyderabad,Telangana,IN,17.436618,78.3956996,exact_storefront,,osm,OpenStreetMap — India extract (Geofabrik),node/7025820841,https://www.openstreetmap.org/node/7025820841,ODbL-1.0,© OpenStreetMap contributors,53,45,0,LOCATABLE,unclaimed,unverified,directory_listing,True,True,True,True,2026-08-01 19:11:00.412400+05:30
osm:n7021303630,500081,500081,0.8,nearest_named_place,LIC Housing Finance Office,LIC Housing Finance Office,,SERVICE_PROVIDER,professional-services,company-office,,,,,,,,,Vittal Rao Nagar,,,Hyderabad,Telangana,IN,17.4423942,78.38721,exact_storefront,,osm,OpenStreetMap — India extract (Geofabrik),node/7021303630,https://www.openstreetmap.org/node/7021303630,ODbL-1.0,© OpenStreetMap contributors,53,45,0,LOCATABLE,unclaimed,unverified,directory_listing,True,True,True,True,2026-08-01 19:11:00.412400+05:30
osm:n7021303601,500081,500081,0.8,nearest_named_place,HDFC Bank,HDFC Bank,,SERVICE_PROVIDER,professional-services,bank,,,,,,,,,HITEC City,,,Hyderabad,Telangana,IN,17.4502911,78.3858209,exact_storefront,,osm,OpenStreetMap — India extract (Geofabrik),node/7021303601,https://www.openstreetmap.org/node/7021303601,ODbL-1.0,© OpenStreetMap contributors,53,45,60,LOCATABLE,unclaimed,unverified,directory_listing,True,True,True,True,2026-08-01 19:11:00.412400+05:30
osm:n7021303625,500081,500081,0.8,nearest_named_place,Sufisoft Pvt Ltd,Sufisoft Pvt Ltd,,SERVICE_PROVIDER,professional-services,it-services,,,,,,,,,Vittal Rao Nagar,,,Hyderabad,Telangana,IN,17.4424896,78.3873649,exact_storefront,,osm,OpenStreetMap — India extract (Geofabrik),node/7021303625,https://www.openstreetmap.org/node/7021303625,ODbL-1.0,© OpenStreetMap contributors,53,45,0,LOCATABLE,unclaimed,unverified,directory_listing,True,True,True,True,2026-08-01 19:11:00.412400+05:30
osm:n7021303621,500081,500081,0.8,nearest_named_place,Prime Software Solutions Pvt Ltd,Prime Software Solutions Pvt Ltd,,SERVICE_PROVIDER,professional-services,it-services,,,,,,,,,Vittal Rao Nagar,,,Hyderabad,Telangana,IN,17.4425246,78.3873128,exact_storefront,,osm,OpenStreetMap — India extract (Geofabrik),node/7021303621,https://www.openstreetmap.org/node/7021303621,ODbL-1.0,© OpenStreetMap contributors,53,45,0,LOCATABLE,unclaimed,unverified,directory_listing,True,True,True,True,2026-08-01 19:11:00.412400+05:30
osm:n7021303602,500081,500081,0.8,nearest_named_place,IDBI Bank ATM,IDBI Bank ATM,,SERVICE_PROVIDER,professional-services,atm,,,,,,,,,Vittal Rao Nagar,,,Hyderabad,Telangana,IN,17.4441356,78.3868159,exact_storefront,,osm,OpenStreetMap — India extract (Geofabrik),node/7021303602,https://www.openstreetmap.org/node/7021303602,ODbL-1.0,© OpenStreetMap contributors,53,45,60,LOCATABLE,unclaimed,unverified,directory_listing,True,True,True,True,2026-08-01 19:11:00.412400+05:30
osm:n7021303615,500081,500081,0.8,nearest_named_place,ICS Tech Service Pvt Ltd,ICS Tech Service Pvt Ltd,,SERVICE_PROVIDER,professional-services,it-services,,,,,,,,,Vittal Rao Nagar,,,Hyderabad,Telangana,IN,17.4396921,78.3854689,exact_storefront,,osm,OpenStreetMap — India extract (Geofabrik),node/7021303615,https://www.openstreetmap.org/node/7021303615,ODbL-1.0,© OpenStreetMap contributors,53,45,0,LOCATABLE,unclaimed,unverified,directory_listing,True,True,True,True,2026-08-01 19:11:00.412400+05:30
osm:n7021303624,500081,500081,0.8,nearest_named_place,Global Logic Technologies,Global Logic Technologies,,SERVICE_PROVIDER,professional-services,it-services,,,,,,,,,Vittal Rao Nagar,,,Hyderabad,Telangana,IN,17.4434326,78.3865148,exact_storefront,,osm,OpenStreetMap — India extract (Geofabrik),node/7021303624,https://www.openstreetmap.org/node/7021303624,ODbL-1.0,© OpenStreetMap contributors,53,45,0,LOCATABLE,unclaimed,unverified,directory_listing,True,True,True,True,2026-08-01 19:11:00.412400+05:30
osm:n7021303603,500081,500081,0.8,nearest_named_place,Laxmi Vilas Bank ATM,Laxmi Vilas Bank ATM,,SERVICE_PROVIDER,professional-services,atm,,,,,,,,,Vittal Rao Nagar,,,Hyderabad,Telangana,IN,17.4461048,78.3856696,exact_storefront,,osm,OpenStreetMap — India extract (Geofabrik),node/7021303603,https://www.openstreetmap.org/node/7021303603,ODbL-1.0,© OpenStreetMap contributors,53,45,0,LOCATABLE,unclaimed,unverified,directory_listing,True,True,True,True,2026-08-01 19:11:00.412400+05:30
osm:n7021303626,500081,500081,0.8,nearest_named_place,Shras IT Solutions Pvt Ltd,Shras IT Solutions Pvt Ltd,,SERVICE_PROVIDER,professional-services,it-services,,,,,,,,,Vittal Rao Nagar,,,Hyderabad,Telangana,IN,17.4425571,78.3872312,exact_storefront,,osm,OpenStreetMap — India extract (Geofabrik),node/7021303626,https://www.openstreetmap.org/node/7021303626,ODbL-1.0,© OpenStreetMap contributors,53,45,0,LOCATABLE,unclaimed,unverified,directory_listing,True,True,True,True,2026-08-01 19:11:00.412400+05:30
osm:n7021303599,500081,500081,0.8,nearest_named_place,IndusInd Bank ATM,IndusInd Bank ATM,,SERVICE_PROVIDER,professional-services,atm,,,,,,,,,Kavuri Hills,,,Hyderabad,Telangana,IN,17.4417891,78.3965359,exact_storefront,,osm,OpenStreetMap — India extract (Geofabrik),node/7021303599,https://www.openstreetmap.org/node/7021303599,ODbL-1.0,© OpenStreetMap contributors,53,45,60,LOCATABLE,unclaimed,unverified,directory_listing,True,True,True,True,2026-08-01 19:11:00.412400+05:30
osm:n7021303650,500081,500081,0.8,nearest_named_place,InteGen IT Services Pvt. Ltd.,InteGen IT Services Pvt. Ltd.,,SERVICE_PROVIDER,professional-services,it-services,,,,,,,,,Ayyappa Society Colony,,,Hyderabad,Telangana,IN,17.4499208,78.3874684,exact_storefront,,osm,OpenStreetMap — India extract (Geofabrik),node/7021303650,https://www.openstreetmap.org/node/7021303650,ODbL-1.0,© OpenStreetMap contributors,53,45,0,LOCATABLE,unclaimed,unverified,directory_listing,True,True,True,True,2026-08-01 19:11:00.412400+05:30
osm:n6633198227,500081,500081,0.8,nearest_named_place,Delta Technologies & Management Pvt Ltd,Delta Technologies & Management Pvt Ltd,,SERVICE_PROVIDER,professional-services,it-services,,,,,,,,,Madhapur,,,Hyderabad,Telangana,IN,17.438977,78.3867579,exact_storefront,,osm,OpenStreetMap — India extract (Geofabrik),node/6633198227,https://www.openstreetmap.org/node/6633198227,ODbL-1.0,© OpenStreetMap contributors,53,45,0,LOCATABLE,unclaimed,unverified,directory_listing,True,True,True,True,2026-08-01 19:11:00.412400+05:30
osm:n7021303632,500081,500081,0.8,nearest_named_place,Abridge Sol,Abridge Sol,,SERVICE_PROVIDER,professional-services,it-services,,,,,,,,,Vittal Rao Nagar,,,Hyderabad,Telangana,IN,17.4423806,78.3861538,exact_storefront,,osm,OpenStreetMap — India extract (Geofabrik),node/7021303632,https://www.openstreetmap.org/node/7021303632,ODbL-1.0,© OpenStreetMap contributors,53,45,0,LOCATABLE,unclaimed,unverified,directory_listing,True,True,True,True,2026-08-01 19:11:00.412400+05:30
osm:n7021303622,500081,500081,0.8,nearest_named_place,RBL Bank,RBL Bank,,SERVICE_PROVIDER,professional-services,bank,,,,,,,,,Vittal Rao Nagar,,,Hyderabad,Telangana,IN,17.4425777,78.387388,exact_storefront,,osm,OpenStreetMap — India extract (Geofabrik),node/7021303622,https://www.openstreetmap.org/node/7021303622,ODbL-1.0,© OpenStreetMap contributors,53,45,60,LOCATABLE,unclaimed,unverified,directory_listing,True,True,True,True,2026-08-01 19:11:00.412400+05:30
osm:n5957505785,500081,500081,0.8,nearest_named_place,Bajaj Housing Finance Ltd,Bajaj Housing Finance Ltd,,SERVICE_PROVIDER,professional-services,company-office,,,,,,,,,Vittal Rao Nagar,,,Hyderabad,Telangana,IN,17.4451334,78.3866244,exact_storefront,,osm,OpenStreetMap — India extract (Geofabrik),node/5957505785,https://www.openstreetmap.org/node/5957505785,ODbL-1.0,© OpenStreetMap contributors,53,45,0,LOCATABLE,unclaimed,unverified,directory_listing,True,True,True,True,2026-08-01 19:11:00.412400+05:30
osm:n5469218652,500081,500081,0.8,nearest_named_place,State Bank of India,State Bank of India,,SERVICE_PROVIDER,professional-services,bank,,,,,,,,,Madhapur,,,Hyderabad,Telangana,IN,17.4418611,78.3914189,exact_storefront,,osm,OpenStreetMap — India extract (Geofabrik),node/5469218652,https://www.openstreetmap.org/node/5469218652,ODbL-1.0,© OpenStreetMap contributors,53,45,60,LOCATABLE,unclaimed,unverified,directory_listing,True,True,True,True,2026-08-01 19:11:00.412400+05:30
osm:n10171342022,500081,500081,0.8,nearest_named_place,Axis ATM,Axis ATM,,SERVICE_PROVIDER,professional-services,atm,,,,,,,,,Ayyappa Society Colony,,,Hyderabad,Telangana,IN,17.4455652,78.3922408,exact_storefront,,osm,OpenStreetMap — India extract (Geofabrik),node/10171342022,https://www.openstreetmap.org/node/10171342022,ODbL-1.0,© OpenStreetMap contributors,53,45,0,LOCATABLE,unclaimed,unverified,directory_listing,True,True,True,True,2026-08-01 19:11:00.412400+05:30
osm:n1365115104,500081,500081,0.8,nearest_named_place,Margadarsi Chit Fund,Margadarsi Chit Fund,,SERVICE_PROVIDER,professional-services,bank,,,,,,,,,Kavuri Hills,,,Hyderabad,Telangana,IN,17.4391541,78.3958518,exact_storefront,,osm,OpenStreetMap — India extract (Geofabrik),node/1365115104,https://www.openstreetmap.org/node/1365115104,ODbL-1.0,© OpenStreetMap contributors,53,45,0,LOCATABLE,unclaimed,unverified,directory_listing,True,True,True,True,2026-08-01 19:11:00.412400+05:30
osm:n7043571452,500081,500081,0.8,nearest_named_place,BOI ATM,BOI ATM,,SERVICE_PROVIDER,professional-services,atm,,,,,,,,,Vittal Rao Nagar,,,Hyderabad,Telangana,IN,17.4442592,78.3874467,exact_storefront,,osm,OpenStreetMap — India extract (Geofabrik),node/7043571452,https://www.openstreetmap.org/node/7043571452,ODbL-1.0,© OpenStreetMap contributors,53,45,60,LOCATABLE,unclaimed,unverified,directory_listing,True,True,True,True,2026-08-01 19:11:00.412400+05:30
osm:n7021303636,500081,500081,0.8,nearest_named_place,Friendknows Technologies Pvt Ltd,Friendknows Technologies Pvt Ltd,,SERVICE_PROVIDER,professional-services,company-office,,,,,,,,,Vittal Rao Nagar,,,Hyderabad,Telangana,IN,17.4419526,78.3854194,exact_storefront,,osm,OpenStreetMap — India extract (Geofabrik),node/7021303636,https://www.openstreetmap.org/node/7021303636,ODbL-1.0,© OpenStreetMap contributors,53,45,0,LOCATABLE,unclaimed,unverified,directory_listing,True,True,True,True,2026-08-01 19:11:00.412400+05:30
osm:n7043571450,500081,500081,0.8,nearest_named_place,State Bank Of India ATM,State Bank Of India ATM,,SERVICE_PROVIDER,professional-services,atm,,,,,,,,,Vittal Rao Nagar,,,Hyderabad,Telangana,IN,17.4442635,78.3877183,exact_storefront,,osm,OpenStreetMap — India extract (Geofabrik),node/7043571450,https://www.openstreetmap.org/node/7043571450,ODbL-1.0,© OpenStreetMap contributors,53,45,60,LOCATABLE,unclaimed,unverified,directory_listing,True,True,True,True,2026-08-01 19:11:00.412400+05:30
osm:n7035236544,500081,500081,0.8,nearest_named_place,RMSI,RMSI,,SERVICE_PROVIDER,professional-services,it-services,,,,,,,,,Madhapur,,,Hyderabad,Telangana,IN,17.4352373,78.3857761,exact_storefront,,osm,OpenStreetMap — India extract (Geofabrik),node/7035236544,https://www.openstreetmap.org/node/7035236544,ODbL-1.0,© OpenStreetMap contributors,53,45,0,LOCATABLE,unclaimed,unverified,directory_listing,True,True,True,True,2026-08-01 19:11:00.412400+05:30
osm:n7021303664,500081,500081,0.8,nearest_named_place,State Bank of India,State Bank of India,,SERVICE_PROVIDER,professional-services,bank,,,,,,,,,Kavuri Hills,,,Hyderabad,Telangana,IN,17.4386757,78.3960621,exact_storefront,,osm,OpenStreetMap — India extract (Geofabrik),node/7021303664,https://www.openstreetmap.org/node/7021303664,ODbL-1.0,© OpenStreetMap contributors,53,45,60,LOCATABLE,unclaimed,unverified,directory_listing,True,True,True,True,2026-08-01 19:11:00.412400+05:30
osm:n7021303676,500081,500081,0.8,nearest_named_place,Syena Infosoft Pvt Ltd,Syena Infosoft Pvt Ltd,,SERVICE_PROVIDER,professional-services,it-services,,,,,,,,,Ayyappa Society Colony,,,Hyderabad,Telangana,IN,17.4517941,78.3877715,exact_storefront,,osm,OpenStreetMap — India extract (Geofabrik),node/7021303676,https://www.openstreetmap.org/node/7021303676,ODbL-1.0,© OpenStreetMap contributors,53,45,0,LOCATABLE,unclaimed,unverified,directory_listing,True,True,True,True,2026-08-01 19:11:00.412400+05:30
osm:n7021303698,500081,500081,0.8,nearest_named_place,United Technologies Corp,United Technologies Corp,,SERVICE_PROVIDER,professional-services,company-office,,,,,,,,,Vittal Rao Nagar,,,Hyderabad,Telangana,IN,17.4375191,78.3854449,exact_storefront,,osm,OpenStreetMap — India extract (Geofabrik),node/7021303698,https://www.openstreetmap.org/node/7021303698,ODbL-1.0,© OpenStreetMap contributors,53,45,0,LOCATABLE,unclaimed,unverified,directory_listing,True,True,True,True,2026-08-01 19:11:00.412400+05:30
osm:n7021303700,500081,500081,0.8,nearest_named_place,BeetleRim Technologies Private Limited,BeetleRim Technologies Private Limited,,SERVICE_PROVIDER,professional-services,company-office,,,,,,,,,HITEC City,,,Hyderabad,Telangana,IN,17.4506391,78.3854539,exact_storefront,,osm,OpenStreetMap — India extract (Geofabrik),node/7021303700,https://www.openstreetmap.org/node/7021303700,ODbL-1.0,© OpenStreetMap contributors,53,45,0,LOCATABLE,unclaimed,unverified,directory_listing,True,True,True,True,2026-08-01 19:11:00.412400+05:30
osm:n7021303705,500081,500081,0.8,nearest_named_place,Chekhra Business Solutions Private Limited,Chekhra Business Solutions Private Limited,,SERVICE_PROVIDER,professional-services,company-office,,,,,,,,,HITEC City,,,Hyderabad,Telangana,IN,17.4507851,78.3854519,exact_storefront,,osm,OpenStreetMap — India extract (Geofabrik),node/7021303705,https://www.openstreetmap.org/node/7021303705,ODbL-1.0,© OpenStreetMap contributors,53,45,0,LOCATABLE,unclaimed,unverified,directory_listing,True,True,True,True,2026-08-01 19:11:00.412400+05:30
osm:n7021303766,500081,500081,0.8,nearest_named_place,Kotak Mahindra Bank,Kotak Mahindra Bank,,SERVICE_PROVIDER,professional-services,bank,,,,,,,,,Vittal Rao Nagar,,,Hyderabad,Telangana,IN,17.442915,78.3885085,exact_storefront,,osm,OpenStreetMap — India extract (Geofabrik),node/7021303766,https://www.openstreetmap.org/node/7021303766,ODbL-1.0,© OpenStreetMap contributors,53,45,60,LOCATABLE,unclaimed,unverified,directory_listing,True,True,True,True,2026-08-01 19:11:00.412400+05:30
osm:n7021303605,500081,500081,0.8,nearest_named_place,Karnataka Bank ATM,Karnataka Bank ATM,,SERVICE_PROVIDER,professional-services,atm,,,,,,,,,Vittal Rao Nagar,,,Hyderabad,Telangana,IN,17.4468437,78.3857947,exact_storefront,,osm,OpenStreetMap — India extract (Geofabrik),node/7021303605,https://www.openstreetmap.org/node/7021303605,ODbL-1.0,© OpenStreetMap contributors,53,45,60,LOCATABLE,unclaimed,unverified,directory_listing,True,True,True,True,2026-08-01 19:11:00.412400+05:30
osm:n7025820772,500081,500081,0.8,nearest_named_place,Ayyanna Infra corporate Office,Ayyanna Infra corporate Office,,SERVICE_PROVIDER,professional-services,company-office,,,,,,,,,Guttala Begumpet,,,Hyderabad,Telangana,IN,17.4467519,78.3996948,exact_storefront,,osm,OpenStreetMap — India extract (Geofabrik),node/7025820772,https://www.openstreetmap.org/node/7025820772,ODbL-1.0,© OpenStreetMap contributors,53,45,0,LOCATABLE,unclaimed,unverified,directory_listing,True,True,True,True,2026-08-01 19:11:00.412400+05:30
osm:n7021303595,500081,500081,0.8,nearest_named_place,State Bank of India,State Bank of India,,SERVICE_PROVIDER,professional-services,bank,,,,,,,,,Kavuri Hills,,,Hyderabad,Telangana,IN,17.4348002,78.3941073,exact_storefront,,osm,OpenStreetMap — India extract (Geofabrik),node/7021303595,https://www.openstreetmap.org/node/7021303595,ODbL-1.0,© OpenStreetMap contributors,53,45,60,LOCATABLE,unclaimed,unverified,directory_listing,True,True,True,True,2026-08-01 19:11:00.412400+05:30
osm:w551247982,500081,500081,0.97,exact_source_pincode,Drive N' Dine - Drive in Restaurant,Drive N' Dine - Drive in Restaurant,,FOOD_SERVICE,restaurants-and-food,restaurant,,+918121800555,mobile,,,https://drive-n-dine.business.site,68 Casa Rouge Lane,,jubilee gardens,,Hyderabad,Hyderabad,Telangana,IN,17.4633454,78.3699313,building,Mo-Su 09:00-02:00,osm,OpenStreetMap — India extract (Geofabrik),way/551247982,https://www.openstreetmap.org/way/551247982,ODbL-1.0,© OpenStreetMap contributors,95,100,0,CONTACTABLE,unclaimed,unverified,directory_listing,True,True,True,True,2026-08-01 19:11:00.412400+05:30
osm:w339702114,500081,500081,0.97,exact_source_pincode,Cliff Cafe,Cliff Cafe,,FOOD_SERVICE,restaurants-and-food,cafe,,+919515162505,mobile,,,https://www.cliffcafe.in,"5th Floor, Krishna Towers, 100 Ft Road Madhapur",,Ayyappa Society Colony,,Hyderabad,Hyderabad,Telangana,IN,17.4521375,78.3925888,building,,osm,OpenStreetMap — India extract (Geofabrik),way/339702114,https://www.openstreetmap.org/way/339702114,ODbL-1.0,© OpenStreetMap contributors,95,90,91,CONTACTABLE,unclaimed,unverified,directory_listing,True,True,True,True,2026-08-01 19:11:00.412400+05:30
osm:n13279648101,500081,500081,0.97,exact_source_pincode,Forget Me Not Cafe,Forget Me Not Cafe,,FOOD_SERVICE,restaurants-and-food,restaurant,,+919381733498,mobile,,,,189/3/C/18 Durgam Cheruvu Road,,Madhapur,,,Hyderabad,Telangana,IN,17.4374797,78.3893004,exact_storefront,24/7,osm,OpenStreetMap — India extract (Geofabrik),node/13279648101,https://www.openstreetmap.org/node/13279648101,ODbL-1.0,© OpenStreetMap contributors,85,90,75,CONTACTABLE,unclaimed,unverified,directory_listing,True,True,True,True,2026-08-01 19:11:00.412400+05:30
osm:w642208375,500081,500081,0.8,nearest_named_place,Tilaks Kitchen,Tilaks Kitchen,,FOOD_SERVICE,restaurants-and-food,restaurant,,+919949576666,mobile,,,,plot no111 road no 1 kakateeyahills,,Kavuri Hills,,Hyderabad,Hyderabad,Telangana,IN,17.4401576,78.3990989,building,,osm,OpenStreetMap — India extract (Geofabrik),way/642208375,https://www.openstreetmap.org/way/642208375,ODbL-1.0,© OpenStreetMap contributors,83,80,0,CONTACTABLE,unclaimed,unverified,directory_listing,True,True,True,True,2026-08-01 19:11:00.412400+05:30
osm:n7035151509,500081,500081,0.8,nearest_named_place,36 DownTown,36 DownTown,,FOOD_SERVICE,restaurants-and-food,pub,,+917799967000,mobile,,,https://www.36downtownbrewpub.com,735 Rd 36,,CBI Colony,,,Hyderabad,Telangana,IN,17.4358323,78.4006704,exact_storefront,"Mo-Th, Su 12:00-00:00; Fr, Sa 12:00-01:00",osm,OpenStreetMap — India extract (Geofabrik),node/7035151509,https://www.openstreetmap.org/node/7035151509,ODbL-1.0,© OpenStreetMap contributors,83,100,17,CONTACTABLE,unclaimed,unverified,directory_listing,True,True,True,True,2026-08-01 19:11:00.412400+05:30
osm:n5291150521,500081,500081,0.8,nearest_named_place,Hyderabad Spice,Hyderabad Spice,,FOOD_SERVICE,restaurants-and-food,restaurant,,+918186014444,mobile,,,,madhapur road,,Kavuri Hills,,,Hyderabad,Telangana,IN,17.4413494,78.396511,exact_storefront,Mo-Su 10:00-23:00,osm,OpenStreetMap — India extract (Geofabrik),node/5291150521,https://www.openstreetmap.org/node/5291150521,ODbL-1.0,© OpenStreetMap contributors,78,90,0,CONTACTABLE,unclaimed,unverified,directory_listing,True,True,True,True,2026-08-01 19:11:00.412400+05:30
osm:w339702073,500081,500081,0.97,exact_source_pincode,Ruchi Restaurent,Ruchi Restaurent,,FOOD_SERVICE,restaurants-and-food,food-court,,,,,,,100 Feet Road,,Ayyappa Society Colony,,Hyderabad,Hyderabad,Telangana,IN,17.4521975,78.3917158,building,Mo-Su 10:00-22:00,osm,OpenStreetMap — India extract (Geofabrik),way/339702073,https://www.openstreetmap.org/way/339702073,ODbL-1.0,© OpenStreetMap contributors,75,70,2,LOCATABLE,unclaimed,unverified,directory_listing,True,True,True,True,2026-08-01 19:11:00.412400+05:30
osm:w360462644,500081,500081,0.97,exact_source_pincode,Lush Cafe | By the Lake,Lush Cafe | By the Lake,,FOOD_SERVICE,restaurants-and-food,cafe,,,,,,,138 Doctors Colony Road,,Kavuri Hills,,Hyderabad,Hyderabad,Telangana,IN,17.4364647,78.3919892,building,Mo-Su 11:00-23:00,osm,OpenStreetMap — India extract (Geofabrik),way/360462644,https://www.openstreetmap.org/way/360462644,ODbL-1.0,© OpenStreetMap contributors,75,70,15,LOCATABLE,unclaimed,unverified,directory_listing,True,True,True,True,2026-08-01 19:11:00.412400+05:30
osm:n6934838950,500081,500081,0.97,exact_source_pincode,Fudzy,Fudzy,,FOOD_SERVICE,restaurants-and-food,restaurant,,,,,,,195 Jai Hind Gandhi Road,,Ayyappa Society Colony,,Hyderabad,Hyderabad,Telangana,IN,17.4488567,78.38912,exact_storefront,Mo-Sa 08:00-18:00,osm,OpenStreetMap — India extract (Geofabrik),node/6934838950,https://www.openstreetmap.org/node/6934838950,ODbL-1.0,© OpenStreetMap contributors,70,70,0,LOCATABLE,unclaimed,unverified,directory_listing,True,True,True,True,2026-08-01 19:11:00.412400+05:30
osm:n5160665781,500081,500081,0.97,exact_source_pincode,President Dhaba,President Dhaba,,FOOD_SERVICE,restaurants-and-food,restaurant,,,,,,,Image Garden Road,,HITEC City,,Hyderabad,Hyderabad,Telangana,IN,17.4500761,78.3858133,exact_storefront,,osm,OpenStreetMap — India extract (Geofabrik),node/5160665781,https://www.openstreetmap.org/node/5160665781,ODbL-1.0,© OpenStreetMap contributors,70,60,0,LOCATABLE,unclaimed,unverified,directory_listing,True,True,True,True,2026-08-01 19:11:00.412400+05:30
osm:n12972335837,500081,500081,0.97,exact_source_pincode,Mamagoto,Mamagoto,,FOOD_SERVICE,restaurants-and-food,restaurant,,,,,,,Hitec City - Kondapur Main Road,,Kondapur,,Hyderabad,Hyderabad,Telangana,IN,17.4580228,78.3729279,exact_storefront,,osm,OpenStreetMap — India extract (Geofabrik),node/12972335837,https://www.openstreetmap.org/node/12972335837,ODbL-1.0,© OpenStreetMap contributors,70,60,64,LOCATABLE,unclaimed,unverified,directory_listing,True,True,True,True,2026-08-01 19:11:00.412400+05:30
osm:n12972335838,500081,500081,0.97,exact_source_pincode,Komma the club,Komma the club,,FOOD_SERVICE,restaurants-and-food,pub,,,,,,,Hitec City - Kondapur Main Road,,Kondapur,,Hyderabad,Hyderabad,Telangana,IN,17.4583176,78.3730649,exact_storefront,,osm,OpenStreetMap — India extract (Geofabrik),node/12972335838,https://www.openstreetmap.org/node/12972335838,ODbL-1.0,© OpenStreetMap contributors,70,60,65,LOCATABLE,unclaimed,unverified,directory_listing,True,True,True,True,2026-08-01 19:11:00.412400+05:30
osm:n10593550499,500081,500081,0.8,nearest_named_place,Taco Bell,Taco Bell,,FOOD_SERVICE,restaurants-and-food,fast-food,,,,,,https://www.tacobell.co.in,"UNIT NO. 6,7 & 8, FLOOR L-4",,HITEC City,,Hyderabad,Hyderabad,Telangana,IN,17.4482768,78.3845095,exact_storefront,Mo-Su 11:00-23:00,osm,OpenStreetMap — India extract (Geofabrik),node/10593550499,https://www.openstreetmap.org/node/10593550499,ODbL-1.0,© OpenStreetMap contributors,68,80,0,LOCATABLE,unclaimed,unverified,directory_listing,True,True,True,True,2026-08-01 19:11:00.412400+05:30
osm:n5942847663,500081,500081,0.8,nearest_named_place,Eat Country Style,Eat Country Style,,FOOD_SERVICE,restaurants-and-food,restaurant,,+914023122222,landline,,,,,,Vittal Rao Nagar,,,Hyderabad,Telangana,IN,17.4454605,78.3862392,exact_storefront,,osm,OpenStreetMap — India extract (Geofabrik),node/5942847663,https://www.openstreetmap.org/node/5942847663,ODbL-1.0,© OpenStreetMap contributors,68,65,0,CONTACTABLE,unclaimed,unverified,directory_listing,True,True,True,True,2026-08-01 19:11:00.412400+05:30
osm:n12976261868,500081,500081,0.97,exact_source_pincode,Churrolto,Churrolto,,FOOD_SERVICE,restaurants-and-food,cafe,,,,,,https://www.churrolto.com,,,Kondapur,,Hyderabad,Hyderabad,Telangana,IN,17.4565417,78.3762981,exact_storefront,,osm,OpenStreetMap — India extract (Geofabrik),node/12976261868,https://www.openstreetmap.org/node/12976261868,ODbL-1.0,© OpenStreetMap contributors,65,55,64,LOCATABLE,unclaimed,unverified,directory_listing,True,True,True,True,2026-08-01 19:11:00.412400+05:30
osm:w744820578,500081,500081,0.8,nearest_named_place,The Rameshwaram Cafe,The Rameshwaram Cafe,,FOOD_SERVICE,restaurants-and-food,fast-food,,,,,,https://therameshwaramcafe.org,,,Vittal Rao Nagar,,,Hyderabad,Telangana,IN,17.4474795,78.3861416,building,,osm,OpenStreetMap — India extract (Geofabrik),way/744820578,https://www.openstreetmap.org/way/744820578,ODbL-1.0,© OpenStreetMap contributors,63,55,60,LOCATABLE,unclaimed,unverified,directory_listing,True,True,True,True,2026-08-01 19:11:00.412400+05:30
osm:n7248877414,500081,500081,0.8,nearest_named_place,Paradise,Paradise,,FOOD_SERVICE,restaurants-and-food,restaurant,,,,,,,Hitec City Road,,Vittal Rao Nagar,,Hyderabad,Hyderabad,Telangana,IN,17.4415418,78.3764401,exact_storefront,,osm,OpenStreetMap — India extract (Geofabrik),node/7248877414,https://www.openstreetmap.org/node/7248877414,ODbL-1.0,© OpenStreetMap contributors,63,60,0,LOCATABLE,unclaimed,unverified,directory_listing,True,True,True,True,2026-08-01 19:11:00.412400+05:30
osm:w1279292305,500081,500081,0.8,nearest_named_place,Cara Cara Hyderabad,Cara Cara Hyderabad,,FOOD_SERVICE,restaurants-and-food,restaurant,,,,,,https://www.caracara.in,,,Kavuri Hills,,,Hyderabad,Telangana,IN,17.4369366,78.3982771,building,,osm,OpenStreetMap — India extract (Geofabrik),way/1279292305,https://www.openstreetmap.org/way/1279292305,ODbL-1.0,© OpenStreetMap contributors,63,55,26,LOCATABLE,unclaimed,unverified,directory_listing,True,True,True,True,2026-08-01 19:11:00.412400+05:30
osm:n5970759667,500081,500081,0.97,exact_source_pincode,Rayalaseema Ruchulu,Rayalaseema Ruchulu,,FOOD_SERVICE,restaurants-and-food,restaurant,,,,,,,,,Vittal Rao Nagar,,,Hyderabad,Telangana,IN,17.4466084,78.38426,exact_storefront,,osm,OpenStreetMap — India extract (Geofabrik),node/5970759667,https://www.openstreetmap.org/node/5970759667,ODbL-1.0,© OpenStreetMap contributors,60,45,0,LOCATABLE,unclaimed,unverified,directory_listing,True,True,True,True,2026-08-01 19:11:00.412400+05:30
osm:n2875118608,500081,500081,0.97,exact_source_pincode,Maharaja Chat,Maharaja Chat,,FOOD_SERVICE,restaurants-and-food,restaurant,,,,,,,,,Kavuri Hills,,,Hyderabad,Telangana,IN,17.4408585,78.3965959,exact_storefront,,osm,OpenStreetMap — India extract (Geofabrik),node/2875118608,https://www.openstreetmap.org/node/2875118608,ODbL-1.0,© OpenStreetMap contributors,60,45,0,LOCATABLE,unclaimed,unverified,directory_listing,True,True,True,True,2026-08-01 19:11:00.412400+05:30
osm:n6266078685,500081,500081,0.97,exact_source_pincode,Drunken Monkey,Drunken Monkey,,FOOD_SERVICE,restaurants-and-food,fast-food,,,,,,,,,Vittal Rao Nagar,,,Hyderabad,Telangana,IN,17.4420216,78.38814,exact_storefront,,osm,OpenStreetMap — India extract (Geofabrik),node/6266078685,https://www.openstreetmap.org/node/6266078685,ODbL-1.0,© OpenStreetMap contributors,60,45,0,LOCATABLE,unclaimed,unverified,directory_listing,True,True,True,True,2026-08-01 19:11:00.412400+05:30
osm:n5942781129,500081,500081,0.97,exact_source_pincode,Flechazo,Flechazo,,FOOD_SERVICE,restaurants-and-food,restaurant,,,,,,,,,Vittal Rao Nagar,,,Hyderabad,Telangana,IN,17.4464954,78.3843723,exact_storefront,,osm,OpenStreetMap — India extract (Geofabrik),node/5942781129,https://www.openstreetmap.org/node/5942781129,ODbL-1.0,© OpenStreetMap contributors,60,45,0,LOCATABLE,unclaimed,unverified,directory_listing,True,True,True,True,2026-08-01 19:11:00.412400+05:30
osm:n13196312446,500081,500081,0.8,nearest_named_place,This The Place!,This The Place!,,FOOD_SERVICE,restaurants-and-food,cafe,,,,,,https://www.instagram.com/thistheplace,,,Vittal Rao Nagar,,,Hyderabad,Telangana,IN,17.4440806,78.3847896,exact_storefront,,osm,OpenStreetMap — India extract (Geofabrik),node/13196312446,https://www.openstreetmap.org/node/13196312446,ODbL-1.0,© OpenStreetMap contributors,58,55,73,LOCATABLE,unclaimed,unverified,directory_listing,True,True,True,True,2026-08-01 19:11:00.412400+05:30
osm:n13196312447,500081,500081,0.8,nearest_named_place,Isabel,Isabel,,FOOD_SERVICE,restaurants-and-food,cafe,,,,,,https://www.instagram.com/isabel.hyd,,,Vittal Rao Nagar,,,Hyderabad,Telangana,IN,17.4441112,78.3847992,exact_storefront,,osm,OpenStreetMap — India extract (Geofabrik),node/13196312447,https://www.openstreetmap.org/node/13196312447,ODbL-1.0,© OpenStreetMap contributors,58,55,73,LOCATABLE,unclaimed,unverified,directory_listing,True,True,True,True,2026-08-01 19:11:00.412400+05:30
osm:n6248946494,500081,500081,0.8,nearest_named_place,Thansi,Thansi,,FOOD_SERVICE,restaurants-and-food,fast-food,,,,,,,,,Madhapur,,,Hyderabad,Telangana,IN,17.4432774,78.3935366,exact_storefront,,osm,OpenStreetMap — India extract (Geofabrik),node/6248946494,https://www.openstreetmap.org/node/6248946494,ODbL-1.0,© OpenStreetMap contributors,53,45,0,LOCATABLE,unclaimed,unverified,directory_listing,True,True,True,True,2026-08-01 19:11:00.412400+05:30
osm:n6994597339,500081,500081,0.8,nearest_named_place,Abhiruchi,Abhiruchi,,FOOD_SERVICE,restaurants-and-food,restaurant,,,,,,,,,Madhapur,,,Hyderabad,Telangana,IN,17.4377697,78.3900781,exact_storefront,,osm,OpenStreetMap — India extract (Geofabrik),node/6994597339,https://www.openstreetmap.org/node/6994597339,ODbL-1.0,© OpenStreetMap contributors,53,45,0,LOCATABLE,unclaimed,unverified,directory_listing,True,True,True,True,2026-08-01 19:11:00.412400+05:30
osm:n1041920541,500081,500081,0.8,nearest_named_place,Food Republic,Food Republic,,FOOD_SERVICE,restaurants-and-food,fast-food,,,,,,,,,Vittal Rao Nagar,,,Hyderabad,Telangana,IN,17.4442239,78.3804557,exact_storefront,,osm,OpenStreetMap — India extract (Geofabrik),node/1041920541,https://www.openstreetmap.org/node/1041920541,ODbL-1.0,© OpenStreetMap contributors,53,45,0,LOCATABLE,unclaimed,unverified,directory_listing,True,True,True,True,2026-08-01 19:11:00.412400+05:30
osm:n6191762120,500081,500081,0.8,nearest_named_place,B- Eats,B- Eats,,FOOD_SERVICE,restaurants-and-food,restaurant,,,,,,,,,Vittal Rao Nagar,,,Hyderabad,Telangana,IN,17.4431896,78.3880625,exact_storefront,,osm,OpenStreetMap — India extract (Geofabrik),node/6191762120,https://www.openstreetmap.org/node/6191762120,ODbL-1.0,© OpenStreetMap contributors,53,45,0,LOCATABLE,unclaimed,unverified,directory_listing,True,True,True,True,2026-08-01 19:11:00.412400+05:30
osm:n5482822501,500081,500081,0.8,nearest_named_place,Annapurna,Annapurna,,FOOD_SERVICE,restaurants-and-food,restaurant,,,,,,,,,Madhapur,,,Hyderabad,Telangana,IN,17.4433326,78.3916667,exact_storefront,,osm,OpenStreetMap — India extract (Geofabrik),node/5482822501,https://www.openstreetmap.org/node/5482822501,ODbL-1.0,© OpenStreetMap contributors,53,45,0,LOCATABLE,unclaimed,unverified,directory_listing,True,True,True,True,2026-08-01 19:11:00.412400+05:30
osm:n7025820893,500081,500081,0.8,nearest_named_place,Sri Sai Venkateshwara Hotel,Sri Sai Venkateshwara Hotel,,FOOD_SERVICE,restaurants-and-food,restaurant,,,,,,,,,Madhapur,,,Hyderabad,Telangana,IN,17.4415454,78.3912131,exact_storefront,,osm,OpenStreetMap — India extract (Geofabrik),node/7025820893,https://www.openstreetmap.org/node/7025820893,ODbL-1.0,© OpenStreetMap contributors,53,45,0,LOCATABLE,unclaimed,unverified,directory_listing,True,True,True,True,2026-08-01 19:11:00.412400+05:30
osm:n1365116006,500081,500081,0.8,nearest_named_place,Sweet Nirvana,Sweet Nirvana,,FOOD_SERVICE,restaurants-and-food,restaurant,,,,,,,,,Kavuri Hills,,,Hyderabad,Telangana,IN,17.4363967,78.3972659,exact_storefront,,osm,OpenStreetMap — India extract (Geofabrik),node/1365116006,https://www.openstreetmap.org/node/1365116006,ODbL-1.0,© OpenStreetMap contributors,53,45,0,LOCATABLE,unclaimed,unverified,directory_listing,True,True,True,True,2026-08-01 19:11:00.412400+05:30
osm:n6935579741,500081,500081,0.8,nearest_named_place,The grand truck road,The grand truck road,,FOOD_SERVICE,restaurants-and-food,restaurant,,,,,,,,,HITEC City,,,Hyderabad,Telangana,IN,17.4518874,78.3856618,exact_storefront,,osm,OpenStreetMap — India extract (Geofabrik),node/6935579741,https://www.openstreetmap.org/node/6935579741,ODbL-1.0,© OpenStreetMap contributors,53,45,0,LOCATABLE,unclaimed,unverified,directory_listing,True,True,True,True,2026-08-01 19:11:00.412400+05:30
osm:n5793698165,500081,500081,0.8,nearest_named_place,Golconda Chef,Golconda Chef,,FOOD_SERVICE,restaurants-and-food,restaurant,,,,,,,,,Ayyappa Society Colony,,,Hyderabad,Telangana,IN,17.4455723,78.3925382,exact_storefront,,osm,OpenStreetMap — India extract (Geofabrik),node/5793698165,https://www.openstreetmap.org/node/5793698165,ODbL-1.0,© OpenStreetMap contributors,53,45,0,LOCATABLE,unclaimed,unverified,directory_listing,True,True,True,True,2026-08-01 19:11:00.412400+05:30
osm:n5942783245,500081,500081,0.8,nearest_named_place,Abhiruchi Restaurant,Abhiruchi Restaurant,,FOOD_SERVICE,restaurants-and-food,restaurant,,,,,,,,,Vittal Rao Nagar,,,Hyderabad,Telangana,IN,17.4456195,78.3861795,exact_storefront,,osm,OpenStreetMap — India extract (Geofabrik),node/5942783245,https://www.openstreetmap.org/node/5942783245,ODbL-1.0,© OpenStreetMap contributors,53,45,0,LOCATABLE,unclaimed,unverified,directory_listing,True,True,True,True,2026-08-01 19:11:00.412400+05:30
osm:n3008092655,500081,500081,0.8,nearest_named_place,Eat Central,Eat Central,,FOOD_SERVICE,restaurants-and-food,restaurant,,,,,,,,,Vittal Rao Nagar,,,Hyderabad,Telangana,IN,17.4412679,78.3825065,exact_storefront,,osm,OpenStreetMap — India extract (Geofabrik),node/3008092655,https://www.openstreetmap.org/node/3008092655,ODbL-1.0,© OpenStreetMap contributors,53,45,0,LOCATABLE,unclaimed,unverified,directory_listing,True,True,True,True,2026-08-01 19:11:00.412400+05:30
osm:n6633197605,500081,500081,0.8,nearest_named_place,ITC Kohenur,ITC Kohenur,,FOOD_SERVICE,restaurants-and-food,restaurant,,,,,,,,,Madhapur,,,Hyderabad,Telangana,IN,17.4324002,78.3854882,exact_storefront,,osm,OpenStreetMap — India extract (Geofabrik),node/6633197605,https://www.openstreetmap.org/node/6633197605,ODbL-1.0,© OpenStreetMap contributors,53,45,0,LOCATABLE,unclaimed,unverified,directory_listing,True,True,True,True,2026-08-01 19:11:00.412400+05:30
osm:n7035236543,500081,500081,0.8,nearest_named_place,Domino's,Domino's,,FOOD_SERVICE,restaurants-and-food,fast-food,,,,,,,,,Madhapur,,,Hyderabad,Telangana,IN,17.4349353,78.385811,exact_storefront,,osm,OpenStreetMap — India extract (Geofabrik),node/7035236543,https://www.openstreetmap.org/node/7035236543,ODbL-1.0,© OpenStreetMap contributors,53,45,60,LOCATABLE,unclaimed,unverified,directory_listing,True,True,True,True,2026-08-01 19:11:00.412400+05:30
osm:n6257487485,500081,500081,0.8,nearest_named_place,Revolt,Revolt,,FOOD_SERVICE,restaurants-and-food,bar,,,,,,,,,Kavuri Hills,,,Hyderabad,Telangana,IN,17.438014,78.4003266,exact_storefront,,osm,OpenStreetMap — India extract (Geofabrik),node/6257487485,https://www.openstreetmap.org/node/6257487485,ODbL-1.0,© OpenStreetMap contributors,53,45,0,LOCATABLE,unclaimed,unverified,directory_listing,True,True,True,True,2026-08-01 19:11:00.412400+05:30
osm:n5515637840,500081,500081,0.8,nearest_named_place,Quality walls,Quality walls,,FOOD_SERVICE,restaurants-and-food,ice-cream,,,,,,,,,Vittal Rao Nagar,,,Hyderabad,Telangana,IN,17.4414221,78.3806922,exact_storefront,,osm,OpenStreetMap — India extract (Geofabrik),node/5515637840,https://www.openstreetmap.org/node/5515637840,ODbL-1.0,© OpenStreetMap contributors,53,45,0,LOCATABLE,unclaimed,unverified,directory_listing,True,True,True,True,2026-08-01 19:11:00.412400+05:30
osm:n6257480987,500081,500081,0.8,nearest_named_place,Repete,Repete,,FOOD_SERVICE,restaurants-and-food,bar,,,,,,,,,Kavuri Hills,,,Hyderabad,Telangana,IN,17.4380663,78.400416,exact_storefront,,osm,OpenStreetMap — India extract (Geofabrik),node/6257480987,https://www.openstreetmap.org/node/6257480987,ODbL-1.0,© OpenStreetMap contributors,53,45,0,LOCATABLE,unclaimed,unverified,directory_listing,True,True,True,True,2026-08-01 19:11:00.412400+05:30
osm:n7021303608,500081,500081,0.8,nearest_named_place,Amber,Amber,,FOOD_SERVICE,restaurants-and-food,restaurant,,,,,,,,,Madhapur,,,Hyderabad,Telangana,IN,17.4367771,78.3891419,exact_storefront,,osm,OpenStreetMap — India extract (Geofabrik),node/7021303608,https://www.openstreetmap.org/node/7021303608,ODbL-1.0,© OpenStreetMap contributors,53,45,0,LOCATABLE,unclaimed,unverified,directory_listing,True,True,True,True,2026-08-01 19:11:00.412400+05:30
osm:n7021303711,500081,500081,0.8,nearest_named_place,Tea Trails Cafe,Tea Trails Cafe,,FOOD_SERVICE,restaurants-and-food,cafe,,,,,,,,,Vittal Rao Nagar,,,Hyderabad,Telangana,IN,17.4373534,78.3853935,exact_storefront,,osm,OpenStreetMap — India extract (Geofabrik),node/7021303711,https://www.openstreetmap.org/node/7021303711,ODbL-1.0,© OpenStreetMap contributors,53,45,0,LOCATABLE,unclaimed,unverified,directory_listing,True,True,True,True,2026-08-01 19:11:00.412400+05:30
osm:n7021303729,500081,500081,0.8,nearest_named_place,Urban Spice kitchen,Urban Spice kitchen,,FOOD_SERVICE,restaurants-and-food,restaurant,,,,,,,,,Ayyappa Society Colony,,,Hyderabad,Telangana,IN,17.4463118,78.3887776,exact_storefront,,osm,OpenStreetMap — India extract (Geofabrik),node/7021303729,https://www.openstreetmap.org/node/7021303729,ODbL-1.0,© OpenStreetMap contributors,53,45,0,LOCATABLE,unclaimed,unverified,directory_listing,True,True,True,True,2026-08-01 19:11:00.412400+05:30
osm:n7021303733,500081,500081,0.8,nearest_named_place,Grand Spicy Bawarchi,Grand Spicy Bawarchi,,FOOD_SERVICE,restaurants-and-food,restaurant,,,,,,,,,Vittal Rao Nagar,,,Hyderabad,Telangana,IN,17.4447002,78.386046,exact_storefront,,osm,OpenStreetMap — India extract (Geofabrik),node/7021303733,https://www.openstreetmap.org/node/7021303733,ODbL-1.0,© OpenStreetMap contributors,53,45,0,LOCATABLE,unclaimed,unverified,directory_listing,True,True,True,True,2026-08-01 19:11:00.412400+05:30
osm:n7025820724,500081,500081,0.8,nearest_named_place,Balaji Hyderabad Mithai Bhandar,Balaji Hyderabad Mithai Bhandar,,FOOD_SERVICE,restaurants-and-food,fast-food,,,,,,,,,Madhapur,,,Hyderabad,Telangana,IN,17.4413554,78.388307,exact_storefront,,osm,OpenStreetMap — India extract (Geofabrik),node/7025820724,https://www.openstreetmap.org/node/7025820724,ODbL-1.0,© OpenStreetMap contributors,53,45,0,LOCATABLE,unclaimed,unverified,directory_listing,True,True,True,True,2026-08-01 19:11:00.412400+05:30
osm:n7025820753,500081,500081,0.8,nearest_named_place,Sampradaya Ruchulu Restaurant,Sampradaya Ruchulu Restaurant,,FOOD_SERVICE,restaurants-and-food,restaurant,,,,,,,,,Madhapur,,,Hyderabad,Telangana,IN,17.4385383,78.3902999,exact_storefront,,osm,OpenStreetMap — India extract (Geofabrik),node/7025820753,https://www.openstreetmap.org/node/7025820753,ODbL-1.0,© OpenStreetMap contributors,53,45,0,LOCATABLE,unclaimed,unverified,directory_listing,True,True,True,True,2026-08-01 19:11:00.412400+05:30
osm:n7025820756,500081,500081,0.8,nearest_named_place,Cafe Blue Diamond & Chinese Fast Food,Cafe Blue Diamond & Chinese Fast Food,,FOOD_SERVICE,restaurants-and-food,fast-food,,,,,,,,,Kavuri Hills,,,Hyderabad,Telangana,IN,17.440618,78.3945512,exact_storefront,,osm,OpenStreetMap — India extract (Geofabrik),node/7025820756,https://www.openstreetmap.org/node/7025820756,ODbL-1.0,© OpenStreetMap contributors,53,45,0,LOCATABLE,unclaimed,unverified,directory_listing,True,True,True,True,2026-08-01 19:11:00.412400+05:30
osm:n7025820787,500081,500081,0.8,nearest_named_place,Sumeet Chat Bhandar and Ice Cream Parlour,Sumeet Chat Bhandar and Ice Cream Parlour,,FOOD_SERVICE,restaurants-and-food,ice-cream,,,,,,,,,Madhapur,,,Hyderabad,Telangana,IN,17.4448679,78.3924758,exact_storefront,,osm,OpenStreetMap — India extract (Geofabrik),node/7025820787,https://www.openstreetmap.org/node/7025820787,ODbL-1.0,© OpenStreetMap contributors,53,45,0,LOCATABLE,unclaimed,unverified,directory_listing,True,True,True,True,2026-08-01 19:11:00.412400+05:30
osm:n7025820811,500081,500081,0.8,nearest_named_place,Burgandi,Burgandi,,FOOD_SERVICE,restaurants-and-food,restaurant,,,,,,,,,Madhapur,,,Hyderabad,Telangana,IN,17.4369089,78.3892028,exact_storefront,,osm,OpenStreetMap — India extract (Geofabrik),node/7025820811,https://www.openstreetmap.org/node/7025820811,ODbL-1.0,© OpenStreetMap contributors,53,45,0,LOCATABLE,unclaimed,unverified,directory_listing,True,True,True,True,2026-08-01 19:11:00.412400+05:30
osm:n7025820815,500081,500081,0.8,nearest_named_place,Dhanyatha Foods,Dhanyatha Foods,,FOOD_SERVICE,restaurants-and-food,restaurant,,,,,,,,,Ayyappa Society Colony,,,Hyderabad,Telangana,IN,17.4498409,78.3934938,exact_storefront,,osm,OpenStreetMap — India extract (Geofabrik),node/7025820815,https://www.openstreetmap.org/node/7025820815,ODbL-1.0,© OpenStreetMap contributors,53,45,0,LOCATABLE,unclaimed,unverified,directory_listing,True,True,True,True,2026-08-01 19:11:00.412400+05:30
osm:n7025820832,500081,500081,0.8,nearest_named_place,Inner Chef,Inner Chef,,FOOD_SERVICE,restaurants-and-food,restaurant,,,,,,,,,Ayyappa Society Colony,,,Hyderabad,Telangana,IN,17.4493044,78.3911004,exact_storefront,,osm,OpenStreetMap — India extract (Geofabrik),node/7025820832,https://www.openstreetmap.org/node/7025820832,ODbL-1.0,© OpenStreetMap contributors,53,45,0,LOCATABLE,unclaimed,unverified,directory_listing,True,True,True,True,2026-08-01 19:11:00.412400+05:30
osm:n7025820842,500081,500081,0.8,nearest_named_place,Krishna's Kitchen,Krishna's Kitchen,,FOOD_SERVICE,restaurants-and-food,restaurant,,,,,,,,,Kavuri Hills,,,Hyderabad,Telangana,IN,17.4357999,78.3946868,exact_storefront,,osm,OpenStreetMap — India extract (Geofabrik),node/7025820842,https://www.openstreetmap.org/node/7025820842,ODbL-1.0,© OpenStreetMap contributors,53,45,0,LOCATABLE,unclaimed,unverified,directory_listing,True,True,True,True,2026-08-01 19:11:00.412400+05:30
osm:n7025820911,500081,500081,0.8,nearest_named_place,Brickwood Pizza,Brickwood Pizza,,FOOD_SERVICE,restaurants-and-food,restaurant,,,,,,,,,Madhapur,,,Hyderabad,Telangana,IN,17.4412922,78.3884437,exact_storefront,,osm,OpenStreetMap — India extract (Geofabrik),node/7025820911,https://www.openstreetmap.org/node/7025820911,ODbL-1.0,© OpenStreetMap contributors,53,45,0,LOCATABLE,unclaimed,unverified,directory_listing,True,True,True,True,2026-08-01 19:11:00.412400+05:30
osm:n7025820919,500081,500081,0.8,nearest_named_place,Eatsome,Eatsome,,FOOD_SERVICE,restaurants-and-food,restaurant,,,,,,,,,Madhapur,,,Hyderabad,Telangana,IN,17.4418969,78.3881888,exact_storefront,,osm,OpenStreetMap — India extract (Geofabrik),node/7025820919,https://www.openstreetmap.org/node/7025820919,ODbL-1.0,© OpenStreetMap contributors,53,45,0,LOCATABLE,unclaimed,unverified,directory_listing,True,True,True,True,2026-08-01 19:11:00.412400+05:30
osm:n2794485602,500081,500081,0.8,nearest_named_place,Chocolate Room,Chocolate Room,,FOOD_SERVICE,restaurants-and-food,cafe,,,,,,,,,Kavuri Hills,,,Hyderabad,Telangana,IN,17.4391952,78.3983227,exact_storefront,,osm,OpenStreetMap — India extract (Geofabrik),node/2794485602,https://www.openstreetmap.org/node/2794485602,ODbL-1.0,© OpenStreetMap contributors,53,45,0,LOCATABLE,unclaimed,unverified,directory_listing,True,True,True,True,2026-08-01 19:11:00.412400+05:30
osm:n2134522890,500081,500081,0.8,nearest_named_place,Chick King,Chick King,,FOOD_SERVICE,restaurants-and-food,fast-food,,,,,,,,,Madhapur,,,Hyderabad,Telangana,IN,17.4411739,78.3912705,exact_storefront,,osm,OpenStreetMap — India extract (Geofabrik),node/2134522890,https://www.openstreetmap.org/node/2134522890,ODbL-1.0,© OpenStreetMap contributors,53,45,0,LOCATABLE,unclaimed,unverified,directory_listing,True,True,True,True,2026-08-01 19:11:00.412400+05:30
osm:n5515637838,500081,500081,0.8,nearest_named_place,Domino's,Domino's,,FOOD_SERVICE,restaurants-and-food,fast-food,,,,,,,,,Vittal Rao Nagar,,,Hyderabad,Telangana,IN,17.4413058,78.3808629,exact_storefront,,osm,OpenStreetMap — India extract (Geofabrik),node/5515637838,https://www.openstreetmap.org/node/5515637838,ODbL-1.0,© OpenStreetMap contributors,53,45,60,LOCATABLE,unclaimed,unverified,directory_listing,True,True,True,True,2026-08-01 19:11:00.412400+05:30
osm:n5931166341,500081,500081,0.8,nearest_named_place,Charcoal Bbq,Charcoal Bbq,,FOOD_SERVICE,restaurants-and-food,restaurant,,,,,,,,,Ayyappa Society Colony,,,Hyderabad,Telangana,IN,17.4475331,78.3918768,exact_storefront,,osm,OpenStreetMap — India extract (Geofabrik),node/5931166341,https://www.openstreetmap.org/node/5931166341,ODbL-1.0,© OpenStreetMap contributors,53,45,0,LOCATABLE,unclaimed,unverified,directory_listing,True,True,True,True,2026-08-01 19:11:00.412400+05:30
osm:n7025820874,500081,500081,0.8,nearest_named_place,Morning Dew,Morning Dew,,FOOD_SERVICE,restaurants-and-food,restaurant,,,,,,,,,Madhapur,,,Hyderabad,Telangana,IN,17.4404283,78.3934664,exact_storefront,,osm,OpenStreetMap — India extract (Geofabrik),node/7025820874,https://www.openstreetmap.org/node/7025820874,ODbL-1.0,© OpenStreetMap contributors,53,45,0,LOCATABLE,unclaimed,unverified,directory_listing,True,True,True,True,2026-08-01 19:11:00.412400+05:30
osm:n7043245719,500081,500081,0.8,nearest_named_place,Chai Point,Chai Point,,FOOD_SERVICE,restaurants-and-food,cafe,,,,,,,,,Madhapur,,,Hyderabad,Telangana,IN,17.443382,78.3917089,exact_storefront,,osm,OpenStreetMap — India extract (Geofabrik),node/7043245719,https://www.openstreetmap.org/node/7043245719,ODbL-1.0,© OpenStreetMap contributors,53,45,0,LOCATABLE,unclaimed,unverified,directory_listing,True,True,True,True,2026-08-01 19:11:00.412400+05:30
osm:n10718148978,500081,500081,0.8,nearest_named_place,Burger King,Burger King,,FOOD_SERVICE,restaurants-and-food,fast-food,,,,,,,,,Vittal Rao Nagar,,,Hyderabad,Telangana,IN,17.4416568,78.376817,exact_storefront,,osm,OpenStreetMap — India extract (Geofabrik),node/10718148978,https://www.openstreetmap.org/node/10718148978,ODbL-1.0,© OpenStreetMap contributors,53,45,0,LOCATABLE,unclaimed,unverified,directory_listing,True,True,True,True,2026-08-01 19:11:00.412400+05:30
osm:n1275490943,500081,500081,0.8,nearest_named_place,Pizza Hut,Pizza Hut,,FOOD_SERVICE,restaurants-and-food,restaurant,,,,,,,,,Vittal Rao Nagar,,,Hyderabad,Telangana,IN,17.4453139,78.3863774,exact_storefront,,osm,OpenStreetMap — India extract (Geofabrik),node/1275490943,https://www.openstreetmap.org/node/1275490943,ODbL-1.0,© OpenStreetMap contributors,53,45,60,LOCATABLE,unclaimed,unverified,directory_listing,True,True,True,True,2026-08-01 19:11:00.412400+05:30
osm:n2134523285,500081,500081,0.8,nearest_named_place,Dil Punjabi,Dil Punjabi,,FOOD_SERVICE,restaurants-and-food,restaurant,,,,,,,,,Madhapur,,,Hyderabad,Telangana,IN,17.4412924,78.3913618,exact_storefront,,osm,OpenStreetMap — India extract (Geofabrik),node/2134523285,https://www.openstreetmap.org/node/2134523285,ODbL-1.0,© OpenStreetMap contributors,53,45,0,LOCATABLE,unclaimed,unverified,directory_listing,True,True,True,True,2026-08-01 19:11:00.412400+05:30
osm:n6259475085,500081,500081,0.8,nearest_named_place,hyderabad host,hyderabad host,,FOOD_SERVICE,restaurants-and-food,restaurant,,,,,,,,,Kavuri Hills,,,Hyderabad,Telangana,IN,17.4417444,78.3966967,exact_storefront,,osm,OpenStreetMap — India extract (Geofabrik),node/6259475085,https://www.openstreetmap.org/node/6259475085,ODbL-1.0,© OpenStreetMap contributors,53,45,0,LOCATABLE,unclaimed,unverified,directory_listing,True,True,True,True,2026-08-01 19:11:00.412400+05:30
osm:n7021303732,500081,500081,0.8,nearest_named_place,Southwok Restaurant,Southwok Restaurant,,FOOD_SERVICE,restaurants-and-food,restaurant,,,,,,,,,Madhapur,,,Hyderabad,Telangana,IN,17.4378381,78.3871372,exact_storefront,,osm,OpenStreetMap — India extract (Geofabrik),node/7021303732,https://www.openstreetmap.org/node/7021303732,ODbL-1.0,© OpenStreetMap contributors,53,45,0,LOCATABLE,unclaimed,unverified,directory_listing,True,True,True,True,2026-08-01 19:11:00.412400+05:30
osm:n7025820764,500081,500081,0.8,nearest_named_place,Beach House,Beach House,,FOOD_SERVICE,restaurants-and-food,restaurant,,,,,,,,,Kavuri Hills,,,Hyderabad,Telangana,IN,17.4386399,78.3948138,exact_storefront,,osm,OpenStreetMap — India extract (Geofabrik),node/7025820764,https://www.openstreetmap.org/node/7025820764,ODbL-1.0,© OpenStreetMap contributors,53,45,0,LOCATABLE,unclaimed,unverified,directory_listing,True,True,True,True,2026-08-01 19:11:00.412400+05:30
osm:n7025820782,500081,500081,0.8,nearest_named_place,Chinese Cornerz,Chinese Cornerz,,FOOD_SERVICE,restaurants-and-food,fast-food,,,,,,,,,Ayyappa Society Colony,,,Hyderabad,Telangana,IN,17.4458679,78.3924181,exact_storefront,,osm,OpenStreetMap — India extract (Geofabrik),node/7025820782,https://www.openstreetmap.org/node/7025820782,ODbL-1.0,© OpenStreetMap contributors,53,45,0,LOCATABLE,unclaimed,unverified,directory_listing,True,True,True,True,2026-08-01 19:11:00.412400+05:30
osm:n5469130135,500081,500081,0.8,nearest_named_place,Annapurna Tiffens,Annapurna Tiffens,,FOOD_SERVICE,restaurants-and-food,restaurant,,,,,,,,,Ayyappa Society Colony,,,Hyderabad,Telangana,IN,17.4518379,78.391518,exact_storefront,,osm,OpenStreetMap — India extract (Geofabrik),node/5469130135,https://www.openstreetmap.org/node/5469130135,ODbL-1.0,© OpenStreetMap contributors,53,45,0,LOCATABLE,unclaimed,unverified,directory_listing,True,True,True,True,2026-08-01 19:11:00.412400+05:30
osm:n654882404,500081,500081,0.8,nearest_named_place,McDonald's,McDonald's,,FOOD_SERVICE,restaurants-and-food,fast-food,,,,,,,,,Madhapur,,,Hyderabad,Telangana,IN,17.4346181,78.3864731,exact_storefront,,osm,OpenStreetMap — India extract (Geofabrik),node/654882404,https://www.openstreetmap.org/node/654882404,ODbL-1.0,© OpenStreetMap contributors,53,45,0,LOCATABLE,unclaimed,unverified,directory_listing,True,True,True,True,2026-08-01 19:11:00.412400+05:30
osm:n7025820906,500081,500081,0.8,nearest_named_place,Sanjha Chulha Punjabi Food Joint,Sanjha Chulha Punjabi Food Joint,,FOOD_SERVICE,restaurants-and-food,restaurant,,,,,,,,,Madhapur,,,Hyderabad,Telangana,IN,17.4415069,78.3888758,exact_storefront,,osm,OpenStreetMap — India extract (Geofabrik),node/7025820906,https://www.openstreetmap.org/node/7025820906,ODbL-1.0,© OpenStreetMap contributors,53,45,0,LOCATABLE,unclaimed,unverified,directory_listing,True,True,True,True,2026-08-01 19:11:00.412400+05:30
osm:n10171328869,500081,500081,0.8,nearest_named_place,Mukka Mudda,Mukka Mudda,,FOOD_SERVICE,restaurants-and-food,restaurant,,,,,,,,,Ayyappa Society Colony,,,Hyderabad,Telangana,IN,17.450138,78.391885,exact_storefront,,osm,OpenStreetMap — India extract (Geofabrik),node/10171328869,https://www.openstreetmap.org/node/10171328869,ODbL-1.0,© OpenStreetMap contributors,53,45,0,LOCATABLE,unclaimed,unverified,directory_listing,True,True,True,True,2026-08-01 19:11:00.412400+05:30
osm:n10718148979,500081,500081,0.8,nearest_named_place,Aharam,Aharam,,FOOD_SERVICE,restaurants-and-food,restaurant,,,,,,,,,Vittal Rao Nagar,,,Hyderabad,Telangana,IN,17.4417612,78.3768381,exact_storefront,,osm,OpenStreetMap — India extract (Geofabrik),node/10718148979,https://www.openstreetmap.org/node/10718148979,ODbL-1.0,© OpenStreetMap contributors,53,45,0,LOCATABLE,unclaimed,unverified,directory_listing,True,True,True,True,2026-08-01 19:11:00.412400+05:30
osm:n5515637837,500081,500081,0.8,nearest_named_place,Starbucks,Starbucks,,FOOD_SERVICE,restaurants-and-food,cafe,,,,,,,,,Vittal Rao Nagar,,,Hyderabad,Telangana,IN,17.4414532,78.3807897,exact_storefront,,osm,OpenStreetMap — India extract (Geofabrik),node/5515637837,https://www.openstreetmap.org/node/5515637837,ODbL-1.0,© OpenStreetMap contributors,53,45,60,LOCATABLE,unclaimed,unverified,directory_listing,True,True,True,True,2026-08-01 19:11:00.412400+05:30
osm:n5692072169,500081,500081,0.8,nearest_named_place,Sampradhaya curry point,Sampradhaya curry point,,FOOD_SERVICE,restaurants-and-food,restaurant,,,,,,,,,Ayyappa Society Colony,,,Hyderabad,Telangana,IN,17.446934,78.3918229,exact_storefront,,osm,OpenStreetMap — India extract (Geofabrik),node/5692072169,https://www.openstreetmap.org/node/5692072169,ODbL-1.0,© OpenStreetMap contributors,53,45,0,LOCATABLE,unclaimed,unverified,directory_listing,True,True,True,True,2026-08-01 19:11:00.412400+05:30
osm:n5942783243,500081,500081,0.8,nearest_named_place,Appetito,Appetito,,FOOD_SERVICE,restaurants-and-food,restaurant,,,,,,,,,Vittal Rao Nagar,,,Hyderabad,Telangana,IN,17.4456498,78.3859665,exact_storefront,,osm,OpenStreetMap — India extract (Geofabrik),node/5942783243,https://www.openstreetmap.org/node/5942783243,ODbL-1.0,© OpenStreetMap contributors,53,45,0,LOCATABLE,unclaimed,unverified,directory_listing,True,True,True,True,2026-08-01 19:11:00.412400+05:30
osm:n5957506785,500081,500081,0.8,nearest_named_place,Om Sai Ram Nice Vada Pav,Om Sai Ram Nice Vada Pav,,FOOD_SERVICE,restaurants-and-food,fast-food,,,,,,,,,Vittal Rao Nagar,,,Hyderabad,Telangana,IN,17.4448874,78.3865836,exact_storefront,,osm,OpenStreetMap — India extract (Geofabrik),node/5957506785,https://www.openstreetmap.org/node/5957506785,ODbL-1.0,© OpenStreetMap contributors,53,45,0,LOCATABLE,unclaimed,unverified,directory_listing,True,True,True,True,2026-08-01 19:11:00.412400+05:30
osm:n7021303640,500081,500081,0.8,nearest_named_place,Foodie Resto,Foodie Resto,,FOOD_SERVICE,restaurants-and-food,restaurant,,,,,,,,,Vittal Rao Nagar,,,Hyderabad,Telangana,IN,17.4417241,78.3852879,exact_storefront,,osm,OpenStreetMap — India extract (Geofabrik),node/7021303640,https://www.openstreetmap.org/node/7021303640,ODbL-1.0,© OpenStreetMap contributors,53,45,0,LOCATABLE,unclaimed,unverified,directory_listing,True,True,True,True,2026-08-01 19:11:00.412400+05:30
osm:n7027716895,500081,500081,0.8,nearest_named_place,Kitchen 007,Kitchen 007,,FOOD_SERVICE,restaurants-and-food,restaurant,,,,,,,,,Ayyappa Society Colony,,,Hyderabad,Telangana,IN,17.4499217,78.3949095,exact_storefront,,osm,OpenStreetMap — India extract (Geofabrik),node/7027716895,https://www.openstreetmap.org/node/7027716895,ODbL-1.0,© OpenStreetMap contributors,53,45,0,LOCATABLE,unclaimed,unverified,directory_listing,True,True,True,True,2026-08-01 19:11:00.412400+05:30
osm:n7021303723,500081,500081,0.8,nearest_named_place,Spot Food Court,Spot Food Court,,FOOD_SERVICE,restaurants-and-food,food-court,,,,,,,,,Madhapur,,,Hyderabad,Telangana,IN,17.4430451,78.3908019,exact_storefront,,osm,OpenStreetMap — India extract (Geofabrik),node/7021303723,https://www.openstreetmap.org/node/7021303723,ODbL-1.0,© OpenStreetMap contributors,53,45,0,LOCATABLE,unclaimed,unverified,directory_listing,True,True,True,True,2026-08-01 19:11:00.412400+05:30
osm:n7021303730,500081,500081,0.8,nearest_named_place,Onesta Restaurant,Onesta Restaurant,,FOOD_SERVICE,restaurants-and-food,restaurant,,,,,,,,,HITEC City,,,Hyderabad,Telangana,IN,17.4492551,78.3858169,exact_storefront,,osm,OpenStreetMap — India extract (Geofabrik),node/7021303730,https://www.openstreetmap.org/node/7021303730,ODbL-1.0,© OpenStreetMap contributors,53,45,0,LOCATABLE,unclaimed,unverified,directory_listing,True,True,True,True,2026-08-01 19:11:00.412400+05:30
osm:n7025820825,500081,500081,0.8,nearest_named_place,Organic Thali kitchen,Organic Thali kitchen,,FOOD_SERVICE,restaurants-and-food,restaurant,,,,,,,,,Ayyappa Society Colony,,,Hyderabad,Telangana,IN,17.4476207,78.3910935,exact_storefront,,osm,OpenStreetMap — India extract (Geofabrik),node/7025820825,https://www.openstreetmap.org/node/7025820825,ODbL-1.0,© OpenStreetMap contributors,53,45,0,LOCATABLE,unclaimed,unverified,directory_listing,True,True,True,True,2026-08-01 19:11:00.412400+05:30
osm:n7025820897,500081,500081,0.8,nearest_named_place,The Adda,The Adda,,FOOD_SERVICE,restaurants-and-food,restaurant,,,,,,,,,Madhapur,,,Hyderabad,Telangana,IN,17.4415331,78.3906461,exact_storefront,,osm,OpenStreetMap — India extract (Geofabrik),node/7025820897,https://www.openstreetmap.org/node/7025820897,ODbL-1.0,© OpenStreetMap contributors,53,45,0,LOCATABLE,unclaimed,unverified,directory_listing,True,True,True,True,2026-08-01 19:11:00.412400+05:30
osm:n7113998091,500081,500081,0.8,nearest_named_place,Naturals,Naturals,,FOOD_SERVICE,restaurants-and-food,ice-cream,,,,,,,,,Kavuri Hills,,,Hyderabad,Telangana,IN,17.438583,78.3992291,exact_storefront,,osm,OpenStreetMap — India extract (Geofabrik),node/7113998091,https://www.openstreetmap.org/node/7113998091,ODbL-1.0,© OpenStreetMap contributors,53,45,60,LOCATABLE,unclaimed,unverified,directory_listing,True,True,True,True,2026-08-01 19:11:00.412400+05:30
osm:n7035236528,500081,500081,0.8,nearest_named_place,Domino's,Domino's,,FOOD_SERVICE,restaurants-and-food,fast-food,,,,,,,,,Madhapur,,,Hyderabad,Telangana,IN,17.4347204,78.3870167,exact_storefront,,osm,OpenStreetMap — India extract (Geofabrik),node/7035236528,https://www.openstreetmap.org/node/7035236528,ODbL-1.0,© OpenStreetMap contributors,53,45,60,LOCATABLE,unclaimed,unverified,directory_listing,True,True,True,True,2026-08-01 19:11:00.412400+05:30
osm:n7035236529,500081,500081,0.8,nearest_named_place,Pizza Hut,Pizza Hut,,FOOD_SERVICE,restaurants-and-food,restaurant,,,,,,,,,Madhapur,,,Hyderabad,Telangana,IN,17.4346142,78.386904,exact_storefront,,osm,OpenStreetMap — India extract (Geofabrik),node/7035236529,https://www.openstreetmap.org/node/7035236529,ODbL-1.0,© OpenStreetMap contributors,53,45,60,LOCATABLE,unclaimed,unverified,directory_listing,True,True,True,True,2026-08-01 19:11:00.412400+05:30
osm:n10718148977,500081,500081,0.8,nearest_named_place,Karachi Cafe,Karachi Cafe,,FOOD_SERVICE,restaurants-and-food,cafe,,,,,,,,,Vittal Rao Nagar,,,Hyderabad,Telangana,IN,17.4415605,78.3767286,exact_storefront,,osm,OpenStreetMap — India extract (Geofabrik),node/10718148977,https://www.openstreetmap.org/node/10718148977,ODbL-1.0,© OpenStreetMap contributors,53,45,0,LOCATABLE,unclaimed,unverified,directory_listing,True,True,True,True,2026-08-01 19:11:00.412400+05:30
osm:n1641547337,500081,500081,0.8,nearest_named_place,Big Dosa,Big Dosa,,FOOD_SERVICE,restaurants-and-food,restaurant,,,,,,,,,Vittal Rao Nagar,,,Hyderabad,Telangana,IN,17.4424887,78.3852422,exact_storefront,,osm,OpenStreetMap — India extract (Geofabrik),node/1641547337,https://www.openstreetmap.org/node/1641547337,ODbL-1.0,© OpenStreetMap contributors,53,45,0,LOCATABLE,unclaimed,unverified,directory_listing,True,True,True,True,2026-08-01 19:11:00.412400+05:30
osm:n2014856040,500081,500081,0.8,nearest_named_place,Cafe Coffee Day,Cafe Coffee Day,,FOOD_SERVICE,restaurants-and-food,cafe,,,,,,,,,Kavuri Hills,,,Hyderabad,Telangana,IN,17.4388354,78.3967696,exact_storefront,,osm,OpenStreetMap — India extract (Geofabrik),node/2014856040,https://www.openstreetmap.org/node/2014856040,ODbL-1.0,© OpenStreetMap contributors,53,45,60,LOCATABLE,unclaimed,unverified,directory_listing,True,True,True,True,2026-08-01 19:11:00.412400+05:30
osm:n5965559685,500081,500081,0.8,nearest_named_place,Soma's Kitchen,Soma's Kitchen,,FOOD_SERVICE,restaurants-and-food,restaurant,,,,,,,,,Vittal Rao Nagar,,,Hyderabad,Telangana,IN,17.4442825,78.3879877,exact_storefront,,osm,OpenStreetMap — India extract (Geofabrik),node/5965559685,https://www.openstreetmap.org/node/5965559685,ODbL-1.0,© OpenStreetMap contributors,53,45,0,LOCATABLE,unclaimed,unverified,directory_listing,True,True,True,True,2026-08-01 19:11:00.412400+05:30
osm:n6009842126,500081,500081,0.8,nearest_named_place,Spicy Hub,Spicy Hub,,FOOD_SERVICE,restaurants-and-food,restaurant,,,,,,,,,Vittal Rao Nagar,,,Hyderabad,Telangana,IN,17.4448983,78.3873777,exact_storefront,,osm,OpenStreetMap — India extract (Geofabrik),node/6009842126,https://www.openstreetmap.org/node/6009842126,ODbL-1.0,© OpenStreetMap contributors,53,45,0,LOCATABLE,unclaimed,unverified,directory_listing,True,True,True,True,2026-08-01 19:11:00.412400+05:30
osm:n7021303736,500081,500081,0.8,nearest_named_place,Simhapuri Deluxe,Simhapuri Deluxe,,FOOD_SERVICE,restaurants-and-food,restaurant,,,,,,,,,HITEC City,,,Hyderabad,Telangana,IN,17.4513665,78.3866436,exact_storefront,,osm,OpenStreetMap — India extract (Geofabrik),node/7021303736,https://www.openstreetmap.org/node/7021303736,ODbL-1.0,© OpenStreetMap contributors,53,45,0,LOCATABLE,unclaimed,unverified,directory_listing,True,True,True,True,2026-08-01 19:11:00.412400+05:30
osm:n7021303737,500081,500081,0.8,nearest_named_place,Nala Bhimas Restaurant,Nala Bhimas Restaurant,,FOOD_SERVICE,restaurants-and-food,restaurant,,,,,,,,,Kavuri Hills,,,Hyderabad,Telangana,IN,17.4348953,78.3937529,exact_storefront,,osm,OpenStreetMap — India extract (Geofabrik),node/7021303737,https://www.openstreetmap.org/node/7021303737,ODbL-1.0,© OpenStreetMap contributors,53,45,0,LOCATABLE,unclaimed,unverified,directory_listing,True,True,True,True,2026-08-01 19:11:00.412400+05:30
osm:n7021303761,500081,500081,0.8,nearest_named_place,SK Fast Food,SK Fast Food,,FOOD_SERVICE,restaurants-and-food,fast-food,,,,,,,,,HITEC City,,,Hyderabad,Telangana,IN,17.4499993,78.3854651,exact_storefront,,osm,OpenStreetMap — India extract (Geofabrik),node/7021303761,https://www.openstreetmap.org/node/7021303761,ODbL-1.0,© OpenStreetMap contributors,53,45,0,LOCATABLE,unclaimed,unverified,directory_listing,True,True,True,True,2026-08-01 19:11:00.412400+05:30
osm:n7025820838,500081,500081,0.8,nearest_named_place,Waffle House,Waffle House,,FOOD_SERVICE,restaurants-and-food,cafe,,,,,,,,,Kavuri Hills,,,Hyderabad,Telangana,IN,17.4346129,78.3939618,exact_storefront,,osm,OpenStreetMap — India extract (Geofabrik),node/7025820838,https://www.openstreetmap.org/node/7025820838,ODbL-1.0,© OpenStreetMap contributors,53,45,0,LOCATABLE,unclaimed,unverified,directory_listing,True,True,True,True,2026-08-01 19:11:00.412400+05:30
osm:n7025820846,500081,500081,0.8,nearest_named_place,Zza Bar @ Syala 95A,Zza Bar @ Syala 95A,,FOOD_SERVICE,restaurants-and-food,restaurant,,,,,,,,,Kavuri Hills,,,Hyderabad,Telangana,IN,17.4367499,78.3970998,exact_storefront,,osm,OpenStreetMap — India extract (Geofabrik),node/7025820846,https://www.openstreetmap.org/node/7025820846,ODbL-1.0,© OpenStreetMap contributors,53,45,0,LOCATABLE,unclaimed,unverified,directory_listing,True,True,True,True,2026-08-01 19:11:00.412400+05:30
osm:n7025803845,500081,500081,0.8,nearest_named_place,Ankapur Kitchen,Ankapur Kitchen,,FOOD_SERVICE,restaurants-and-food,restaurant,,,,,,,,,Ayyappa Society Colony,,,Hyderabad,Telangana,IN,17.4452494,78.3907983,exact_storefront,,osm,OpenStreetMap — India extract (Geofabrik),node/7025803845,https://www.openstreetmap.org/node/7025803845,ODbL-1.0,© OpenStreetMap contributors,53,45,0,LOCATABLE,unclaimed,unverified,directory_listing,True,True,True,True,2026-08-01 19:11:00.412400+05:30
osm:n10171328862,500081,500081,0.8,nearest_named_place,Red Bucket,Red Bucket,,FOOD_SERVICE,restaurants-and-food,restaurant,,,,,,,,,Ayyappa Society Colony,,,Hyderabad,Telangana,IN,17.4516821,78.392479,exact_storefront,,osm,OpenStreetMap — India extract (Geofabrik),node/10171328862,https://www.openstreetmap.org/node/10171328862,ODbL-1.0,© OpenStreetMap contributors,53,45,0,LOCATABLE,unclaimed,unverified,directory_listing,True,True,True,True,2026-08-01 19:11:00.412400+05:30
osm:n10171328916,500081,500081,0.8,nearest_named_place,Chai Point,Chai Point,,FOOD_SERVICE,restaurants-and-food,cafe,,,,,,,,,Ayyappa Society Colony,,,Hyderabad,Telangana,IN,17.4496259,78.3919495,exact_storefront,,osm,OpenStreetMap — India extract (Geofabrik),node/10171328916,https://www.openstreetmap.org/node/10171328916,ODbL-1.0,© OpenStreetMap contributors,53,45,0,LOCATABLE,unclaimed,unverified,directory_listing,True,True,True,True,2026-08-01 19:11:00.412400+05:30
osm:n1344110839,500081,500081,0.8,nearest_named_place,Cafe Coffee Day,Cafe Coffee Day,,FOOD_SERVICE,restaurants-and-food,cafe,,,,,,,,,Vittal Rao Nagar,,,Hyderabad,Telangana,IN,17.4412248,78.381208,exact_storefront,,osm,OpenStreetMap — India extract (Geofabrik),node/1344110839,https://www.openstreetmap.org/node/1344110839,ODbL-1.0,© OpenStreetMap contributors,53,45,60,LOCATABLE,unclaimed,unverified,directory_listing,True,True,True,True,2026-08-01 19:11:00.412400+05:30
osm:n7025820780,500081,500081,0.8,nearest_named_place,The Blender's Cafe,The Blender's Cafe,,FOOD_SERVICE,restaurants-and-food,cafe,,,,,,,,,Kavuri Hills,,,Hyderabad,Telangana,IN,17.4442543,78.3973902,exact_storefront,,osm,OpenStreetMap — India extract (Geofabrik),node/7025820780,https://www.openstreetmap.org/node/7025820780,ODbL-1.0,© OpenStreetMap contributors,53,45,0,LOCATABLE,unclaimed,unverified,directory_listing,True,True,True,True,2026-08-01 19:11:00.412400+05:30
osm:n7035236526,500081,500081,0.8,nearest_named_place,KFC,KFC,,FOOD_SERVICE,restaurants-and-food,fast-food,,,,,,,,,Madhapur,,,Hyderabad,Telangana,IN,17.4348714,78.3870327,exact_storefront,,osm,OpenStreetMap — India extract (Geofabrik),node/7035236526,https://www.openstreetmap.org/node/7035236526,ODbL-1.0,© OpenStreetMap contributors,53,45,60,LOCATABLE,unclaimed,unverified,directory_listing,True,True,True,True,2026-08-01 19:11:00.412400+05:30
osm:n7035236527,500081,500081,0.8,nearest_named_place,Chutneys,Chutneys,,FOOD_SERVICE,restaurants-and-food,restaurant,,,,,,,,,Madhapur,,,Hyderabad,Telangana,IN,17.4352133,78.3869412,exact_storefront,,osm,OpenStreetMap — India extract (Geofabrik),node/7035236527,https://www.openstreetmap.org/node/7035236527,ODbL-1.0,© OpenStreetMap contributors,53,45,0,LOCATABLE,unclaimed,unverified,directory_listing,True,True,True,True,2026-08-01 19:11:00.412400+05:30
osm:n10171342023,500081,500081,0.8,nearest_named_place,Fresh Juice,Fresh Juice,,FOOD_SERVICE,restaurants-and-food,fast-food,,,,,,,,,Ayyappa Society Colony,,,Hyderabad,Telangana,IN,17.4457784,78.3924176,exact_storefront,,osm,OpenStreetMap — India extract (Geofabrik),node/10171342023,https://www.openstreetmap.org/node/10171342023,ODbL-1.0,© OpenStreetMap contributors,53,45,0,LOCATABLE,unclaimed,unverified,directory_listing,True,True,True,True,2026-08-01 19:11:00.412400+05:30
osm:n1650424028,500081,500081,0.8,nearest_named_place,Hideout,Hideout,,FOOD_SERVICE,restaurants-and-food,restaurant,,,,,,,,,Madhapur,,,Hyderabad,Telangana,IN,17.4402073,78.3933547,exact_storefront,,osm,OpenStreetMap — India extract (Geofabrik),node/1650424028,https://www.openstreetmap.org/node/1650424028,ODbL-1.0,© OpenStreetMap contributors,53,45,0,LOCATABLE,unclaimed,unverified,directory_listing,True,True,True,True,2026-08-01 19:11:00.412400+05:30
osm:n660914316,500081,500081,0.8,nearest_named_place,Something Fishy,Something Fishy,,FOOD_SERVICE,restaurants-and-food,restaurant,,,,,,,,,CBI Colony,,,Hyderabad,Telangana,IN,17.4314951,78.3887075,exact_storefront,,osm,OpenStreetMap — India extract (Geofabrik),node/660914316,https://www.openstreetmap.org/node/660914316,ODbL-1.0,© OpenStreetMap contributors,53,45,0,LOCATABLE,unclaimed,unverified,directory_listing,True,True,True,True,2026-08-01 19:11:00.412400+05:30
osm:n7021303735,500081,500081,0.8,nearest_named_place,Naidu Gari Ruchulu,Naidu Gari Ruchulu,,FOOD_SERVICE,restaurants-and-food,restaurant,,,,,,,,,HITEC City,,,Hyderabad,Telangana,IN,17.4495149,78.3854475,exact_storefront,,osm,OpenStreetMap — India extract (Geofabrik),node/7021303735,https://www.openstreetmap.org/node/7021303735,ODbL-1.0,© OpenStreetMap contributors,53,45,0,LOCATABLE,unclaimed,unverified,directory_listing,True,True,True,True,2026-08-01 19:11:00.412400+05:30
osm:n7025820751,500081,500081,0.8,nearest_named_place,Kritunga Restaurant,Kritunga Restaurant,,FOOD_SERVICE,restaurants-and-food,restaurant,,,,,,,,,Madhapur,,,Hyderabad,Telangana,IN,17.4408428,78.3912368,exact_storefront,,osm,OpenStreetMap — India extract (Geofabrik),node/7025820751,https://www.openstreetmap.org/node/7025820751,ODbL-1.0,© OpenStreetMap contributors,53,45,0,LOCATABLE,unclaimed,unverified,directory_listing,True,True,True,True,2026-08-01 19:11:00.412400+05:30
osm:n7025820783,500081,500081,0.8,nearest_named_place,Desi Dhabha,Desi Dhabha,,FOOD_SERVICE,restaurants-and-food,restaurant,,,,,,,,,Ayyappa Society Colony,,,Hyderabad,Telangana,IN,17.4458496,78.3925347,exact_storefront,,osm,OpenStreetMap — India extract (Geofabrik),node/7025820783,https://www.openstreetmap.org/node/7025820783,ODbL-1.0,© OpenStreetMap contributors,53,45,0,LOCATABLE,unclaimed,unverified,directory_listing,True,True,True,True,2026-08-01 19:11:00.412400+05:30
osm:n7025820790,500081,500081,0.8,nearest_named_place,Daniel Food Court,Daniel Food Court,,FOOD_SERVICE,restaurants-and-food,food-court,,,,,,,,,Madhapur,,,Hyderabad,Telangana,IN,17.4446822,78.3924319,exact_storefront,,osm,OpenStreetMap — India extract (Geofabrik),node/7025820790,https://www.openstreetmap.org/node/7025820790,ODbL-1.0,© OpenStreetMap contributors,53,45,0,LOCATABLE,unclaimed,unverified,directory_listing,True,True,True,True,2026-08-01 19:11:00.412400+05:30
osm:n7025820810,500081,500081,0.8,nearest_named_place,Mustard,Mustard,,FOOD_SERVICE,restaurants-and-food,restaurant,,,,,,,,,Madhapur,,,Hyderabad,Telangana,IN,17.4369759,78.3891408,exact_storefront,,osm,OpenStreetMap — India extract (Geofabrik),node/7025820810,https://www.openstreetmap.org/node/7025820810,ODbL-1.0,© OpenStreetMap contributors,53,45,0,LOCATABLE,unclaimed,unverified,directory_listing,True,True,True,True,2026-08-01 19:11:00.412400+05:30
osm:n7025820883,500081,500081,0.8,nearest_named_place,Ghar Ka Khaana,Ghar Ka Khaana,,FOOD_SERVICE,restaurants-and-food,restaurant,,,,,,,,,Madhapur,,,Hyderabad,Telangana,IN,17.4404308,78.3923717,exact_storefront,,osm,OpenStreetMap — India extract (Geofabrik),node/7025820883,https://www.openstreetmap.org/node/7025820883,ODbL-1.0,© OpenStreetMap contributors,53,45,0,LOCATABLE,unclaimed,unverified,directory_listing,True,True,True,True,2026-08-01 19:11:00.412400+05:30
osm:n7025820902,500081,500081,0.8,nearest_named_place,Shree Santhosh Family Dhaba,Shree Santhosh Family Dhaba,,FOOD_SERVICE,restaurants-and-food,restaurant,,,,,,,,,Madhapur,,,Hyderabad,Telangana,IN,17.4416446,78.3906575,exact_storefront,,osm,OpenStreetMap — India extract (Geofabrik),node/7025820902,https://www.openstreetmap.org/node/7025820902,ODbL-1.0,© OpenStreetMap contributors,53,45,0,LOCATABLE,unclaimed,unverified,directory_listing,True,True,True,True,2026-08-01 19:11:00.412400+05:30
osm:n13988291743,500081,500081,0.8,nearest_named_place,IKEA Restaurant,IKEA Restaurant,,FOOD_SERVICE,restaurants-and-food,fast-food,,,,,,,,,Telecom Nagar,,,Hyderabad,Telangana,IN,17.4386648,78.3754005,exact_storefront,,osm,OpenStreetMap — India extract (Geofabrik),node/13988291743,https://www.openstreetmap.org/node/13988291743,ODbL-1.0,© OpenStreetMap contributors,53,45,97,LOCATABLE,unclaimed,unverified,directory_listing,True,True,True,True,2026-08-01 19:11:00.412400+05:30
osm:n6485323329,500081,500081,0.8,nearest_named_place,Lucky Restaurant,Lucky Restaurant,,FOOD_SERVICE,restaurants-and-food,restaurant,,,,,,,,,Madhapur,,,Hyderabad,Telangana,IN,17.4406202,78.3930877,exact_storefront,,osm,OpenStreetMap — India extract (Geofabrik),node/6485323329,https://www.openstreetmap.org/node/6485323329,ODbL-1.0,© OpenStreetMap contributors,53,45,0,LOCATABLE,unclaimed,unverified,directory_listing,True,True,True,True,2026-08-01 19:11:00.412400+05:30
osm:n6935609217,500081,500081,0.8,nearest_named_place,The sweet tooth,The sweet tooth,,FOOD_SERVICE,restaurants-and-food,restaurant,,,,,,,,,Ayyappa Society Colony,,,Hyderabad,Telangana,IN,17.4466519,78.3888618,exact_storefront,,osm,OpenStreetMap — India extract (Geofabrik),node/6935609217,https://www.openstreetmap.org/node/6935609217,ODbL-1.0,© OpenStreetMap contributors,53,45,0,LOCATABLE,unclaimed,unverified,directory_listing,True,True,True,True,2026-08-01 19:11:00.412400+05:30
osm:n7027716897,500081,500081,0.8,nearest_named_place,Tollywood Thick Shakes,Tollywood Thick Shakes,,FOOD_SERVICE,restaurants-and-food,restaurant,,,,,,,,,Ayyappa Society Colony,,,Hyderabad,Telangana,IN,17.4499292,78.3947616,exact_storefront,,osm,OpenStreetMap — India extract (Geofabrik),node/7027716897,https://www.openstreetmap.org/node/7027716897,ODbL-1.0,© OpenStreetMap contributors,53,45,0,LOCATABLE,unclaimed,unverified,directory_listing,True,True,True,True,2026-08-01 19:11:00.412400+05:30
osm:n7035236531,500081,500081,0.8,nearest_named_place,4 Seasons,4 Seasons,,FOOD_SERVICE,restaurants-and-food,restaurant,,,,,,,,,Madhapur,,,Hyderabad,Telangana,IN,17.4345566,78.3864346,exact_storefront,,osm,OpenStreetMap — India extract (Geofabrik),node/7035236531,https://www.openstreetmap.org/node/7035236531,ODbL-1.0,© OpenStreetMap contributors,53,45,0,LOCATABLE,unclaimed,unverified,directory_listing,True,True,True,True,2026-08-01 19:11:00.412400+05:30
osm:n708303182,500081,500081,0.8,nearest_named_place,Hi-Tech Bawarchi,Hi-Tech Bawarchi,,FOOD_SERVICE,restaurants-and-food,fast-food,,,,,,,,,Madhapur,,,Hyderabad,Telangana,IN,17.4410683,78.391636,exact_storefront,,osm,OpenStreetMap — India extract (Geofabrik),node/708303182,https://www.openstreetmap.org/node/708303182,ODbL-1.0,© OpenStreetMap contributors,53,45,0,LOCATABLE,unclaimed,unverified,directory_listing,True,True,True,True,2026-08-01 19:11:00.412400+05:30
osm:n7025820823,500081,500081,0.8,nearest_named_place,The London Shakes,The London Shakes,,FOOD_SERVICE,restaurants-and-food,restaurant,,,,,,,,,Ayyappa Society Colony,,,Hyderabad,Telangana,IN,17.4513469,78.3917665,exact_storefront,,osm,OpenStreetMap — India extract (Geofabrik),node/7025820823,https://www.openstreetmap.org/node/7025820823,ODbL-1.0,© OpenStreetMap contributors,53,45,0,LOCATABLE,unclaimed,unverified,directory_listing,True,True,True,True,2026-08-01 19:11:00.412400+05:30
osm:n9917006217,500081,500081,0.8,nearest_named_place,Hitech Bawarchi,Hitech Bawarchi,,FOOD_SERVICE,restaurants-and-food,restaurant,,,,,,,,,Madhapur,,,Hyderabad,Telangana,IN,17.4411978,78.3916463,exact_storefront,,osm,OpenStreetMap — India extract (Geofabrik),node/9917006217,https://www.openstreetmap.org/node/9917006217,ODbL-1.0,© OpenStreetMap contributors,53,45,0,LOCATABLE,unclaimed,unverified,directory_listing,True,True,True,True,2026-08-01 19:11:00.412400+05:30
osm:n10171342017,500081,500081,0.8,nearest_named_place,Raju Gari Biriyani,Raju Gari Biriyani,,FOOD_SERVICE,restaurants-and-food,restaurant,,,,,,,,,Ayyappa Society Colony,,,Hyderabad,Telangana,IN,17.4462141,78.3921748,exact_storefront,,osm,OpenStreetMap — India extract (Geofabrik),node/10171342017,https://www.openstreetmap.org/node/10171342017,ODbL-1.0,© OpenStreetMap contributors,53,45,0,LOCATABLE,unclaimed,unverified,directory_listing,True,True,True,True,2026-08-01 19:11:00.412400+05:30
osm:n1042232799,500081,500081,0.8,nearest_named_place,Big Dosa,Big Dosa,,FOOD_SERVICE,restaurants-and-food,restaurant,,,,,,,,,HITEC City,,,Hyderabad,Telangana,IN,17.4474117,78.3806242,exact_storefront,,osm,OpenStreetMap — India extract (Geofabrik),node/1042232799,https://www.openstreetmap.org/node/1042232799,ODbL-1.0,© OpenStreetMap contributors,53,45,0,LOCATABLE,unclaimed,unverified,directory_listing,True,True,True,True,2026-08-01 19:11:00.412400+05:30
osm:n13637629024,500081,500081,0.8,nearest_named_place,Ajay Fast Food,Ajay Fast Food,,FOOD_SERVICE,restaurants-and-food,fast-food,,,,,,,,,Ayyappa Society Colony,,,Hyderabad,Telangana,IN,17.4493963,78.3921835,exact_storefront,,osm,OpenStreetMap — India extract (Geofabrik),node/13637629024,https://www.openstreetmap.org/node/13637629024,ODbL-1.0,© OpenStreetMap contributors,53,45,87,LOCATABLE,unclaimed,unverified,directory_listing,True,True,True,True,2026-08-01 19:11:00.412400+05:30
osm:n2134523286,500081,500081,0.8,nearest_named_place,Udupi Vihar,Udupi Vihar,,FOOD_SERVICE,restaurants-and-food,restaurant,,,,,,,,,Madhapur,,,Hyderabad,Telangana,IN,17.4412938,78.3913136,exact_storefront,,osm,OpenStreetMap — India extract (Geofabrik),node/2134523286,https://www.openstreetmap.org/node/2134523286,ODbL-1.0,© OpenStreetMap contributors,53,45,0,LOCATABLE,unclaimed,unverified,directory_listing,True,True,True,True,2026-08-01 19:11:00.412400+05:30
osm:n349270034,500081,500081,0.8,nearest_named_place,Olive Garden,Olive Garden,,FOOD_SERVICE,restaurants-and-food,restaurant,,,,,,,,,Vittal Rao Nagar,,,Hyderabad,Telangana,IN,17.4450343,78.3859699,exact_storefront,,osm,OpenStreetMap — India extract (Geofabrik),node/349270034,https://www.openstreetmap.org/node/349270034,ODbL-1.0,© OpenStreetMap contributors,53,45,60,LOCATABLE,unclaimed,unverified,directory_listing,True,True,True,True,2026-08-01 19:11:00.412400+05:30
osm:n5515637842,500081,500081,0.8,nearest_named_place,Dunkin',Dunkin',,FOOD_SERVICE,restaurants-and-food,fast-food,,,,,,,,,Vittal Rao Nagar,,,Hyderabad,Telangana,IN,17.4412709,78.3813752,exact_storefront,,osm,OpenStreetMap — India extract (Geofabrik),node/5515637842,https://www.openstreetmap.org/node/5515637842,ODbL-1.0,© OpenStreetMap contributors,53,45,60,LOCATABLE,unclaimed,unverified,directory_listing,True,True,True,True,2026-08-01 19:11:00.412400+05:30
osm:n6352370685,500081,500081,0.8,nearest_named_place,Dostea Chai Café,Dostea Chai Café,,FOOD_SERVICE,restaurants-and-food,cafe,,,,,,,,,Madhapur,,,Hyderabad,Telangana,IN,17.4414944,78.3916686,exact_storefront,,osm,OpenStreetMap — India extract (Geofabrik),node/6352370685,https://www.openstreetmap.org/node/6352370685,ODbL-1.0,© OpenStreetMap contributors,53,45,0,LOCATABLE,unclaimed,unverified,directory_listing,True,True,True,True,2026-08-01 19:11:00.412400+05:30
osm:n6621607787,500081,500081,0.8,nearest_named_place,Taaza Kitchen,Taaza Kitchen,,FOOD_SERVICE,restaurants-and-food,fast-food,,,,,,,,,Ayyappa Society Colony,,,Hyderabad,Telangana,IN,17.4525736,78.3913595,exact_storefront,,osm,OpenStreetMap — India extract (Geofabrik),node/6621607787,https://www.openstreetmap.org/node/6621607787,ODbL-1.0,© OpenStreetMap contributors,53,45,2,LOCATABLE,unclaimed,unverified,directory_listing,True,True,True,True,2026-08-01 19:11:00.412400+05:30
osm:n7021303726,500081,500081,0.8,nearest_named_place,Chinatown,Chinatown,,FOOD_SERVICE,restaurants-and-food,restaurant,,,,,,,,,Vittal Rao Nagar,,,Hyderabad,Telangana,IN,17.4431428,78.3879241,exact_storefront,,osm,OpenStreetMap — India extract (Geofabrik),node/7021303726,https://www.openstreetmap.org/node/7021303726,ODbL-1.0,© OpenStreetMap contributors,53,45,0,LOCATABLE,unclaimed,unverified,directory_listing,True,True,True,True,2026-08-01 19:11:00.412400+05:30
osm:n7021303728,500081,500081,0.8,nearest_named_place,Hi-Tech Bawarchi,Hi-Tech Bawarchi,,FOOD_SERVICE,restaurants-and-food,restaurant,,,,,,,,,Vittal Rao Nagar,,,Hyderabad,Telangana,IN,17.4430468,78.3877611,exact_storefront,,osm,OpenStreetMap — India extract (Geofabrik),node/7021303728,https://www.openstreetmap.org/node/7021303728,ODbL-1.0,© OpenStreetMap contributors,53,45,0,LOCATABLE,unclaimed,unverified,directory_listing,True,True,True,True,2026-08-01 19:11:00.412400+05:30
osm:n7021303731,500081,500081,0.8,nearest_named_place,Sambal,Sambal,,FOOD_SERVICE,restaurants-and-food,restaurant,,,,,,,,,Madhapur,,,Hyderabad,Telangana,IN,17.4378342,78.3884652,exact_storefront,,osm,OpenStreetMap — India extract (Geofabrik),node/7021303731,https://www.openstreetmap.org/node/7021303731,ODbL-1.0,© OpenStreetMap contributors,53,45,0,LOCATABLE,unclaimed,unverified,directory_listing,True,True,True,True,2026-08-01 19:11:00.412400+05:30
osm:n7025820812,500081,500081,0.8,nearest_named_place,Amber,Amber,,FOOD_SERVICE,restaurants-and-food,restaurant,,,,,,,,,Madhapur,,,Hyderabad,Telangana,IN,17.4367769,78.3891418,exact_storefront,,osm,OpenStreetMap — India extract (Geofabrik),node/7025820812,https://www.openstreetmap.org/node/7025820812,ODbL-1.0,© OpenStreetMap contributors,53,45,0,LOCATABLE,unclaimed,unverified,directory_listing,True,True,True,True,2026-08-01 19:11:00.412400+05:30
osm:n7025820916,500081,500081,0.8,nearest_named_place,The Burrito Bowl,The Burrito Bowl,,FOOD_SERVICE,restaurants-and-food,restaurant,,,,,,,,,Madhapur,,,Hyderabad,Telangana,IN,17.4414119,78.3880408,exact_storefront,,osm,OpenStreetMap — India extract (Geofabrik),node/7025820916,https://www.openstreetmap.org/node/7025820916,ODbL-1.0,© OpenStreetMap contributors,53,45,0,LOCATABLE,unclaimed,unverified,directory_listing,True,True,True,True,2026-08-01 19:11:00.412400+05:30
osm:n9917000634,500081,500081,0.8,nearest_named_place,Ananya Food Court,Ananya Food Court,,FOOD_SERVICE,restaurants-and-food,fast-food,,,,,,,,,Ayyappa Society Colony,,,Hyderabad,Telangana,IN,17.4501371,78.3915731,exact_storefront,,osm,OpenStreetMap — India extract (Geofabrik),node/9917000634,https://www.openstreetmap.org/node/9917000634,ODbL-1.0,© OpenStreetMap contributors,53,45,0,LOCATABLE,unclaimed,unverified,directory_listing,True,True,True,True,2026-08-01 19:11:00.412400+05:30
osm:n5459525615,500081,500081,0.8,nearest_named_place,Kafe Tirupati,Kafe Tirupati,,FOOD_SERVICE,restaurants-and-food,restaurant,,,,,,,,,Madhapur,,,Hyderabad,Telangana,IN,17.441612,78.3914323,exact_storefront,,osm,OpenStreetMap — India extract (Geofabrik),node/5459525615,https://www.openstreetmap.org/node/5459525615,ODbL-1.0,© OpenStreetMap contributors,53,45,0,LOCATABLE,unclaimed,unverified,directory_listing,True,True,True,True,2026-08-01 19:11:00.412400+05:30
osm:n5467328880,500081,500081,0.8,nearest_named_place,Kalinga's Kitchen,Kalinga's Kitchen,,FOOD_SERVICE,restaurants-and-food,restaurant,,,,,,,,,Ayyappa Society Colony,,,Hyderabad,Telangana,IN,17.4469404,78.3917078,exact_storefront,,osm,OpenStreetMap — India extract (Geofabrik),node/5467328880,https://www.openstreetmap.org/node/5467328880,ODbL-1.0,© OpenStreetMap contributors,53,45,0,LOCATABLE,unclaimed,unverified,directory_listing,True,True,True,True,2026-08-01 19:11:00.412400+05:30
osm:n5957452586,500081,500081,0.8,nearest_named_place,Pan Shop,Pan Shop,,FOOD_SERVICE,restaurants-and-food,restaurant,,,,,,,,,Vittal Rao Nagar,,,Hyderabad,Telangana,IN,17.444902,78.3866088,exact_storefront,,osm,OpenStreetMap — India extract (Geofabrik),node/5957452586,https://www.openstreetmap.org/node/5957452586,ODbL-1.0,© OpenStreetMap contributors,53,45,0,LOCATABLE,unclaimed,unverified,directory_listing,True,True,True,True,2026-08-01 19:11:00.412400+05:30
osm:n6268103691,500081,500081,0.8,nearest_named_place,T-grill,T-grill,,FOOD_SERVICE,restaurants-and-food,restaurant,,,,,,,,,Kavuri Hills,,,Hyderabad,Telangana,IN,17.4425382,78.3961507,exact_storefront,,osm,OpenStreetMap — India extract (Geofabrik),node/6268103691,https://www.openstreetmap.org/node/6268103691,ODbL-1.0,© OpenStreetMap contributors,53,45,0,LOCATABLE,unclaimed,unverified,directory_listing,True,True,True,True,2026-08-01 19:11:00.412400+05:30
osm:n7025820773,500081,500081,0.8,nearest_named_place,Bake Factory Kitchens,Bake Factory Kitchens,,FOOD_SERVICE,restaurants-and-food,restaurant,,,,,,,,,Guttala Begumpet,,,Hyderabad,Telangana,IN,17.4462187,78.3988928,exact_storefront,,osm,OpenStreetMap — India extract (Geofabrik),node/7025820773,https://www.openstreetmap.org/node/7025820773,ODbL-1.0,© OpenStreetMap contributors,53,45,0,LOCATABLE,unclaimed,unverified,directory_listing,True,True,True,True,2026-08-01 19:11:00.412400+05:30
osm:n7025820793,500081,500081,0.8,nearest_named_place,Sree Uma Grand - Multicuisine Restaurant,Sree Uma Grand - Multicuisine Restaurant,,FOOD_SERVICE,restaurants-and-food,restaurant,,,,,,,,,Madhapur,,,Hyderabad,Telangana,IN,17.4427049,78.3930518,exact_storefront,,osm,OpenStreetMap — India extract (Geofabrik),node/7025820793,https://www.openstreetmap.org/node/7025820793,ODbL-1.0,© OpenStreetMap contributors,53,45,0,LOCATABLE,unclaimed,unverified,directory_listing,True,True,True,True,2026-08-01 19:11:00.412400+05:30
osm:n7025820813,500081,500081,0.8,nearest_named_place,Shake Stories,Shake Stories,,FOOD_SERVICE,restaurants-and-food,restaurant,,,,,,,,,Ayyappa Society Colony,,,Hyderabad,Telangana,IN,17.4475218,78.3944099,exact_storefront,,osm,OpenStreetMap — India extract (Geofabrik),node/7025820813,https://www.openstreetmap.org/node/7025820813,ODbL-1.0,© OpenStreetMap contributors,53,45,0,LOCATABLE,unclaimed,unverified,directory_listing,True,True,True,True,2026-08-01 19:11:00.412400+05:30
osm:n6200758685,500081,500081,0.8,nearest_named_place,Tonique,Tonique,,FOOD_SERVICE,restaurants-and-food,bar,,,,,,,,,Kavuri Hills,,,Hyderabad,Telangana,IN,17.4378077,78.4004742,exact_storefront,,osm,OpenStreetMap — India extract (Geofabrik),node/6200758685,https://www.openstreetmap.org/node/6200758685,ODbL-1.0,© OpenStreetMap contributors,53,45,0,LOCATABLE,unclaimed,unverified,directory_listing,True,True,True,True,2026-08-01 19:11:00.412400+05:30
osm:n7018856587,500081,500081,0.8,nearest_named_place,Hoppery,Hoppery,,FOOD_SERVICE,restaurants-and-food,bar,,,,,,,,,CBI Colony,,,Hyderabad,Telangana,IN,17.4297838,78.3926581,exact_storefront,,osm,OpenStreetMap — India extract (Geofabrik),node/7018856587,https://www.openstreetmap.org/node/7018856587,ODbL-1.0,© OpenStreetMap contributors,53,45,0,LOCATABLE,unclaimed,unverified,directory_listing,True,True,True,True,2026-08-01 19:11:00.412400+05:30
osm:n7035236530,500081,500081,0.8,nearest_named_place,Cream Stone,Cream Stone,,FOOD_SERVICE,restaurants-and-food,ice-cream,,,,,,,,,Madhapur,,,Hyderabad,Telangana,IN,17.4343724,78.3863769,exact_storefront,,osm,OpenStreetMap — India extract (Geofabrik),node/7035236530,https://www.openstreetmap.org/node/7035236530,ODbL-1.0,© OpenStreetMap contributors,53,45,0,LOCATABLE,unclaimed,unverified,directory_listing,True,True,True,True,2026-08-01 19:11:00.412400+05:30
osm:n5515637839,500081,500081,0.8,nearest_named_place,Melting pot,Melting pot,,FOOD_SERVICE,restaurants-and-food,restaurant,,,,,,,,,Vittal Rao Nagar,,,Hyderabad,Telangana,IN,17.4414144,78.3812898,exact_storefront,,osm,OpenStreetMap — India extract (Geofabrik),node/5515637839,https://www.openstreetmap.org/node/5515637839,ODbL-1.0,© OpenStreetMap contributors,53,45,0,LOCATABLE,unclaimed,unverified,directory_listing,True,True,True,True,2026-08-01 19:11:00.412400+05:30
osm:n10171328871,500081,500081,0.8,nearest_named_place,Cosa de Rosa,Cosa de Rosa,,FOOD_SERVICE,restaurants-and-food,cafe,,,,,,,,,Ayyappa Society Colony,,,Hyderabad,Telangana,IN,17.447691,78.3919352,exact_storefront,,osm,OpenStreetMap — India extract (Geofabrik),node/10171328871,https://www.openstreetmap.org/node/10171328871,ODbL-1.0,© OpenStreetMap contributors,53,45,0,LOCATABLE,unclaimed,unverified,directory_listing,True,True,True,True,2026-08-01 19:11:00.412400+05:30
osm:n1275490956,500081,500081,0.8,nearest_named_place,Cafe Coffee Day,Cafe Coffee Day,,FOOD_SERVICE,restaurants-and-food,cafe,,,,,,,,,Vittal Rao Nagar,,,Hyderabad,Telangana,IN,17.4460255,78.3861105,exact_storefront,,osm,OpenStreetMap — India extract (Geofabrik),node/1275490956,https://www.openstreetmap.org/node/1275490956,ODbL-1.0,© OpenStreetMap contributors,53,45,60,LOCATABLE,unclaimed,unverified,directory_listing,True,True,True,True,2026-08-01 19:11:00.412400+05:30
osm:n1271862360,500081,500081,0.8,nearest_named_place,Khana E Khaas,Khana E Khaas,,FOOD_SERVICE,restaurants-and-food,fast-food,,,,,,,,,Kavuri Hills,,,Hyderabad,Telangana,IN,17.4390971,78.3984902,exact_storefront,,osm,OpenStreetMap — India extract (Geofabrik),node/1271862360,https://www.openstreetmap.org/node/1271862360,ODbL-1.0,© OpenStreetMap contributors,53,45,0,LOCATABLE,unclaimed,unverified,directory_listing,True,True,True,True,2026-08-01 19:11:00.412400+05:30
osm:n5965559686,500081,500081,0.8,nearest_named_place,Aadi Raghavendra Udupi Veg,Aadi Raghavendra Udupi Veg,,FOOD_SERVICE,restaurants-and-food,restaurant,,,,,,,,,Vittal Rao Nagar,,,Hyderabad,Telangana,IN,17.4441489,78.3880973,exact_storefront,,osm,OpenStreetMap — India extract (Geofabrik),node/5965559686,https://www.openstreetmap.org/node/5965559686,ODbL-1.0,© OpenStreetMap contributors,53,45,0,LOCATABLE,unclaimed,unverified,directory_listing,True,True,True,True,2026-08-01 19:11:00.412400+05:30
osm:n6259475385,500081,500081,0.8,nearest_named_place,Annapurna Food court,Annapurna Food court,,FOOD_SERVICE,restaurants-and-food,fast-food,,,,,,,,,Ayyappa Society Colony,,,Hyderabad,Telangana,IN,17.4521526,78.391294,exact_storefront,,osm,OpenStreetMap — India extract (Geofabrik),node/6259475385,https://www.openstreetmap.org/node/6259475385,ODbL-1.0,© OpenStreetMap contributors,53,45,2,LOCATABLE,unclaimed,unverified,directory_listing,True,True,True,True,2026-08-01 19:11:00.412400+05:30
osm:n6261439688,500081,500081,0.8,nearest_named_place,Urban Vilage,Urban Vilage,,FOOD_SERVICE,restaurants-and-food,restaurant,,,,,,,,,HITEC City,,,Hyderabad,Telangana,IN,17.4522212,78.3852733,exact_storefront,,osm,OpenStreetMap — India extract (Geofabrik),node/6261439688,https://www.openstreetmap.org/node/6261439688,ODbL-1.0,© OpenStreetMap contributors,53,45,0,LOCATABLE,unclaimed,unverified,directory_listing,True,True,True,True,2026-08-01 19:11:00.412400+05:30
osm:n7021303727,500081,500081,0.8,nearest_named_place,Krazy Chef,Krazy Chef,,FOOD_SERVICE,restaurants-and-food,restaurant,,,,,,,,,Vittal Rao Nagar,,,Hyderabad,Telangana,IN,17.443142,78.3877529,exact_storefront,,osm,OpenStreetMap — India extract (Geofabrik),node/7021303727,https://www.openstreetmap.org/node/7021303727,ODbL-1.0,© OpenStreetMap contributors,53,45,0,LOCATABLE,unclaimed,unverified,directory_listing,True,True,True,True,2026-08-01 19:11:00.412400+05:30
osm:n7021303734,500081,500081,0.8,nearest_named_place,Ayathi Restaurant,Ayathi Restaurant,,FOOD_SERVICE,restaurants-and-food,restaurant,,,,,,,,,Vittal Rao Nagar,,,Hyderabad,Telangana,IN,17.4450565,78.3856161,exact_storefront,,osm,OpenStreetMap — India extract (Geofabrik),node/7021303734,https://www.openstreetmap.org/node/7021303734,ODbL-1.0,© OpenStreetMap contributors,53,45,0,LOCATABLE,unclaimed,unverified,directory_listing,True,True,True,True,2026-08-01 19:11:00.412400+05:30
osm:n7025820784,500081,500081,0.8,nearest_named_place,Golconda Chefs,Golconda Chefs,,FOOD_SERVICE,restaurants-and-food,restaurant,,,,,,,,,Ayyappa Society Colony,,,Hyderabad,Telangana,IN,17.4462385,78.3924715,exact_storefront,,osm,OpenStreetMap — India extract (Geofabrik),node/7025820784,https://www.openstreetmap.org/node/7025820784,ODbL-1.0,© OpenStreetMap contributors,53,45,0,LOCATABLE,unclaimed,unverified,directory_listing,True,True,True,True,2026-08-01 19:11:00.412400+05:30
osm:n7025820821,500081,500081,0.8,nearest_named_place,Super Lean Meals,Super Lean Meals,,FOOD_SERVICE,restaurants-and-food,restaurant,,,,,,,,,Ayyappa Society Colony,,,Hyderabad,Telangana,IN,17.4516412,78.3924843,exact_storefront,,osm,OpenStreetMap — India extract (Geofabrik),node/7025820821,https://www.openstreetmap.org/node/7025820821,ODbL-1.0,© OpenStreetMap contributors,53,45,0,LOCATABLE,unclaimed,unverified,directory_listing,True,True,True,True,2026-08-01 19:11:00.412400+05:30
osm:n7025820871,500081,500081,0.8,nearest_named_place,Thurum Khan Restaurant,Thurum Khan Restaurant,,FOOD_SERVICE,restaurants-and-food,restaurant,,,,,,,,,Madhapur,,,Hyderabad,Telangana,IN,17.4404015,78.3935559,exact_storefront,,osm,OpenStreetMap — India extract (Geofabrik),node/7025820871,https://www.openstreetmap.org/node/7025820871,ODbL-1.0,© OpenStreetMap contributors,53,45,0,LOCATABLE,unclaimed,unverified,directory_listing,True,True,True,True,2026-08-01 19:11:00.412400+05:30
osm:n7025820886,500081,500081,0.8,nearest_named_place,Madhapur Bawarchi,Madhapur Bawarchi,,FOOD_SERVICE,restaurants-and-food,restaurant,,,,,,,,,Madhapur,,,Hyderabad,Telangana,IN,17.4407157,78.3924993,exact_storefront,,osm,OpenStreetMap — India extract (Geofabrik),node/7025820886,https://www.openstreetmap.org/node/7025820886,ODbL-1.0,© OpenStreetMap contributors,53,45,0,LOCATABLE,unclaimed,unverified,directory_listing,True,True,True,True,2026-08-01 19:11:00.412400+05:30
osm:n7025820891,500081,500081,0.8,nearest_named_place,Oven Italia,Oven Italia,,FOOD_SERVICE,restaurants-and-food,restaurant,,,,,,,,,Madhapur,,,Hyderabad,Telangana,IN,17.4416678,78.3912208,exact_storefront,,osm,OpenStreetMap — India extract (Geofabrik),node/7025820891,https://www.openstreetmap.org/node/7025820891,ODbL-1.0,© OpenStreetMap contributors,53,45,0,LOCATABLE,unclaimed,unverified,directory_listing,True,True,True,True,2026-08-01 19:11:00.412400+05:30
osm:n7025820913,500081,500081,0.8,nearest_named_place,Lassi Bistro,Lassi Bistro,,FOOD_SERVICE,restaurants-and-food,restaurant,,,,,,,,,Madhapur,,,Hyderabad,Telangana,IN,17.4417109,78.3884808,exact_storefront,,osm,OpenStreetMap — India extract (Geofabrik),node/7025820913,https://www.openstreetmap.org/node/7025820913,ODbL-1.0,© OpenStreetMap contributors,53,45,0,LOCATABLE,unclaimed,unverified,directory_listing,True,True,True,True,2026-08-01 19:11:00.412400+05:30
osm:n7025820918,500081,500081,0.8,nearest_named_place,Tumba Bengali Food,Tumba Bengali Food,,FOOD_SERVICE,restaurants-and-food,restaurant,,,,,,,,,Vittal Rao Nagar,,,Hyderabad,Telangana,IN,17.4420469,78.3881578,exact_storefront,,osm,OpenStreetMap — India extract (Geofabrik),node/7025820918,https://www.openstreetmap.org/node/7025820918,ODbL-1.0,© OpenStreetMap contributors,53,45,0,LOCATABLE,unclaimed,unverified,directory_listing,True,True,True,True,2026-08-01 19:11:00.412400+05:30
osm:n1909499642,500081,500081,0.8,nearest_named_place,SpiceTribe,SpiceTribe,,FOOD_SERVICE,restaurants-and-food,restaurant,,,,,,,,,Kavuri Hills,,,Hyderabad,Telangana,IN,17.439117,78.3977184,exact_storefront,,osm,OpenStreetMap — India extract (Geofabrik),node/1909499642,https://www.openstreetmap.org/node/1909499642,ODbL-1.0,© OpenStreetMap contributors,53,45,0,LOCATABLE,unclaimed,unverified,directory_listing,True,True,True,True,2026-08-01 19:11:00.412400+05:30
osm:n5942734591,500081,500081,0.8,nearest_named_place,Minevera Coffee Shop,Minevera Coffee Shop,,FOOD_SERVICE,restaurants-and-food,cafe,,,,,,,,,Vittal Rao Nagar,,,Hyderabad,Telangana,IN,17.4461557,78.384665,exact_storefront,,osm,OpenStreetMap — India extract (Geofabrik),node/5942734591,https://www.openstreetmap.org/node/5942734591,ODbL-1.0,© OpenStreetMap contributors,53,45,0,LOCATABLE,unclaimed,unverified,directory_listing,True,True,True,True,2026-08-01 19:11:00.412400+05:30
osm:n6268240985,500081,500081,0.8,nearest_named_place,Brickwood,Brickwood,,FOOD_SERVICE,restaurants-and-food,fast-food,,,,,,,,,Madhapur,,,Hyderabad,Telangana,IN,17.4412498,78.3885797,exact_storefront,,osm,OpenStreetMap — India extract (Geofabrik),node/6268240985,https://www.openstreetmap.org/node/6268240985,ODbL-1.0,© OpenStreetMap contributors,53,45,0,LOCATABLE,unclaimed,unverified,directory_listing,True,True,True,True,2026-08-01 19:11:00.412400+05:30
osm:n6997870508,500081,500081,0.8,nearest_named_place,The Hoppery,The Hoppery,,FOOD_SERVICE,restaurants-and-food,restaurant,,,,,,,,,CBI Colony,,,Hyderabad,Telangana,IN,17.4300591,78.3911379,exact_storefront,,osm,OpenStreetMap — India extract (Geofabrik),node/6997870508,https://www.openstreetmap.org/node/6997870508,ODbL-1.0,© OpenStreetMap contributors,53,45,0,LOCATABLE,unclaimed,unverified,directory_listing,True,True,True,True,2026-08-01 19:11:00.412400+05:30
osm:n6191414038,500081,500081,0.8,nearest_named_place,Hot Chips,Hot Chips,,FOOD_SERVICE,restaurants-and-food,fast-food,,,,,,,,,Vittal Rao Nagar,,,Hyderabad,Telangana,IN,17.443883,78.3870128,exact_storefront,,osm,OpenStreetMap — India extract (Geofabrik),node/6191414038,https://www.openstreetmap.org/node/6191414038,ODbL-1.0,© OpenStreetMap contributors,53,45,0,LOCATABLE,unclaimed,unverified,directory_listing,True,True,True,True,2026-08-01 19:11:00.412400+05:30
osm:n5215853462,500081,500081,0.8,nearest_named_place,Naturals,Naturals,,FOOD_SERVICE,restaurants-and-food,ice-cream,,,,,,,,,Kavuri Hills,,,Hyderabad,Telangana,IN,17.438569,78.3992127,exact_storefront,,osm,OpenStreetMap — India extract (Geofabrik),node/5215853462,https://www.openstreetmap.org/node/5215853462,ODbL-1.0,© OpenStreetMap contributors,53,45,60,LOCATABLE,unclaimed,unverified,directory_listing,True,True,True,True,2026-08-01 19:11:00.412400+05:30
osm:n1275490936,500081,500081,0.8,nearest_named_place,Gingercourt,Gingercourt,,FOOD_SERVICE,restaurants-and-food,restaurant,,,,,,,,,Madhapur,,,Hyderabad,Telangana,IN,17.4404184,78.3935111,exact_storefront,,osm,OpenStreetMap — India extract (Geofabrik),node/1275490936,https://www.openstreetmap.org/node/1275490936,ODbL-1.0,© OpenStreetMap contributors,53,45,0,LOCATABLE,unclaimed,unverified,directory_listing,True,True,True,True,2026-08-01 19:11:00.412400+05:30
osm:n6268103690,500081,500081,0.8,nearest_named_place,Sounds and Sprites,Sounds and Sprites,,FOOD_SERVICE,restaurants-and-food,pub,,,,,,,,,Kavuri Hills,,,Hyderabad,Telangana,IN,17.4425942,78.3961412,exact_storefront,,osm,OpenStreetMap — India extract (Geofabrik),node/6268103690,https://www.openstreetmap.org/node/6268103690,ODbL-1.0,© OpenStreetMap contributors,53,45,0,LOCATABLE,unclaimed,unverified,directory_listing,True,True,True,True,2026-08-01 19:11:00.412400+05:30
osm:n6259475585,500081,500081,0.8,nearest_named_place,Palamuri Grill,Palamuri Grill,,FOOD_SERVICE,restaurants-and-food,restaurant,,,,,,,,,HITEC City,,,Hyderabad,Telangana,IN,17.4522477,78.3850331,exact_storefront,,osm,OpenStreetMap — India extract (Geofabrik),node/6259475585,https://www.openstreetmap.org/node/6259475585,ODbL-1.0,© OpenStreetMap contributors,53,45,0,LOCATABLE,unclaimed,unverified,directory_listing,True,True,True,True,2026-08-01 19:11:00.412400+05:30
osm:n14056421201,500081,500081,0.97,exact_source_pincode,Beauty studio salon & spa,Beauty studio salon & spa,,SERVICE_PROVIDER,salons-and-spas,spa,,+919849444806,mobile,,,https://share.google/s0tMNMTgmSzKQJqAu,"2nd floor opp to bajaj bike showroom, 100ft road ,towards hitech city, Next to reasonence collage, Plot no 823",,Ayyappa Society Colony,,Hyderabad,Hyderabad,Telangana,IN,17.4514635,78.394012,exact_storefront,,osm,OpenStreetMap — India extract (Geofabrik),node/14056421201,https://www.openstreetmap.org/node/14056421201,ODbL-1.0,© OpenStreetMap contributors,90,90,100,CONTACTABLE,unclaimed,unverified,directory_listing,True,True,True,True,2026-08-01 19:11:00.412400+05:30
osm:n7025820816,500081,500081,0.8,nearest_named_place,Dolphin Salon,Dolphin Salon,,SERVICE_PROVIDER,salons-and-spas,salon,,,,,,,,,Ayyappa Society Colony,,,Hyderabad,Telangana,IN,17.4484399,78.3927478,exact_storefront,,osm,OpenStreetMap — India extract (Geofabrik),node/7025820816,https://www.openstreetmap.org/node/7025820816,ODbL-1.0,© OpenStreetMap contributors,53,45,0,LOCATABLE,unclaimed,unverified,directory_listing,True,True,True,True,2026-08-01 19:11:00.412400+05:30
osm:n7025820908,500081,500081,0.8,nearest_named_place,Sanjana Hair Style,Sanjana Hair Style,,SERVICE_PROVIDER,salons-and-spas,salon,,,,,,,,,Madhapur,,,Hyderabad,Telangana,IN,17.442606,78.3893043,exact_storefront,,osm,OpenStreetMap — India extract (Geofabrik),node/7025820908,https://www.openstreetmap.org/node/7025820908,ODbL-1.0,© OpenStreetMap contributors,53,45,0,LOCATABLE,unclaimed,unverified,directory_listing,True,True,True,True,2026-08-01 19:11:00.412400+05:30
osm:w751542510,500081,500081,0.8,nearest_named_place,Green Gables International school,Green Gables International school,,INSTITUTION,schools,school,,,,,,,,,Ayyappa Society Colony,,,Hyderabad,Telangana,IN,17.4495243,78.3913996,building,,osm,OpenStreetMap — India extract (Geofabrik),way/751542510,https://www.openstreetmap.org/way/751542510,ODbL-1.0,© OpenStreetMap contributors,58,45,0,LOCATABLE,unclaimed,unverified,directory_listing,True,True,True,True,2026-08-01 19:11:00.412400+05:30
osm:w751542515,500081,500081,0.8,nearest_named_place,Bhavan's Atmakuri Rama Rao School,Bhavan's Atmakuri Rama Rao School,,INSTITUTION,schools,school,,,,,,,,,CBI Colony,,,Hyderabad,Telangana,IN,17.4331273,78.397084,building,,osm,OpenStreetMap — India extract (Geofabrik),way/751542515,https://www.openstreetmap.org/way/751542515,ODbL-1.0,© OpenStreetMap contributors,58,45,0,LOCATABLE,unclaimed,unverified,directory_listing,True,True,True,True,2026-08-01 19:11:00.412400+05:30
osm:w331214101,500081,500081,0.8,nearest_named_place,Swathi High School,Swathi High School,,INSTITUTION,schools,school,,,,,,,,,Madhapur,,,Hyderabad,Telangana,IN,17.4445388,78.3925691,building,,osm,OpenStreetMap — India extract (Geofabrik),way/331214101,https://www.openstreetmap.org/way/331214101,ODbL-1.0,© OpenStreetMap contributors,58,45,0,LOCATABLE,unclaimed,unverified,directory_listing,True,True,True,True,2026-08-01 19:11:00.412400+05:30
osm:w740792326,500081,500081,0.8,nearest_named_place,Global Edge School,Global Edge School,,INSTITUTION,schools,school,,,,,,,,,Ayyappa Society Colony,,,Hyderabad,Telangana,IN,17.4497759,78.3875618,building,,osm,OpenStreetMap — India extract (Geofabrik),way/740792326,https://www.openstreetmap.org/way/740792326,ODbL-1.0,© OpenStreetMap contributors,58,45,0,LOCATABLE,unclaimed,unverified,directory_listing,True,True,True,True,2026-08-01 19:11:00.412400+05:30
osm:w642221208,500081,500081,0.8,nearest_named_place,Iqbalia International school,Iqbalia International school,,INSTITUTION,schools,school,,,,,,,,,CBI Colony,,,Hyderabad,Telangana,IN,17.4345361,78.3988504,building,,osm,OpenStreetMap — India extract (Geofabrik),way/642221208,https://www.openstreetmap.org/way/642221208,ODbL-1.0,© OpenStreetMap contributors,58,45,0,LOCATABLE,unclaimed,unverified,directory_listing,True,True,True,True,2026-08-01 19:11:00.412400+05:30
osm:n827576336,500081,500081,0.8,nearest_named_place,Sharada High,Sharada High,,INSTITUTION,schools,school,,,,,,,,,Madhapur,,,Hyderabad,Telangana,IN,17.4412917,78.3914009,exact_storefront,,osm,OpenStreetMap — India extract (Geofabrik),node/827576336,https://www.openstreetmap.org/node/827576336,ODbL-1.0,© OpenStreetMap contributors,53,45,0,LOCATABLE,unclaimed,unverified,directory_listing,True,True,True,True,2026-08-01 19:11:00.412400+05:30
osm:n7021303623,500081,500081,0.8,nearest_named_place,Govt Mandala Praja Parishad Primary School,Govt Mandala Praja Parishad Primary School,,INSTITUTION,schools,school,,,,,,,,,Vittal Rao Nagar,,,Hyderabad,Telangana,IN,17.4416461,78.3879022,exact_storefront,,osm,OpenStreetMap — India extract (Geofabrik),node/7021303623,https://www.openstreetmap.org/node/7021303623,ODbL-1.0,© OpenStreetMap contributors,53,45,0,LOCATABLE,unclaimed,unverified,directory_listing,True,True,True,True,2026-08-01 19:11:00.412400+05:30
osm:n6935247722,500081,500081,0.8,nearest_named_place,Narayana Techno School,Narayana Techno School,,INSTITUTION,schools,school,,,,,,,,,Ayyappa Society Colony,,,Hyderabad,Telangana,IN,17.4496165,78.3871243,exact_storefront,,osm,OpenStreetMap — India extract (Geofabrik),node/6935247722,https://www.openstreetmap.org/node/6935247722,ODbL-1.0,© OpenStreetMap contributors,53,45,0,LOCATABLE,unclaimed,unverified,directory_listing,True,True,True,True,2026-08-01 19:11:00.412400+05:30
osm:n7025820804,500081,500081,0.8,nearest_named_place,Primavera PreSchool,Primavera PreSchool,,INSTITUTION,schools,kindergarten,,,,,,,,,Ayyappa Society Colony,,,Hyderabad,Telangana,IN,17.4468669,78.3934218,exact_storefront,,osm,OpenStreetMap — India extract (Geofabrik),node/7025820804,https://www.openstreetmap.org/node/7025820804,ODbL-1.0,© OpenStreetMap contributors,53,45,0,LOCATABLE,unclaimed,unverified,directory_listing,True,True,True,True,2026-08-01 19:11:00.412400+05:30
osm:n7021303720,500081,500081,0.8,nearest_named_place,EuroKids Pre-School Madhapur,EuroKids Pre-School Madhapur,,INSTITUTION,schools,kindergarten,,,,,,,,,Vittal Rao Nagar,,,Hyderabad,Telangana,IN,17.4470111,78.3869598,exact_storefront,,osm,OpenStreetMap — India extract (Geofabrik),node/7021303720,https://www.openstreetmap.org/node/7021303720,ODbL-1.0,© OpenStreetMap contributors,53,45,0,LOCATABLE,unclaimed,unverified,directory_listing,True,True,True,True,2026-08-01 19:11:00.412400+05:30
osm:n7025820779,500081,500081,0.8,nearest_named_place,Kenedy World School,Kenedy World School,,INSTITUTION,schools,school,,,,,,,,,Kavuri Hills,,,Hyderabad,Telangana,IN,17.4442725,78.397769,exact_storefront,,osm,OpenStreetMap — India extract (Geofabrik),node/7025820779,https://www.openstreetmap.org/node/7025820779,ODbL-1.0,© OpenStreetMap contributors,53,45,0,LOCATABLE,unclaimed,unverified,directory_listing,True,True,True,True,2026-08-01 19:11:00.412400+05:30
osm:n7021303719,500081,500081,0.8,nearest_named_place,Bachpan Play School,Bachpan Play School,,INSTITUTION,schools,kindergarten,,,,,,,,,Vittal Rao Nagar,,,Hyderabad,Telangana,IN,17.4430851,78.3859269,exact_storefront,,osm,OpenStreetMap — India extract (Geofabrik),node/7021303719,https://www.openstreetmap.org/node/7021303719,ODbL-1.0,© OpenStreetMap contributors,53,45,0,LOCATABLE,unclaimed,unverified,directory_listing,True,True,True,True,2026-08-01 19:11:00.412400+05:30
osm:n11959978287,500081,500081,0.8,nearest_named_place,Singadikunta,Singadikunta,,INSTITUTION,schools,childcare,,,,,,,,,CBI Colony,,,Hyderabad,Telangana,IN,17.4358065,78.3983949,exact_storefront,,osm,OpenStreetMap — India extract (Geofabrik),node/11959978287,https://www.openstreetmap.org/node/11959978287,ODbL-1.0,© OpenStreetMap contributors,53,45,28,LOCATABLE,unclaimed,unverified,directory_listing,True,True,True,True,2026-08-01 19:11:00.412400+05:30
osm:n7021303757,500081,500081,0.8,nearest_named_place,Happy Cubs Preschool,Happy Cubs Preschool,,INSTITUTION,schools,kindergarten,,,,,,,,,Madhapur,,,Hyderabad,Telangana,IN,17.4389174,78.3905617,exact_storefront,,osm,OpenStreetMap — India extract (Geofabrik),node/7021303757,https://www.openstreetmap.org/node/7021303757,ODbL-1.0,© OpenStreetMap contributors,53,45,0,LOCATABLE,unclaimed,unverified,directory_listing,True,True,True,True,2026-08-01 19:11:00.412400+05:30
osm:n7025820759,500081,500081,0.8,nearest_named_place,SR Digi School Jubilee Hills,SR Digi School Jubilee Hills,,INSTITUTION,schools,school,,,,,,,,,Kavuri Hills,,,Hyderabad,Telangana,IN,17.4393355,78.3949019,exact_storefront,,osm,OpenStreetMap — India extract (Geofabrik),node/7025820759,https://www.openstreetmap.org/node/7025820759,ODbL-1.0,© OpenStreetMap contributors,53,45,0,LOCATABLE,unclaimed,unverified,directory_listing,True,True,True,True,2026-08-01 19:11:00.412400+05:30
osm:n7021303756,500081,500081,0.8,nearest_named_place,KidsHub - Eager Kids Montessori,KidsHub - Eager Kids Montessori,,INSTITUTION,schools,kindergarten,,,,,,,,,Madhapur,,,Hyderabad,Telangana,IN,17.4431694,78.3903144,exact_storefront,,osm,OpenStreetMap — India extract (Geofabrik),node/7021303756,https://www.openstreetmap.org/node/7021303756,ODbL-1.0,© OpenStreetMap contributors,53,45,0,LOCATABLE,unclaimed,unverified,directory_listing,True,True,True,True,2026-08-01 19:11:00.412400+05:30
osm:n6935446192,500081,500081,0.8,nearest_named_place,Manthan international school.,Manthan international school.,,INSTITUTION,schools,school,,,,,,,,,Ayyappa Society Colony,,,Hyderabad,Telangana,IN,17.4481069,78.3922831,exact_storefront,,osm,OpenStreetMap — India extract (Geofabrik),node/6935446192,https://www.openstreetmap.org/node/6935446192,ODbL-1.0,© OpenStreetMap contributors,53,45,0,LOCATABLE,unclaimed,unverified,directory_listing,True,True,True,True,2026-08-01 19:11:00.412400+05:30
osm:n5537132616,500081,500081,0.8,nearest_named_place,Sharada School,Sharada School,,INSTITUTION,schools,school,,,,,,,,,Madhapur,,,Hyderabad,Telangana,IN,17.4416821,78.3917014,exact_storefront,,osm,OpenStreetMap — India extract (Geofabrik),node/5537132616,https://www.openstreetmap.org/node/5537132616,ODbL-1.0,© OpenStreetMap contributors,53,45,0,LOCATABLE,unclaimed,unverified,directory_listing,True,True,True,True,2026-08-01 19:11:00.412400+05:30
osm:n6935545369,500081,500081,0.8,nearest_named_place,Swectha - The Complete School,Swectha - The Complete School,,INSTITUTION,schools,school,,,,,,,,,Ayyappa Society Colony,,,Hyderabad,Telangana,IN,17.4497497,78.3920549,exact_storefront,,osm,OpenStreetMap — India extract (Geofabrik),node/6935545369,https://www.openstreetmap.org/node/6935545369,ODbL-1.0,© OpenStreetMap contributors,53,45,0,LOCATABLE,unclaimed,unverified,directory_listing,True,True,True,True,2026-08-01 19:11:00.412400+05:30
osm:n7021303614,500081,500081,0.8,nearest_named_place,ZPHS School,ZPHS School,,INSTITUTION,schools,school,,,,,,,,,Vittal Rao Nagar,,,Hyderabad,Telangana,IN,17.4409254,78.3869638,exact_storefront,,osm,OpenStreetMap — India extract (Geofabrik),node/7021303614,https://www.openstreetmap.org/node/7021303614,ODbL-1.0,© OpenStreetMap contributors,53,45,0,LOCATABLE,unclaimed,unverified,directory_listing,True,True,True,True,2026-08-01 19:11:00.412400+05:30
osm:n7025820830,500081,500081,0.8,nearest_named_place,Cremon - Montessori School,Cremon - Montessori School,,INSTITUTION,schools,kindergarten,,,,,,,,,Ayyappa Society Colony,,,Hyderabad,Telangana,IN,17.4484155,78.3906399,exact_storefront,,osm,OpenStreetMap — India extract (Geofabrik),node/7025820830,https://www.openstreetmap.org/node/7025820830,ODbL-1.0,© OpenStreetMap contributors,53,45,0,LOCATABLE,unclaimed,unverified,directory_listing,True,True,True,True,2026-08-01 19:11:00.412400+05:30
osm:n6935199725,500081,500081,0.8,nearest_named_place,Cgr International School,Cgr International School,,INSTITUTION,schools,school,,,,,,,,,Ayyappa Society Colony,,,Hyderabad,Telangana,IN,17.4485037,78.3916644,exact_storefront,,osm,OpenStreetMap — India extract (Geofabrik),node/6935199725,https://www.openstreetmap.org/node/6935199725,ODbL-1.0,© OpenStreetMap contributors,53,45,0,LOCATABLE,unclaimed,unverified,directory_listing,True,True,True,True,2026-08-01 19:11:00.412400+05:30
osm:n7025820805,500081,500081,0.8,nearest_named_place,"The Singing Bowl - Preschool, Daycare and Activity Centre","The Singing Bowl - Preschool, Daycare and Activity Centre",,INSTITUTION,schools,kindergarten,,,,,,,,,Ayyappa Society Colony,,,Hyderabad,Telangana,IN,17.4462302,78.3932402,exact_storefront,,osm,OpenStreetMap — India extract (Geofabrik),node/7025820805,https://www.openstreetmap.org/node/7025820805,ODbL-1.0,© OpenStreetMap contributors,53,45,0,LOCATABLE,unclaimed,unverified,directory_listing,True,True,True,True,2026-08-01 19:11:00.412400+05:30
osm:n7021303724,500081,500081,0.8,nearest_named_place,Rock Well International School Activity Block,Rock Well International School Activity Block,,INSTITUTION,schools,school,,,,,,,,,Kavuri Hills,,,Hyderabad,Telangana,IN,17.4379379,78.3986744,exact_storefront,,osm,OpenStreetMap — India extract (Geofabrik),node/7021303724,https://www.openstreetmap.org/node/7021303724,ODbL-1.0,© OpenStreetMap contributors,53,45,0,LOCATABLE,unclaimed,unverified,directory_listing,True,True,True,True,2026-08-01 19:11:00.412400+05:30
osm:n11969590663,500081,500081,0.8,nearest_named_place,Madhapur,Madhapur,,INSTITUTION,schools,childcare,,,,,,,,,CBI Colony,,,Hyderabad,Telangana,IN,17.4323065,78.3981954,exact_storefront,,osm,OpenStreetMap — India extract (Geofabrik),node/11969590663,https://www.openstreetmap.org/node/11969590663,ODbL-1.0,© OpenStreetMap contributors,53,45,29,LOCATABLE,unclaimed,unverified,directory_listing,True,True,True,True,2026-08-01 19:11:00.412400+05:30
osm:n7025820774,500081,500081,0.8,nearest_named_place,Sri Chaitanya school,Sri Chaitanya school,,INSTITUTION,schools,school,,,,,,,,,Guttala Begumpet,,,Hyderabad,Telangana,IN,17.4459249,78.3988488,exact_storefront,,osm,OpenStreetMap — India extract (Geofabrik),node/7025820774,https://www.openstreetmap.org/node/7025820774,ODbL-1.0,© OpenStreetMap contributors,53,45,0,LOCATABLE,unclaimed,unverified,directory_listing,True,True,True,True,2026-08-01 19:11:00.412400+05:30
osm:n7025820828,500081,500081,0.8,nearest_named_place,Ladies Tailoring,Ladies Tailoring,,SERVICE_PROVIDER,tailoring-and-boutiques,tailor,,,,,,,,,Ayyappa Society Colony,,,Hyderabad,Telangana,IN,17.4492939,78.3909745,exact_storefront,,osm,OpenStreetMap — India extract (Geofabrik),node/7025820828,https://www.openstreetmap.org/node/7025820828,ODbL-1.0,© OpenStreetMap contributors,53,45,0,LOCATABLE,unclaimed,unverified,directory_listing,True,True,True,True,2026-08-01 19:11:00.412400+05:30
osm:n7025820914,500081,500081,0.8,nearest_named_place,Kalpataru Tyres & Batteries,Kalpataru Tyres & Batteries,,RETAIL_STORE,tyre-and-battery-stores,tyre-store,,,,,,,,,Madhapur,,,Hyderabad,Telangana,IN,17.441649,78.3884657,exact_storefront,,osm,OpenStreetMap — India extract (Geofabrik),node/7025820914,https://www.openstreetmap.org/node/7025820914,ODbL-1.0,© OpenStreetMap contributors,53,45,0,LOCATABLE,unclaimed,unverified,directory_listing,True,True,True,True,2026-08-01 19:11:00.412400+05:30
osm:w814837648,500084,500084,0.97,exact_source_pincode,Venkataramana Motors,Venkataramana Motors,,RETAIL_STORE,automobile-services,car-dealer,,,,,,,"2-15&16/A, Sy No.34 Old Bombay Highway, Mall X Road, Kothaguda",,Whitefields,,Hyderabad,Hyderabad,Telangana,IN,17.4563305,78.3650779,building,,osm,OpenStreetMap — India extract (Geofabrik),way/814837648,https://www.openstreetmap.org/way/814837648,ODbL-1.0,© OpenStreetMap contributors,75,60,48,LOCATABLE,unclaimed,unverified,directory_listing,True,True,True,True,2026-08-01 19:11:00.412400+05:30
osm:n13906549930,500084,500084,0.97,exact_source_pincode,SK Spa,SK Spa,,SERVICE_PROVIDER,beauty-and-wellness,beauty-parlour,,+918977548387,mobile,,,https://s-k-spa.grexa.site,"rd floor, Sangeetha Landmark, above naturals, near Botanical Garden Road, Kondapur, Sri Ram Nagar, Gachibowli, Serilingampalle",,Sriram Nagar,,Hyderabad,Hyderabad,Telangana,IN,17.4600581,78.355312,exact_storefront,Mo-Su 10:00-21:00,osm,OpenStreetMap — India extract (Geofabrik),node/13906549930,https://www.openstreetmap.org/node/13906549930,ODbL-1.0,© OpenStreetMap contributors,90,100,95,CONTACTABLE,unclaimed,unverified,directory_listing,True,True,True,True,2026-08-01 19:11:00.412400+05:30
osm:n10704766694,500084,500084,0.97,exact_source_pincode,Zudio,Zudio,,RETAIL_STORE,clothing-stores,clothing-store,,,,,,https://www.zudio.com,"Sy no 61/AA, Plot no 1,2 &3 Shilpa park lane",,Raghavendra Colony,,Hyderabad,Hyderabad,Telangana,IN,17.4688477,78.3666587,exact_storefront,,osm,OpenStreetMap — India extract (Geofabrik),node/10704766694,https://www.openstreetmap.org/node/10704766694,ODbL-1.0,© OpenStreetMap contributors,90,70,60,LOCATABLE,unclaimed,unverified,directory_listing,True,True,True,True,2026-08-01 19:11:00.412400+05:30
osm:n2758080621,500084,500084,0.97,exact_source_pincode,Lakshmi Saree Centre,Lakshmi Saree Centre,,RETAIL_STORE,clothing-stores,clothing-store,,,,,,,"1-57/1 Masjid Banda Road, Kondapur",,Sriram Nagar,,Hyderabad,Hyderabad,Telangana,IN,17.4619022,78.3518222,exact_storefront,,osm,OpenStreetMap — India extract (Geofabrik),node/2758080621,https://www.openstreetmap.org/node/2758080621,ODbL-1.0,© OpenStreetMap contributors,70,60,0,LOCATABLE,unclaimed,unverified,directory_listing,True,True,True,True,2026-08-01 19:11:00.412400+05:30
osm:n7010429422,500084,500084,0.97,exact_source_pincode,Spar,Spar,,RETAIL_STORE,grocery-and-kirana,supermarket,,,,,,https://www.sparindia.com,Gachibowli - Miyapur Highway,,Kothaguda,,Hyderabad,Hyderabad,Telangana,IN,17.457546,78.3634002,exact_storefront,,osm,OpenStreetMap — India extract (Geofabrik),node/7010429422,https://www.openstreetmap.org/node/7010429422,ODbL-1.0,© OpenStreetMap contributors,75,70,0,LOCATABLE,unclaimed,unverified,directory_listing,True,True,True,True,2026-08-01 19:11:00.412400+05:30
osm:n1215204846,500084,500084,0.97,exact_source_pincode,Balaji Fresh,Balaji Fresh,,RETAIL_STORE,grocery-and-kirana,supermarket,,,,,,,Kondapur X Road,,jubilee gardens,,Hyderabad,Hyderabad,Telangana,IN,17.4641026,78.3666088,exact_storefront,,osm,OpenStreetMap — India extract (Geofabrik),node/1215204846,https://www.openstreetmap.org/node/1215204846,ODbL-1.0,© OpenStreetMap contributors,70,60,0,LOCATABLE,unclaimed,unverified,directory_listing,True,True,True,True,2026-08-01 19:11:00.412400+05:30
osm:n7625682287,500084,500084,0.97,exact_source_pincode,Srini Mart,Srini Mart,,RETAIL_STORE,grocery-and-kirana,supermarket,,,,,,,police colny road,,Raghavendra Colony,,Hyderabad,Hyderabad,Telangana,IN,17.4668648,78.3652422,exact_storefront,,osm,OpenStreetMap — India extract (Geofabrik),node/7625682287,https://www.openstreetmap.org/node/7625682287,ODbL-1.0,© OpenStreetMap contributors,70,60,0,LOCATABLE,unclaimed,unverified,directory_listing,True,True,True,True,2026-08-01 19:11:00.412400+05:30
osm:n7010429429,500084,500084,0.97,exact_source_pincode,UClean,UClean,,SERVICE_PROVIDER,home-services,laundry,,+919999759911,mobile,,,https://uclean.in/laundry-and-dry-cleaners-in-kothaguda-hyderabad-uc004,1-87 Kothaguda Junction,,Kothaguda,,,Hyderabad,Telangana,IN,17.4587439,78.3657189,exact_storefront,Mo-Su 09:00-21:00,osm,OpenStreetMap — India extract (Geofabrik),node/7010429429,https://www.openstreetmap.org/node/7010429429,ODbL-1.0,© OpenStreetMap contributors,90,100,0,CONTACTABLE,unclaimed,unverified,directory_listing,True,True,True,True,2026-08-01 19:11:00.412400+05:30
osm:n4679716389,500084,500084,0.97,exact_source_pincode,KIMS HOSPITAL,KIMS HOSPITAL,,SERVICE_PROVIDER,hospitals-and-clinics,hospital,,+914067505050,landline,,,https://www.kimshospitals.in,,,Raghavendra Colony,,,Hyderabad,Telangana,IN,17.466147,78.3677443,exact_storefront,,osm,OpenStreetMap — India extract (Geofabrik),node/4679716389,https://www.openstreetmap.org/node/4679716389,ODbL-1.0,© OpenStreetMap contributors,80,75,60,CONTACTABLE,unclaimed,unverified,directory_listing,True,True,True,True,2026-08-01 19:11:00.412400+05:30
osm:n6549198596,500084,500084,0.97,exact_source_pincode,REFRACTO EYE HOSPITAL (A GROUP OF CREDIBLE HEALTH CARE PVT LTD ),REFRACTO EYE HOSPITAL (A GROUP OF CREDIBLE HEALTH CARE PVT LTD ),,SERVICE_PROVIDER,hospitals-and-clinics,hospital,,,,,,,,,jubilee gardens,,Hyderabad,Hyderabad,Telangana,IN,17.4620023,78.3669068,exact_storefront,,osm,OpenStreetMap — India extract (Geofabrik),node/6549198596,https://www.openstreetmap.org/node/6549198596,ODbL-1.0,© OpenStreetMap contributors,75,45,60,LOCATABLE,unclaimed,unverified,directory_listing,True,True,True,True,2026-08-01 19:11:00.412400+05:30
osm:w200173462,500084,500084,0.97,exact_source_pincode,"Government Area Hospital, Kondapur","Government Area Hospital, Kondapur",,SERVICE_PROVIDER,hospitals-and-clinics,hospital,,,,,,,Sri Ram Nagar,,Sriram Nagar,,,Hyderabad,Telangana,IN,17.463295,78.3529266,building,,osm,OpenStreetMap — India extract (Geofabrik),way/200173462,https://www.openstreetmap.org/way/200173462,ODbL-1.0,© OpenStreetMap contributors,75,60,66,LOCATABLE,unclaimed,unverified,directory_listing,True,True,True,True,2026-08-01 19:11:00.412400+05:30
osm:n1215214084,500084,500084,0.97,exact_source_pincode,LEAF HOSPITAL,LEAF HOSPITAL,,SERVICE_PROVIDER,hospitals-and-clinics,hospital,,+914023119469,landline,,,,,,jubilee gardens,,Hyderabad,Hyderabad,Telangana,IN,17.4629614,78.3673949,exact_storefront,,osm,OpenStreetMap — India extract (Geofabrik),node/1215214084,https://www.openstreetmap.org/node/1215214084,ODbL-1.0,© OpenStreetMap contributors,75,65,60,CONTACTABLE,unclaimed,unverified,directory_listing,True,True,True,True,2026-08-01 19:11:00.412400+05:30
osm:n12588996736,500084,500084,0.97,exact_source_pincode,"Elite Aesthetics Skin, Hair Care Clinics, Kondapur","Elite Aesthetics Skin, Hair Care Clinics, Kondapur",,SERVICE_PROVIDER,hospitals-and-clinics,doctor,,,,,,,"185-C, 186-C Raghavendra Colony",,Raghavendra Colony,,Hyderabad,Hyderabad,Telangana,IN,17.4694791,78.3622432,exact_storefront,Mo-Su 09:00-19:00,osm,OpenStreetMap — India extract (Geofabrik),node/12588996736,https://www.openstreetmap.org/node/12588996736,ODbL-1.0,© OpenStreetMap contributors,70,70,51,LOCATABLE,unclaimed,unverified,directory_listing,True,True,True,True,2026-08-01 19:11:00.412400+05:30
osm:n6656722749,500084,500084,0.97,exact_source_pincode,"SubCentre, Harijan Basti (Urban)","SubCentre, Harijan Basti (Urban)",,SERVICE_PROVIDER,hospitals-and-clinics,health-centre,,,,,,,"Harjan Basthi, Balanagar",,Shastri Nagar,,,Hyderabad,Telangana,IN,17.456189,78.4505233,exact_storefront,,osm,OpenStreetMap — India extract (Geofabrik),node/6656722749,https://www.openstreetmap.org/node/6656722749,ODbL-1.0,© OpenStreetMap contributors,70,60,0,LOCATABLE,unclaimed,unverified,directory_listing,True,True,True,True,2026-08-01 19:11:00.412400+05:30
osm:n8751771666,500084,500084,0.97,exact_source_pincode,Health Valley Hospital,Health Valley Hospital,,SERVICE_PROVIDER,hospitals-and-clinics,hospital,,,,,,,,,jubilee gardens,,,Hyderabad,Telangana,IN,17.4644176,78.3682452,exact_storefront,,osm,OpenStreetMap — India extract (Geofabrik),node/8751771666,https://www.openstreetmap.org/node/8751771666,ODbL-1.0,© OpenStreetMap contributors,60,45,60,LOCATABLE,unclaimed,unverified,directory_listing,True,True,True,True,2026-08-01 19:11:00.412400+05:30
osm:w413247256,500084,500084,0.97,exact_source_pincode,Teja Men's PG & Hostel,Teja Men's PG & Hostel,,HOSPITALITY,hotels-and-accommodation,hostel,,+919703124147,mobile,,,,,,jubilee gardens,,Hyderabad,Hyderabad,Telangana,IN,17.4613378,78.3658436,building,,osm,OpenStreetMap — India extract (Geofabrik),way/413247256,https://www.openstreetmap.org/way/413247256,ODbL-1.0,© OpenStreetMap contributors,80,65,29,CONTACTABLE,unclaimed,unverified,directory_listing,True,True,True,True,2026-08-01 19:11:00.412400+05:30
osm:w1067895346,500084,500084,0.97,exact_source_pincode,UNIQUE HOMESTAYS,UNIQUE HOMESTAYS,,HOSPITALITY,hotels-and-accommodation,hotel,,,,,,,139 Gachibowli - Miyapur Highway,,jubilee gardens,,Hyderabad,Hyderabad,Telangana,IN,17.4625999,78.3679676,building,,osm,OpenStreetMap — India extract (Geofabrik),way/1067895346,https://www.openstreetmap.org/way/1067895346,ODbL-1.0,© OpenStreetMap contributors,75,60,75,LOCATABLE,unclaimed,unverified,directory_listing,True,True,True,True,2026-08-01 19:11:00.412400+05:30
osm:w186643391,500084,500084,0.97,exact_source_pincode,Lake View Homes,Lake View Homes,,HOSPITALITY,hotels-and-accommodation,guest-house,,,,,lakeviewhomes@gmail.com,,,,jubilee gardens,,Hyderabad,Hyderabad,Telangana,IN,17.4624109,78.3674794,building,,osm,OpenStreetMap — India extract (Geofabrik),way/186643391,https://www.openstreetmap.org/way/186643391,ODbL-1.0,© OpenStreetMap contributors,65,45,0,LOCATABLE,unclaimed,unverified,directory_listing,True,True,True,True,2026-08-01 19:11:00.412400+05:30
osm:n13823323010,500084,500084,0.97,exact_source_pincode,Tax Garden,Tax Garden,,SERVICE_PROVIDER,professional-services,tax-advisor,,+919849408801,mobile,,,https://taxgarden.in,CWS One Building Gachibowli - Miyapur Highway,,jubilee gardens,,Hyderabad,Hyderabad,Telangana,IN,17.4643598,78.3680197,exact_storefront,Mo-Su 10:00-22:00,osm,OpenStreetMap — India extract (Geofabrik),node/13823323010,https://www.openstreetmap.org/node/13823323010,ODbL-1.0,© OpenStreetMap contributors,90,100,93,CONTACTABLE,unclaimed,unverified,directory_listing,True,True,True,True,2026-08-01 19:20:48.106340+05:30
osm:n10786592724,500084,500084,0.97,exact_source_pincode,Euclid Innovations,Euclid Innovations,,SERVICE_PROVIDER,professional-services,company-office,,+914067886788,landline,,info@euclidinnovations.com,,650 SLN Terminus,,Studiorigin - Interior Designer in Hyderabad,,Hyderabad,Hyderabad,Telangana,IN,17.4523593,78.3628041,exact_storefront,Mo-Fr 09:00-18:00,osm,OpenStreetMap — India extract (Geofabrik),node/10786592724,https://www.openstreetmap.org/node/10786592724,ODbL-1.0,© OpenStreetMap contributors,85,90,0,CONTACTABLE,unclaimed,unverified,directory_listing,True,True,True,True,2026-08-01 19:11:00.412400+05:30
osm:n12972336035,500084,500084,0.97,exact_source_pincode,Vindago Innovations,Vindago Innovations,,SERVICE_PROVIDER,professional-services,company-office,,,,,,https://www.vindago.in,2a115 Hitec City - Kondapur Main Road,,jubilee gardens,,"Hyderabad, Telangana",Hyderabad,Telangana,IN,17.4580709,78.3683872,exact_storefront,,osm,OpenStreetMap — India extract (Geofabrik),node/12972336035,https://www.openstreetmap.org/node/12972336035,ODbL-1.0,© OpenStreetMap contributors,75,70,64,LOCATABLE,unclaimed,unverified,directory_listing,True,True,True,True,2026-08-01 19:11:00.412400+05:30
osm:n7967446220,500084,500084,0.97,exact_source_pincode,Skyroot Aerospace,Skyroot Aerospace,,SERVICE_PROVIDER,professional-services,company-office,,,,,info@skyroot.in,https://skyroot.in,Whitefields Road,,Whitefields,,Hyderabad,Hyderabad,Telangana,IN,17.4561986,78.3695539,exact_storefront,,osm,OpenStreetMap — India extract (Geofabrik),node/7967446220,https://www.openstreetmap.org/node/7967446220,ODbL-1.0,© OpenStreetMap contributors,75,70,0,LOCATABLE,unclaimed,unverified,directory_listing,True,True,True,True,2026-08-01 19:11:00.412400+05:30
osm:n4548771789,500084,500084,0.97,exact_source_pincode,HDFC Bank,HDFC Bank,,SERVICE_PROVIDER,professional-services,bank,,,,,,https://www.hdfcbank.com,Gouthami Enclave,,Gouthami Colony,,,Hyderabad,Telangana,IN,17.4644083,78.347471,exact_storefront,,osm,OpenStreetMap — India extract (Geofabrik),node/4548771789,https://www.openstreetmap.org/node/4548771789,ODbL-1.0,© OpenStreetMap contributors,75,70,66,LOCATABLE,unclaimed,unverified,directory_listing,True,True,True,True,2026-08-01 19:11:00.412400+05:30
osm:n7608684343,500084,500084,0.97,exact_source_pincode,Punjab National Bank,Punjab National Bank,,SERVICE_PROVIDER,professional-services,bank,,,,,,,police colny road,,Raghavendra Colony,,Hyderabad,Hyderabad,Telangana,IN,17.4646604,78.365388,exact_storefront,,osm,OpenStreetMap — India extract (Geofabrik),node/7608684343,https://www.openstreetmap.org/node/7608684343,ODbL-1.0,© OpenStreetMap contributors,70,60,0,LOCATABLE,unclaimed,unverified,directory_listing,True,True,True,True,2026-08-01 19:11:00.412400+05:30
osm:w356548235,500084,500084,0.97,exact_source_pincode,Heart Cup Coffee,Heart Cup Coffee,,FOOD_SERVICE,restaurants-and-food,restaurant,,,,,,,"B 7 & 8 Jubilee Garden, Behind TCS Building, E Park, Kothaguda, Land Mark Residency, Kothaguda",,jubilee gardens,,Hyderabad,Hyderabad,Telangana,IN,17.459708,78.3686024,building,10:00-24:00,osm,OpenStreetMap — India extract (Geofabrik),way/356548235,https://www.openstreetmap.org/way/356548235,ODbL-1.0,© OpenStreetMap contributors,75,70,0,LOCATABLE,unclaimed,unverified,directory_listing,True,True,True,True,2026-08-01 19:11:00.412400+05:30
osm:n4555556395,500084,500084,0.97,exact_source_pincode,Tiny Village,Tiny Village,,FOOD_SERVICE,restaurants-and-food,restaurant,,,,,,,Masjid Banda Road,,Gouthami Colony,,,Hyderabad,Telangana,IN,17.4638501,78.3472162,exact_storefront,,osm,OpenStreetMap — India extract (Geofabrik),node/4555556395,https://www.openstreetmap.org/node/4555556395,ODbL-1.0,© OpenStreetMap contributors,70,60,0,LOCATABLE,unclaimed,unverified,directory_listing,True,True,True,True,2026-08-01 19:11:00.412400+05:30
osm:n7608653251,500084,500084,0.97,exact_source_pincode,Ye Lo Chai,Ye Lo Chai,,FOOD_SERVICE,restaurants-and-food,cafe,,,,,,,police colny road,,Raghavendra Colony,,Hyderabad,Hyderabad,Telangana,IN,17.4646797,78.3653234,exact_storefront,,osm,OpenStreetMap — India extract (Geofabrik),node/7608653251,https://www.openstreetmap.org/node/7608653251,ODbL-1.0,© OpenStreetMap contributors,70,60,0,LOCATABLE,unclaimed,unverified,directory_listing,True,True,True,True,2026-08-01 19:11:00.412400+05:30
osm:n4548771589,500084,500084,0.97,exact_source_pincode,Swaadh Dine,Swaadh Dine,,FOOD_SERVICE,restaurants-and-food,restaurant,,,,,,,Masjid Banda Road,,Gouthami Colony,,,Hyderabad,Telangana,IN,17.4638004,78.3471872,exact_storefront,,osm,OpenStreetMap — India extract (Geofabrik),node/4548771589,https://www.openstreetmap.org/node/4548771589,ODbL-1.0,© OpenStreetMap contributors,70,60,0,LOCATABLE,unclaimed,unverified,directory_listing,True,True,True,True,2026-08-01 19:11:00.412400+05:30
osm:n7608583804,500084,500084,0.97,exact_source_pincode,Bezawada Bhojanam,Bezawada Bhojanam,,FOOD_SERVICE,restaurants-and-food,restaurant,,,,,,,police colny road,,Raghavendra Colony,,Hyderabad,Hyderabad,Telangana,IN,17.4648665,78.3652279,exact_storefront,,osm,OpenStreetMap — India extract (Geofabrik),node/7608583804,https://www.openstreetmap.org/node/7608583804,ODbL-1.0,© OpenStreetMap contributors,70,60,0,LOCATABLE,unclaimed,unverified,directory_listing,True,True,True,True,2026-08-01 19:11:00.412400+05:30
osm:n7608736502,500084,500084,0.97,exact_source_pincode,Bihari Mama Hotel,Bihari Mama Hotel,,FOOD_SERVICE,restaurants-and-food,restaurant,,,,,,,police colny road,,Raghavendra Colony,,Hyderabad,Hyderabad,Telangana,IN,17.4646284,78.3654699,exact_storefront,,osm,OpenStreetMap — India extract (Geofabrik),node/7608736502,https://www.openstreetmap.org/node/7608736502,ODbL-1.0,© OpenStreetMap contributors,70,60,0,LOCATABLE,unclaimed,unverified,directory_listing,True,True,True,True,2026-08-01 19:11:00.412400+05:30
osm:n12972335840,500084,500084,0.97,exact_source_pincode,Taara South Indian Kitchen,Taara South Indian Kitchen,,FOOD_SERVICE,restaurants-and-food,restaurant,,,,,,,Hitec City - Kondapur Main Road,,Kondapur,,Hyderabad,Hyderabad,Telangana,IN,17.4573947,78.3720037,exact_storefront,,osm,OpenStreetMap — India extract (Geofabrik),node/12972335840,https://www.openstreetmap.org/node/12972335840,ODbL-1.0,© OpenStreetMap contributors,70,60,64,LOCATABLE,unclaimed,unverified,directory_listing,True,True,True,True,2026-08-01 19:11:00.412400+05:30
osm:n7611073843,500084,500084,0.97,exact_source_pincode,Rasooi Ghar,Rasooi Ghar,,FOOD_SERVICE,restaurants-and-food,restaurant,,,,,,,Gachibowli - Miyapur Highway,,Kothaguda,,Hyderabad,Hyderabad,Telangana,IN,17.4580968,78.3645179,exact_storefront,,osm,OpenStreetMap — India extract (Geofabrik),node/7611073843,https://www.openstreetmap.org/node/7611073843,ODbL-1.0,© OpenStreetMap contributors,70,60,0,LOCATABLE,unclaimed,unverified,directory_listing,True,True,True,True,2026-08-01 19:11:00.412400+05:30
osm:n12972335839,500084,500084,0.97,exact_source_pincode,Creamstone,Creamstone,,FOOD_SERVICE,restaurants-and-food,ice-cream,,,,,,,Hitec City - Kondapur Main Road,,Kondapur,,Hyderabad,Hyderabad,Telangana,IN,17.4574939,78.3720312,exact_storefront,,osm,OpenStreetMap — India extract (Geofabrik),node/12972335839,https://www.openstreetmap.org/node/12972335839,ODbL-1.0,© OpenStreetMap contributors,70,60,64,LOCATABLE,unclaimed,unverified,directory_listing,True,True,True,True,2026-08-01 19:11:00.412400+05:30
osm:n11332747887,500084,500084,0.97,exact_source_pincode,Fruzos,Fruzos,,FOOD_SERVICE,restaurants-and-food,cafe,,,,,,,2 Green Hamlet Road,,Raghavendra Colony,,Hyderabad,Hyderabad,Telangana,IN,17.4696404,78.366851,exact_storefront,Mo-Su 10:00-22:00,osm,OpenStreetMap — India extract (Geofabrik),node/11332747887,https://www.openstreetmap.org/node/11332747887,ODbL-1.0,© OpenStreetMap contributors,70,70,9,LOCATABLE,unclaimed,unverified,directory_listing,True,True,True,True,2026-08-01 19:11:00.412400+05:30
osm:n6937779968,500084,500084,0.97,exact_source_pincode,Punjabi Tadka,Punjabi Tadka,,FOOD_SERVICE,restaurants-and-food,restaurant,,,,,,,,,jubilee gardens,,Hyderabad,Hyderabad,Telangana,IN,17.462468,78.365615,exact_storefront,,osm,OpenStreetMap — India extract (Geofabrik),node/6937779968,https://www.openstreetmap.org/node/6937779968,ODbL-1.0,© OpenStreetMap contributors,60,45,0,LOCATABLE,unclaimed,unverified,directory_listing,True,True,True,True,2026-08-01 19:11:00.412400+05:30
osm:n12972335836,500084,500084,0.97,exact_source_pincode,Swaraaj military hotel,Swaraaj military hotel,,FOOD_SERVICE,restaurants-and-food,restaurant,,,,,,,,,Kondapur,,Hyderabad,Hyderabad,Telangana,IN,17.4581003,78.3716247,exact_storefront,,osm,OpenStreetMap — India extract (Geofabrik),node/12972335836,https://www.openstreetmap.org/node/12972335836,ODbL-1.0,© OpenStreetMap contributors,60,45,65,LOCATABLE,unclaimed,unverified,directory_listing,True,True,True,True,2026-08-01 19:11:00.412400+05:30
osm:n7608502563,500084,500084,0.97,exact_source_pincode,Balaji Wines,Balaji Wines,,FOOD_SERVICE,restaurants-and-food,bar,,,,,,,,,jubilee gardens,,Hyderabad,Hyderabad,Telangana,IN,17.4638992,78.367005,exact_storefront,,osm,OpenStreetMap — India extract (Geofabrik),node/7608502563,https://www.openstreetmap.org/node/7608502563,ODbL-1.0,© OpenStreetMap contributors,60,45,0,LOCATABLE,unclaimed,unverified,directory_listing,True,True,True,True,2026-08-01 19:11:00.412400+05:30
osm:n12972335835,500084,500084,0.97,exact_source_pincode,Maryada Ramanna,Maryada Ramanna,,FOOD_SERVICE,restaurants-and-food,restaurant,,,,,,,,,Kondapur,,Hyderabad,Hyderabad,Telangana,IN,17.4581097,78.3715642,exact_storefront,,osm,OpenStreetMap — India extract (Geofabrik),node/12972335835,https://www.openstreetmap.org/node/12972335835,ODbL-1.0,© OpenStreetMap contributors,60,45,65,LOCATABLE,unclaimed,unverified,directory_listing,True,True,True,True,2026-08-01 19:11:00.412400+05:30
osm:n14058126301,500084,500084,0.97,exact_source_pincode,"Skyora Spa, Salon & Massage","Skyora Spa, Salon & Massage",,SERVICE_PROVIDER,salons-and-spas,spa,,+918885275999,mobile,,,https://www.skyoraspa.com,"skyora spa, 3rd floor tvrr majestic",,Sriram Nagar,,hyderabad,Hyderabad,Telangana,IN,17.4608083,78.3533572,exact_storefront,,osm,OpenStreetMap — India extract (Geofabrik),node/14058126301,https://www.openstreetmap.org/node/14058126301,ODbL-1.0,© OpenStreetMap contributors,90,90,100,CONTACTABLE,unclaimed,unverified,directory_listing,True,True,True,True,2026-08-01 19:11:00.412400+05:30
osm:n2090725114,500084,500084,0.97,exact_source_pincode,Chirec Public School,Chirec Public School,,INSTITUTION,schools,school,,,,,,,,,Sriram Nagar,,,Hyderabad,Telangana,IN,17.4624493,78.3517334,exact_storefront,,osm,OpenStreetMap — India extract (Geofabrik),node/2090725114,https://www.openstreetmap.org/node/2090725114,ODbL-1.0,© OpenStreetMap contributors,60,45,0,LOCATABLE,unclaimed,unverified,directory_listing,True,True,True,True,2026-08-01 19:11:00.412400+05:30
